id,title,pdf_url,doc_date,doc_type,country,project_id,web_url,source_url,content_type,md5,family_id,family_year,status
AF.document.061MCLAR.n0000,Enhancing resilience to climate change of the small agriculture in the Chilean region of O'Higgins — Project document,https://cdn.climatepolicyradar.org/navigator/CHL/2015/enhancing-resilience-to-climate-change-of-the-small-agriculture-in-the-chilean-region-of-o-higgins_871ab66bfb686260da221cb1cc80e9fe.pdf,2015-10-09T00:00:00Z,Project document,CHL,061MCLAR,https://climateprojectexplorer.org/document/enhancing-resilience-to-climate-change-of-the-small-agriculture-in-the-chilean-region-of-o-higgins_606e,https://fifspubprd.azureedge.net/afdocuments/project/56/56_CHILE%20_OPG%20ANNEX%204-1%20Project%20Document_Proposal_Clean%20Version_Final%20oct16th%202015.pdf,application/pdf,871ab66bfb686260da221cb1cc80e9fe,AF.family.061MCLAR.0,2015,out_of_scope_geo
AF.document.061MCLAR.n0001,Enhancing resilience to climate change of the small agriculture in the Chilean region of O'Higgins — Project concept,https://cdn.climatepolicyradar.org/navigator/CHL/2015/enhancing-resilience-to-climate-change-of-the-small-agriculture-in-the-chilean-region-of-o-higgins_ff15be1732558a245ab765b77dc92325.pdf,2015-10-09T00:00:00Z,Project concept,CHL,061MCLAR,https://climateprojectexplorer.org/document/enhancing-resilience-to-climate-change-of-the-small-agriculture-in-the-chilean-region-of-o-higgins_606e,https://fifspubprd.azureedge.net/afdocuments/project/56/56_CHILE%20_OPG%20ANNEX%204-1%20Project%20proposal%20-%20July%202014.pdf,application/pdf,ff15be1732558a245ab765b77dc92325,AF.family.061MCLAR.0,2015,out_of_scope_geo
AF.document.061MCLAR.n0002,Enhancing resilience to climate change of the small agriculture in the Chilean region of O'Higgins — Inception report,https://cdn.climatepolicyradar.org/navigator/CHL/2015/enhancing-resilience-to-climate-change-of-the-small-agriculture-in-the-chilean-region-of-o-higgins_3428c412f6a43cc1394b714fe747a02a.pdf,2015-10-09T00:00:00Z,Inception report,CHL,061MCLAR,https://climateprojectexplorer.org/document/enhancing-resilience-to-climate-change-of-the-small-agriculture-in-the-chilean-region-of-o-higgins_606e,https://fifspubprd.azureedge.net/afdocuments/project/56/56_Workshop%20report%20from%20AGCI.pdf,application/pdf,3428c412f6a43cc1394b714fe747a02a,AF.family.061MCLAR.0,2015,out_of_scope_geo
AF.document.061MCLAR.n0006,Enhancing resilience to climate change of the small agriculture in the Chilean region of O'Higgins — Mid-term evaluation report,https://cdn.climatepolicyradar.org/navigator/CHL/2015/enhancing-resilience-to-climate-change-of-the-small-agriculture-in-the-chilean-region-of-o-higgins_1e745be13deddf262d2214e405f6e432.pdf,2015-10-09T00:00:00Z,Mid-term evaluation,CHL,061MCLAR,https://climateprojectexplorer.org/document/enhancing-resilience-to-climate-change-of-the-small-agriculture-in-the-chilean-region-of-o-higgins_606e,https://fifspubprd.azureedge.net/afdocuments/project/56/56_Midterm%20Review.pdf,application/pdf,1e745be13deddf262d2214e405f6e432,AF.family.061MCLAR.0,2015,out_of_scope_geo
AF.document.061MCLAR.n0007,Enhancing resilience to climate change of the small agriculture in the Chilean region of O'Higgins — Final evaluation report,https://cdn.climatepolicyradar.org/navigator/CHL/2015/enhancing-resilience-to-climate-change-of-the-small-agriculture-in-the-chilean-region-of-o-higgins_08b88efc870565c85ca8903e10afc86c.pdf,2015-10-09T00:00:00Z,Final evaluation,CHL,061MCLAR,https://climateprojectexplorer.org/document/enhancing-resilience-to-climate-change-of-the-small-agriculture-in-the-chilean-region-of-o-higgins_606e,https://fifspubprd.azureedge.net/afdocuments/project/56/Report-%20Final%20Independent%20Evaluation_Chile.pdf,application/pdf,08b88efc870565c85ca8903e10afc86c,AF.family.061MCLAR.0,2015,out_of_scope_geo
AF.document.061MCLAR.n0008,Enhancing resilience to climate change of the small agriculture in the Chilean region of O'Higgins — Project completion report,https://cdn.climatepolicyradar.org/navigator/CHL/2015/enhancing-resilience-to-climate-change-of-the-small-agriculture-in-the-chilean-region-of-o-higgins_3f80b7f6268507c423f398259766d9e8.pdf,2015-10-09T00:00:00Z,Completion report,CHL,061MCLAR,https://climateprojectexplorer.org/document/enhancing-resilience-to-climate-change-of-the-small-agriculture-in-the-chilean-region-of-o-higgins_606e,https://fifspubprd.azureedge.net/afdocuments/project/56/2023-08-07%20Final%20Project%20Completion%20Report.pdf,application/pdf,3f80b7f6268507c423f398259766d9e8,AF.family.061MCLAR.0,2015,out_of_scope_geo
AF.document.053MCUCR.n0000,Reduction of Vulnerability to Coastal Flooding through Ecosystem-based Adaptation in the South of Artemisa and Mayabeque Provinces — Project document,https://cdn.climatepolicyradar.org/navigator/CUB/2012/reduction-of-vulnerability-to-coastal-flooding-through-ecosystem-based-adaptation-in-the-south-of-artemisa-and-mayabeque-provinces_df99d68caa066812dd4959b3268ddf34.pdf,2012-12-14T00:00:00Z,Project document,CUB,053MCUCR,https://climateprojectexplorer.org/document/reduction-of-vulnerability-to-coastal-flooding-through-ecosystem-based-adaptation-in-the-south-of-artemisa-and-mayabeque-provinces_d4e6,https://fifspubprd.azureedge.net/afdocuments/project/59/59_Resubmission_5090_Cuba%20AF_12Nov2012.pdf,application/pdf,df99d68caa066812dd4959b3268ddf34,AF.family.053MCUCR.0,2012,out_of_scope_geo
AF.document.053MCUCR.n0003,Reduction of Vulnerability to Coastal Flooding through Ecosystem-based Adaptation in the South of Artemisa and Mayabeque Provinces — Mid-term evaluation report,https://cdn.climatepolicyradar.org/navigator/CUB/2012/reduction-of-vulnerability-to-coastal-flooding-through-ecosystem-based-adaptation-in-the-south-of-artemisa-and-mayabeque-provinces_49a87147c5ff648d3e763a67dae5cdb8.pdf,2012-12-14T00:00:00Z,Mid-term evaluation,CUB,053MCUCR,https://climateprojectexplorer.org/document/reduction-of-vulnerability-to-coastal-flooding-through-ecosystem-based-adaptation-in-the-south-of-artemisa-and-mayabeque-provinces_d4e6,https://fifspubprd.azureedge.net/afdocuments/project/59/59_PIMS%205090%20Cuba%20AF%20Mangroves%20Midterm%20Evaluation%20Report%2018-01-2018.pdf,application/pdf,49a87147c5ff648d3e763a67dae5cdb8,AF.family.053MCUCR.0,2012,out_of_scope_geo
AF.document.053MCUCR.n0007,Reduction of Vulnerability to Coastal Flooding through Ecosystem-based Adaptation in the South of Artemisa and Mayabeque Provinces — Final evaluation report,https://cdn.climatepolicyradar.org/navigator/CUB/2012/reduction-of-vulnerability-to-coastal-flooding-through-ecosystem-based-adaptation-in-the-south-of-artemisa-and-mayabeque-provinces_9658d0d09b0371556d42c8413904c810.pdf,2012-12-14T00:00:00Z,Final evaluation,CUB,053MCUCR,https://climateprojectexplorer.org/document/reduction-of-vulnerability-to-coastal-flooding-through-ecosystem-based-adaptation-in-the-south-of-artemisa-and-mayabeque-provinces_d4e6,https://fifspubprd.azureedge.net/afdocuments/project/59/59_PIMS%205090%20Cuba%20AF%20TE%20Manglar%20Vivo%20-%20Final%20Evaluation%20Report%20_Sept%209%202020__.pdf,application/pdf,9658d0d09b0371556d42c8413904c810,AF.family.053MCUCR.0,2012,out_of_scope_geo
AF.document.017MERRR.n0000,"Climate Change Adaptation Programme In Water and Agriculture In Anseba Region, Eritrea — Project document",https://cdn.climatepolicyradar.org/navigator/ERI/2011/climate-change-adaptation-programme-in-water-and-agriculture-in-anseba-region-eritrea_79dd4235aed58a89cf7b9fc15b842749.pdf,2011-03-18T00:00:00Z,Project document,ERI,017MERRR,https://climateprojectexplorer.org/document/climate-change-adaptation-programme-in-water-and-agriculture-in-anseba-region-eritrea_797d,https://fifspubprd.azureedge.net/afdocuments/project/5/5_Final%20proposal.pdf,application/pdf,79dd4235aed58a89cf7b9fc15b842749,AF.family.017MERRR.0,2011,parked
AF.document.017MERRR.n0004,"Climate Change Adaptation Programme In Water and Agriculture In Anseba Region, Eritrea — Mid-term evaluation report",https://cdn.climatepolicyradar.org/navigator/ERI/2011/climate-change-adaptation-programme-in-water-and-agriculture-in-anseba-region-eritrea_5393252ca4fae3b6a26deb3be36e52d8.pdf,2011-03-18T00:00:00Z,Mid-term evaluation,ERI,017MERRR,https://climateprojectexplorer.org/document/climate-change-adaptation-programme-in-water-and-agriculture-in-anseba-region-eritrea_797d,https://fifspubprd.azureedge.net/afdocuments/project/5/5_Final%20AF%20Eritrea%20MTR.pdf,application/pdf,5393252ca4fae3b6a26deb3be36e52d8,AF.family.017MERRR.0,2011,kept
AF.document.017MERRR.n0006,"Climate Change Adaptation Programme In Water and Agriculture In Anseba Region, Eritrea — Final evaluation report",https://cdn.climatepolicyradar.org/navigator/ERI/2011/climate-change-adaptation-programme-in-water-and-agriculture-in-anseba-region-eritrea_799677fc5d3327fb75d3389097bb133d.pdf,2011-03-18T00:00:00Z,Final evaluation,ERI,017MERRR,https://climateprojectexplorer.org/document/climate-change-adaptation-programme-in-water-and-agriculture-in-anseba-region-eritrea_797d,https://fifspubprd.azureedge.net/afdocuments/project/5/5_2019%20Climate%20Change%20AF%20TE%20May%202019.pdf,application/pdf,799677fc5d3327fb75d3389097bb133d,AF.family.017MERRR.0,2011,kept
AF.document.010MMGAR.n0000,Promoting climate resilience in the rice sector through pilot investments in Alaotra-Mangoro region — Project document,https://cdn.climatepolicyradar.org/navigator/None,2011-12-14T00:00:00Z,Project document,MDG,010MMGAR,https://climateprojectexplorer.org/document/promoting-climate-resilience-in-the-rice-sector-through-pilot-investments-in-alaotra-mangoro-region_0c2a,https://fifspubprd.azureedge.net/afdocuments/project/10/10_Madagascar_AF_Riceoc_Oct_10_Final.pdf,NA,NA,AF.family.010MMGAR.0,2011,parked
AF.document.010MMGAR.n0003,Promoting climate resilience in the rice sector through pilot investments in Alaotra-Mangoro region — Final evaluation report,https://cdn.climatepolicyradar.org/navigator/MDG/2011/promoting-climate-resilience-in-the-rice-sector-through-pilot-investments-in-alaotra-mangoro-region_ff27ca7ed5ea046fc08e846895ebbf7b.pdf,2011-12-14T00:00:00Z,Final evaluation,MDG,010MMGAR,https://climateprojectexplorer.org/document/promoting-climate-resilience-in-the-rice-sector-through-pilot-investments-in-alaotra-mangoro-region_0c2a,https://fifspubprd.azureedge.net/afdocuments/project/10/10_2020_AFB_5060_1111_2G49_madagascar.pdf,application/pdf,ff27ca7ed5ea046fc08e846895ebbf7b,AF.family.010MMGAR.0,2011,kept
AF.document.048MUZAR.n0000,Developing climate resilience of farming communities in the drought prone parts of Uzbekistan — Project document,https://cdn.climatepolicyradar.org/navigator/UZB/2014/developing-climate-resilience-of-farming-communities-in-the-drought-prone-parts-of-uzbekistan_3f2080432eab5b76ceae42a4509982df.pdf,2014-02-10T00:00:00Z,Project document,UZB,048MUZAR,https://climateprojectexplorer.org/document/developing-climate-resilience-of-farming-communities-in-the-drought-prone-parts-of-uzbekistan_834e,https://fifspubprd.azureedge.net/afdocuments/project/50/50_Combined%20AF_Uzbekistan_5March2013.pdf,application/pdf,3f2080432eab5b76ceae42a4509982df,AF.family.048MUZAR.0,2014,out_of_scope_geo
AF.document.048MUZAR.n0008,Developing climate resilience of farming communities in the drought prone parts of Uzbekistan — Final evaluation report,https://cdn.climatepolicyradar.org/navigator/UZB/2014/developing-climate-resilience-of-farming-communities-in-the-drought-prone-parts-of-uzbekistan_cee47b9b0fb9d2d17466df138c9ba894.pdf,2014-02-10T00:00:00Z,Final evaluation,UZB,048MUZAR,https://climateprojectexplorer.org/document/developing-climate-resilience-of-farming-communities-in-the-drought-prone-parts-of-uzbekistan_834e,https://fifspubprd.azureedge.net/afdocuments/project/50/50_20211125%20UNDP%20Uzbekistan%20PIMS5002%20TE%20Aral_Final%20Report_rs106.pdf,application/pdf,cee47b9b0fb9d2d17466df138c9ba894,AF.family.048MUZAR.0,2014,out_of_scope_geo
AF.document.040MMRR.n0000,Addressing Climate Change Risks on Water Resources and Food Security in the Dry Zone of Myanmar — Project document,https://cdn.climatepolicyradar.org/navigator/MMR/2014/addressing-climate-change-risks-on-water-resources-and-food-security-in-the-dry-zone-of-myanmar_ea994de79eba79fa79b2d796f31efee9.pdf,2014-02-27T00:00:00Z,Project document,MMR,040MMRR,https://climateprojectexplorer.org/document/addressing-climate-change-risks-on-water-resources-and-food-security-in-the-dry-zone-of-myanmar_554e,https://fifspubprd.azureedge.net/afdocuments/project/40/40_RESUBMISSION_AF_Myanmar%20-%20Full%20proposal_7Nov2012.pdf,application/pdf,ea994de79eba79fa79b2d796f31efee9,AF.family.040MMRR.0,2014,out_of_scope_geo
AF.document.040MMRR.n0004,Addressing Climate Change Risks on Water Resources and Food Security in the Dry Zone of Myanmar — Inception report,https://cdn.climatepolicyradar.org/navigator/MMR/2014/addressing-climate-change-risks-on-water-resources-and-food-security-in-the-dry-zone-of-myanmar_461c393f3161b93471b86863787a1a83.pdf,2014-02-27T00:00:00Z,Inception report,MMR,040MMRR,https://climateprojectexplorer.org/document/addressing-climate-change-risks-on-water-resources-and-food-security-in-the-dry-zone-of-myanmar_554e,https://fifspubprd.azureedge.net/afdocuments/project/40/40_4703_AF_Myanmar_Inception%20Report.AF%20Project.final%20draft.pdf,application/pdf,461c393f3161b93471b86863787a1a83,AF.family.040MMRR.0,2014,out_of_scope_geo
AF.document.040MMRR.n0006,Addressing Climate Change Risks on Water Resources and Food Security in the Dry Zone of Myanmar — Project completion report,https://cdn.climatepolicyradar.org/navigator/MMR/2014/addressing-climate-change-risks-on-water-resources-and-food-security-in-the-dry-zone-of-myanmar_28516161d26199ec79b3400a6453f80f.pdf,2014-02-27T00:00:00Z,Completion report,MMR,040MMRR,https://climateprojectexplorer.org/document/addressing-climate-change-risks-on-water-resources-and-food-security-in-the-dry-zone-of-myanmar_554e,https://fifspubprd.azureedge.net/afdocuments/project/40/40_Project-Completion-Summary_Final.pdf,application/pdf,28516161d26199ec79b3400a6453f80f,AF.family.040MMRR.0,2014,out_of_scope_geo
AF.document.040MMRR.n0007,Addressing Climate Change Risks on Water Resources and Food Security in the Dry Zone of Myanmar — Mid-term evaluation report,https://cdn.climatepolicyradar.org/navigator/MMR/2014/addressing-climate-change-risks-on-water-resources-and-food-security-in-the-dry-zone-of-myanmar_78a123e64ebcf563c87a43267bffe727.pdf,2014-02-27T00:00:00Z,Mid-term evaluation,MMR,040MMRR,https://climateprojectexplorer.org/document/addressing-climate-change-risks-on-water-resources-and-food-security-in-the-dry-zone-of-myanmar_554e,https://fifspubprd.azureedge.net/afdocuments/project/40/40_MTE%20final%20report%20January%2029%202018.final.pdf,application/pdf,78a123e64ebcf563c87a43267bffe727,AF.family.040MMRR.0,2014,out_of_scope_geo
AF.document.040MMRR.n0008,Addressing Climate Change Risks on Water Resources and Food Security in the Dry Zone of Myanmar — Final evaluation report,https://cdn.climatepolicyradar.org/navigator/MMR/2014/addressing-climate-change-risks-on-water-resources-and-food-security-in-the-dry-zone-of-myanmar_de91592855993497ea195b2afe1cb1fa.pdf,2014-02-27T00:00:00Z,Final evaluation,MMR,040MMRR,https://climateprojectexplorer.org/document/addressing-climate-change-risks-on-water-resources-and-food-security-in-the-dry-zone-of-myanmar_554e,https://fifspubprd.azureedge.net/afdocuments/project/40/40_AF%20Project%20Terminal%20Evaluation%20Report-Final%20_signed%20off.pdf,application/pdf,de91592855993497ea195b2afe1cb1fa,AF.family.040MMRR.0,2014,out_of_scope_geo
AF.document.007NSNCR.n0000,Adaptation to Coastal Erosion in Vulnerable Areas — Project document,https://cdn.climatepolicyradar.org/navigator/SEN/2010/adaptation-to-coastal-erosion-in-vulnerable-areas_891e7dcc5410776d05c93359de00ad2c.pdf,2010-09-17T00:00:00Z,Project document,SEN,007NSNCR,https://climateprojectexplorer.org/document/adaptation-to-coastal-erosion-in-vulnerable-areas_b002,https://fifspubprd.azureedge.net/afdocuments/project/20/20_ADAPT_FUND%20SENEGAL_proposal.pdf,application/pdf,891e7dcc5410776d05c93359de00ad2c,AF.family.007NSNCR.0,2010,parked
AF.document.007NSNCR.n0001,Adaptation to Coastal Erosion in Vulnerable Areas — Mid-term evaluation report,https://cdn.climatepolicyradar.org/navigator/SEN/2010/adaptation-to-coastal-erosion-in-vulnerable-areas_3dd7039fb1dbe043fff552e11a35a97f.pdf,2010-09-17T00:00:00Z,Mid-term evaluation,SEN,007NSNCR,https://climateprojectexplorer.org/document/adaptation-to-coastal-erosion-in-vulnerable-areas_b002,https://fifspubprd.azureedge.net/afdocuments/project/20/20_Rapport_EMP-nov%202012_final_French.pdf,application/pdf,3dd7039fb1dbe043fff552e11a35a97f,AF.family.007NSNCR.0,2010,kept
AF.document.007NSNCR.n0002,Adaptation to Coastal Erosion in Vulnerable Areas — Final evaluation report,https://cdn.climatepolicyradar.org/navigator/SEN/2010/adaptation-to-coastal-erosion-in-vulnerable-areas_ee2eaa9d5fc9c47a218b6d54f322f0dd.pdf,2010-09-17T00:00:00Z,Final evaluation,SEN,007NSNCR,https://climateprojectexplorer.org/document/adaptation-to-coastal-erosion-in-vulnerable-areas_b002,https://fifspubprd.azureedge.net/afdocuments/project/20/20_AF%20Project%20Senegal_Final%20Evaluation%20Report_with%20Annexes_C4ES_14%20August%202015.pdf,application/pdf,ee2eaa9d5fc9c47a218b6d54f322f0dd,AF.family.007NSNCR.0,2010,kept
AF.document.007NSNCR.n0003,Adaptation to Coastal Erosion in Vulnerable Areas — Project performance report 1,https://cdn.climatepolicyradar.org/navigator/SEN/2010/adaptation-to-coastal-erosion-in-vulnerable-areas_f56941594132917e4987e8ddf536e297.pdf,2010-09-17T00:00:00Z,Performance report,SEN,007NSNCR,https://climateprojectexplorer.org/document/adaptation-to-coastal-erosion-in-vulnerable-areas_b002,https://fifspubprd.azureedge.net/afdocuments/project/20/20_Half%20yearly%20report%20September%202011.pdf,application/pdf,f56941594132917e4987e8ddf536e297,AF.family.007NSNCR.0,2010,parked_progress
AF.document.039MCODR.n0008,Reducing Risk and Vulnerability to Climate Change in the Region of La Depresion Momposina in Colombia — Final evaluation report,https://cdn.climatepolicyradar.org/navigator/COL/2012/reducing-risk-and-vulnerability-to-climate-change-in-the-region-of-la-depresion-momposina-in-colombia_2716d02aeb64257748a5535f269d4aee.pdf,2012-06-29T00:00:00Z,Final evaluation,COL,039MCODR,https://climateprojectexplorer.org/document/reducing-risk-and-vulnerability-to-climate-change-in-the-region-of-la-depresion-momposina-in-colombia_c204,https://fifspubprd.azureedge.net/afdocuments/project/57/57_4805%20Report%20Final%20%20Eval_Kyoto_Eng_final.pdf,application/pdf,2716d02aeb64257748a5535f269d4aee,AF.family.039MCODR.0,2012,out_of_scope_geo
AF.document.039MCODR.n0009,Reducing Risk and Vulnerability to Climate Change in the Region of La Depresion Momposina in Colombia — Project completion report,https://cdn.climatepolicyradar.org/navigator/COL/2012/reducing-risk-and-vulnerability-to-climate-change-in-the-region-of-la-depresion-momposina-in-colombia_90d63cd81f07af7a13c7145b5223cb08.pdf,2012-06-29T00:00:00Z,Completion report,COL,039MCODR,https://climateprojectexplorer.org/document/reducing-risk-and-vulnerability-to-climate-change-in-the-region-of-la-depresion-momposina-in-colombia_c204,https://fifspubprd.azureedge.net/afdocuments/project/57/57_Colombia%20AF%20-%20Programme%20Completion%20Report%20-%20ingles%20-%2006082020.pdf,application/pdf,90d63cd81f07af7a13c7145b5223cb08,AF.family.039MCODR.0,2012,out_of_scope_geo
AF.document.039MCODR.n0000,Reducing Risk and Vulnerability to Climate Change in the Region of La Depresion Momposina in Colombia — Project document,https://cdn.climatepolicyradar.org/navigator/COL/2012/reducing-risk-and-vulnerability-to-climate-change-in-the-region-of-la-depresion-momposina-in-colombia_b8c1faa998497908008dc4518cd6efea.pdf,2012-06-29T00:00:00Z,Project document,COL,039MCODR,https://climateprojectexplorer.org/document/reducing-risk-and-vulnerability-to-climate-change-in-the-region-of-la-depresion-momposina-in-colombia_c204,https://fifspubprd.azureedge.net/afdocuments/project/57/57_RESUBMISSION_PIMS%204805%20Colombia%20AF%20Full%20Proposal%2022May2012_no_highlight.pdf,application/pdf,b8c1faa998497908008dc4518cd6efea,AF.family.039MCODR.0,2012,out_of_scope_geo
AF.document.020MCKDR.n0000,Akamatutu’anga i te iti tangata no te tuatau manakokore ia e te taui’anga reva - Strengthening the Resilience of our Islands and our Communities to Climate Change — Project concept,https://cdn.climatepolicyradar.org/navigator/COK/2011/akamatutuanga-i-te-iti-tangata-no-te-tuatau-manakokore-ia-e-te-tauianga-reva-strengthening-the-resilience-of-our-islands-and-our-communities-to-climate-change_c4c7db6f3cb311f589da93c4d2dc6b02.pdf,2011-12-14T00:00:00Z,Project concept,COK,020MCKDR,https://climateprojectexplorer.org/document/akamatutuanga-i-te-iti-tangata-no-te-tuatau-manakokore-ia-e-te-tauianga-reva-strengthening-the-resilience-of-our-islands-and-our-communities-to-climate-change_c245,https://fifspubprd.azureedge.net/afdocuments/project/26/26_AF%20Cook%20Islands%20Concept-24OCT.pdf,application/pdf,c4c7db6f3cb311f589da93c4d2dc6b02,AF.family.020MCKDR.0,2011,out_of_scope_geo
AF.document.020MCKDR.n0007,Akamatutu’anga i te iti tangata no te tuatau manakokore ia e te taui’anga reva - Strengthening the Resilience of our Islands and our Communities to Climate Change — Final evaluation report,https://cdn.climatepolicyradar.org/navigator/COK/2011/akamatutuanga-i-te-iti-tangata-no-te-tuatau-manakokore-ia-e-te-tauianga-reva-strengthening-the-resilience-of-our-islands-and-our-communities-to-climate-change_8d2fe95cce16354a332cd202fafc8956.pdf,2011-12-14T00:00:00Z,Final evaluation,COK,020MCKDR,https://climateprojectexplorer.org/document/akamatutuanga-i-te-iti-tangata-no-te-tuatau-manakokore-ia-e-te-tauianga-reva-strengthening-the-resilience-of-our-islands-and-our-communities-to-climate-change_c245,https://fifspubprd.azureedge.net/afdocuments/project/26/26_Final%20Adaptation%20Fund%20End%20of%20SRICCC%20Project%20Report%202018.pdf,application/pdf,8d2fe95cce16354a332cd202fafc8956,AF.family.020MCKDR.0,2011,out_of_scope_geo
AF.document.020MCKDR.n0001,Akamatutu’anga i te iti tangata no te tuatau manakokore ia e te taui’anga reva - Strengthening the Resilience of our Islands and our Communities to Climate Change — Project document,https://cdn.climatepolicyradar.org/navigator/COK/2011/akamatutuanga-i-te-iti-tangata-no-te-tuatau-manakokore-ia-e-te-tauianga-reva-strengthening-the-resilience-of-our-islands-and-our-communities-to-climate-change_e5c3ee6600d4e22a75359fa56aaee1dc.pdf,2011-12-14T00:00:00Z,Project document,COK,020MCKDR,https://climateprojectexplorer.org/document/akamatutuanga-i-te-iti-tangata-no-te-tuatau-manakokore-ia-e-te-tauianga-reva-strengthening-the-resilience-of-our-islands-and-our-communities-to-climate-change_c245,https://fifspubprd.azureedge.net/afdocuments/project/26/26_RESUBMISSION_CI_AF_Revised_Proposal_10Oct2011_clean.pdf,application/pdf,e5c3ee6600d4e22a75359fa56aaee1dc,AF.family.020MCKDR.0,2011,out_of_scope_geo
AF.document.AF00000110.n0000,Climate Smart Integrated Rural Development Project — Project document,https://cdn.climatepolicyradar.org/navigator/ETH/2017/climate-smart-integrated-rural-development-project_de5b6a693d87579b98ecbe52eb89bb59.pdf,2017-03-17T00:00:00Z,Project document,ETH,AF00000110,https://climateprojectexplorer.org/document/climate-smart-integrated-rural-development-project_e3bf,https://fifspubprd.azureedge.net/afdocuments/project/5169/5169_Ethiopia%20%20%20OPG-ANNEX-4-1-Project-proposal_MoFEC-March%207.pdf,application/pdf,de5b6a693d87579b98ecbe52eb89bb59,AF.family.AF00000110.0,2017,parked
AF.document.AF00000110.n0001,Climate Smart Integrated Rural Development Project — Inception report,https://cdn.climatepolicyradar.org/navigator/ETH/2017/climate-smart-integrated-rural-development-project_d88288e4d52a2662fe4e58cf3f5a52a3.pdf,2017-03-17T00:00:00Z,Inception report,ETH,AF00000110,https://climateprojectexplorer.org/document/climate-smart-integrated-rural-development-project_e3bf,https://fifspubprd.azureedge.net/afdocuments/project/5169/5169_Inception%20report.docx.pdf,application/pdf,d88288e4d52a2662fe4e58cf3f5a52a3,AF.family.AF00000110.0,2017,parked
AF.document.AF00000110.n0004,Climate Smart Integrated Rural Development Project — Final evaluation report,https://cdn.climatepolicyradar.org/navigator/ETH/2017/climate-smart-integrated-rural-development-project_bea19b22088c3fe9ea2392a54cb34dfa.pdf,2017-03-17T00:00:00Z,Final evaluation,ETH,AF00000110,https://climateprojectexplorer.org/document/climate-smart-integrated-rural-development-project_e3bf,https://fifspubprd.azureedge.net/afdocuments/project/5169/AF%20project%20terminal%20evluaiton_final%20draft%20version.pdf,application/pdf,bea19b22088c3fe9ea2392a54cb34dfa,AF.family.AF00000110.0,2017,kept
AF.document.AF00000071.n0000,"AYNINACUY: Strengthening the livelihoods of vulnerable highland communities in the provinces of Arequipa, Caylloma, Condesuyos, Castilla and La Union in the Region of Arequipa, Peru — Project document",https://cdn.climatepolicyradar.org/navigator/PER/2017/ayninacuy-strengthening-the-livelihoods-of-vulnerable-highland-communities-in-the-provinces-of-arequipa-caylloma-condesuyos-castilla-and-la-union-in-the-region-of-arequipa-peru_ea03417577e8715d9df3f2cd53dd1b0d.pdf,2017-03-17T00:00:00Z,Project document,PER,AF00000071,https://climateprojectexplorer.org/document/ayninacuy-strengthening-the-livelihoods-of-vulnerable-highland-communities-in-the-provinces-of-arequipa-caylloma-condesuyos-castilla-and-la-union-in-the-region-of-arequipa-peru_1e90,https://fifspubprd.azureedge.net/afdocuments/project/1417/1417_Proy-Ayninakuy-ENG-V29-16052018-Clean.pdf,application/pdf,ea03417577e8715d9df3f2cd53dd1b0d,AF.family.AF00000071.0,2017,out_of_scope_geo
AF.document.AF00000071.n0001,"AYNINACUY: Strengthening the livelihoods of vulnerable highland communities in the provinces of Arequipa, Caylloma, Condesuyos, Castilla and La Union in the Region of Arequipa, Peru — Inception report",https://cdn.climatepolicyradar.org/navigator/PER/2017/ayninacuy-strengthening-the-livelihoods-of-vulnerable-highland-communities-in-the-provinces-of-arequipa-caylloma-condesuyos-castilla-and-la-union-in-the-region-of-arequipa-peru_7a9eb78628f52bd3348fef4d7e12fc1d.pdf,2017-03-17T00:00:00Z,Inception report,PER,AF00000071,https://climateprojectexplorer.org/document/ayninacuy-strengthening-the-livelihoods-of-vulnerable-highland-communities-in-the-provinces-of-arequipa-caylloma-condesuyos-castilla-and-la-union-in-the-region-of-arequipa-peru_1e90,https://fifspubprd.azureedge.net/afdocuments/project/1417/1417_Ayninacuy%20-%20Initiation%20WS%20Report%209%20Nov%202018.pdf,application/pdf,7a9eb78628f52bd3348fef4d7e12fc1d,AF.family.AF00000071.0,2017,out_of_scope_geo
AF.document.AF00000071.n0004,"AYNINACUY: Strengthening the livelihoods of vulnerable highland communities in the provinces of Arequipa, Caylloma, Condesuyos, Castilla and La Union in the Region of Arequipa, Peru — Final evaluation report",https://cdn.climatepolicyradar.org/navigator/PER/2017/ayninacuy-strengthening-the-livelihoods-of-vulnerable-highland-communities-in-the-provinces-of-arequipa-caylloma-condesuyos-castilla-and-la-union-in-the-region-of-arequipa-peru_522a5d6ba8601ae93a93f6e871d8f5ef.pdf,2017-03-17T00:00:00Z,Final evaluation,PER,AF00000071,https://climateprojectexplorer.org/document/ayninacuy-strengthening-the-livelihoods-of-vulnerable-highland-communities-in-the-provinces-of-arequipa-caylloma-condesuyos-castilla-and-la-union-in-the-region-of-arequipa-peru_1e90,https://fifspubprd.azureedge.net/afdocuments/project/1417/1417_Terminal_evaluation_AYNINACUY.pdf,application/pdf,522a5d6ba8601ae93a93f6e871d8f5ef,AF.family.AF00000071.0,2017,out_of_scope_geo
AF.document.062MMAAR.n0000,Climate changes adaptation project in oasis zones – PACC-ZO — Project document,https://cdn.climatepolicyradar.org/navigator/MAR/2015/climate-changes-adaptation-project-in-oasis-zones-pacc-zo_1ab9338418d37c789d83c702c1a4dc8e.pdf,2015-04-08T00:00:00Z,Project document,MAR,062MMAAR,https://climateprojectexplorer.org/document/climate-changes-adaptation-project-in-oasis-zones-pacc-zo_a94f,https://fifspubprd.azureedge.net/afdocuments/project/9/9_Final_AFB_PPRC_16_12-Proposal-for-Morocco_0.pdf,application/pdf,1ab9338418d37c789d83c702c1a4dc8e,AF.family.062MMAAR.0,2015,parked
AF.document.062MMAAR.n0001,Climate changes adaptation project in oasis zones – PACC-ZO — Inception report,https://cdn.climatepolicyradar.org/navigator/MAR/2015/climate-changes-adaptation-project-in-oasis-zones-pacc-zo_b2be5c5b1bce2b12d90823dd6dd6526e.pdf,2015-04-08T00:00:00Z,Inception report,MAR,062MMAAR,https://climateprojectexplorer.org/document/climate-changes-adaptation-project-in-oasis-zones-pacc-zo_a94f,https://fifspubprd.azureedge.net/afdocuments/project/9/9_150116%20Inception%20report%20PACCZO%20MOROCCO%20VF.pdf,application/pdf,b2be5c5b1bce2b12d90823dd6dd6526e,AF.family.062MMAAR.0,2015,parked
AF.document.062MMAAR.n0002,Climate changes adaptation project in oasis zones – PACC-ZO — Mid-term evaluation report,https://cdn.climatepolicyradar.org/navigator/MAR/2015/climate-changes-adaptation-project-in-oasis-zones-pacc-zo_8b5b90273b781605f9b27641ea967b81.pdf,2015-04-08T00:00:00Z,Mid-term evaluation,MAR,062MMAAR,https://climateprojectexplorer.org/document/climate-changes-adaptation-project-in-oasis-zones-pacc-zo_a94f,https://fifspubprd.azureedge.net/afdocuments/project/9/9_MT%20Evaluation_EN_FR-PACCZO.pdf,application/pdf,8b5b90273b781605f9b27641ea967b81,AF.family.062MMAAR.0,2015,kept
AF.document.062MMAAR.n0003,Climate changes adaptation project in oasis zones – PACC-ZO — Final evaluation report,https://cdn.climatepolicyradar.org/navigator/MAR/2015/climate-changes-adaptation-project-in-oasis-zones-pacc-zo_cd771b4a6ea6edc05b54ee299115376e.pdf,2015-04-08T00:00:00Z,Final evaluation,MAR,062MMAAR,https://climateprojectexplorer.org/document/climate-changes-adaptation-project-in-oasis-zones-pacc-zo_a94f,https://fifspubprd.azureedge.net/afdocuments/project/9/PACCZO_Report%20phase%202_Final%20edition_English%20version.pdf,application/pdf,cd771b4a6ea6edc05b54ee299115376e,AF.family.062MMAAR.0,2015,kept
AF.document.052MNPFR.n0000,Adapting to climate induced threats to food production and food security in the Karnali Region of Nepal — Project document,https://cdn.climatepolicyradar.org/navigator/NPL/2015/adapting-to-climate-induced-threats-to-food-production-and-food-security-in-the-karnali-region-of-nepal_21fbfbc4138cdb7d25203cc440c38cd0.pdf,2015-04-01T00:00:00Z,Project document,NPL,052MNPFR,https://climateprojectexplorer.org/document/adapting-to-climate-induced-threats-to-food-production-and-food-security-in-the-karnali-region-of-nepal_6026,https://fifspubprd.azureedge.net/afdocuments/project/43/43_NEPAL%20final.pdf,application/pdf,21fbfbc4138cdb7d25203cc440c38cd0,AF.family.052MNPFR.0,2015,out_of_scope_geo
AF.document.052MNPFR.n0001,Adapting to climate induced threats to food production and food security in the Karnali Region of Nepal — Inception report,https://cdn.climatepolicyradar.org/navigator/NPL/2015/adapting-to-climate-induced-threats-to-food-production-and-food-security-in-the-karnali-region-of-nepal_a1590d1faf864de8625a57fce77467b1.pdf,2015-04-01T00:00:00Z,Inception report,NPL,052MNPFR,https://climateprojectexplorer.org/document/adapting-to-climate-induced-threats-to-food-production-and-food-security-in-the-karnali-region-of-nepal_6026,https://fifspubprd.azureedge.net/afdocuments/project/43/43_AF-Nepal_Project%20Inception%20workshop%20Report_26Nov2018.pdf,application/pdf,a1590d1faf864de8625a57fce77467b1,AF.family.052MNPFR.0,2015,out_of_scope_geo
AF.document.052MNPFR.n0004,Adapting to climate induced threats to food production and food security in the Karnali Region of Nepal — Mid-term evaluation report,https://cdn.climatepolicyradar.org/navigator/NPL/2015/adapting-to-climate-induced-threats-to-food-production-and-food-security-in-the-karnali-region-of-nepal_858efe8b76d623511208511f34aa9ec2.pdf,2015-04-01T00:00:00Z,Mid-term evaluation,NPL,052MNPFR,https://climateprojectexplorer.org/document/adapting-to-climate-induced-threats-to-food-production-and-food-security-in-the-karnali-region-of-nepal_6026,https://fifspubprd.azureedge.net/afdocuments/project/43/43_Mid%20Term%20Review%20Report%20of%20AF-%20Nepal%20Proejct_CAFS-Karnali_ok.pdf,application/pdf,858efe8b76d623511208511f34aa9ec2,AF.family.052MNPFR.0,2015,out_of_scope_geo
AF.document.052MNPFR.n0006,Adapting to climate induced threats to food production and food security in the Karnali Region of Nepal — Project completion report,https://cdn.climatepolicyradar.org/navigator/NPL/2015/adapting-to-climate-induced-threats-to-food-production-and-food-security-in-the-karnali-region-of-nepal_86f3e6fdaa4bbdb0590f0e475b75fc15.pdf,2015-04-01T00:00:00Z,Completion report,NPL,052MNPFR,https://climateprojectexplorer.org/document/adapting-to-climate-induced-threats-to-food-production-and-food-security-in-the-karnali-region-of-nepal_6026,https://fifspubprd.azureedge.net/afdocuments/project/43/AF_WFP_Nepal_Project%20Completion%20Summary.pdf,application/pdf,86f3e6fdaa4bbdb0590f0e475b75fc15,AF.family.052MNPFR.0,2015,out_of_scope_geo
AF.document.052MNPFR.n0007,Adapting to climate induced threats to food production and food security in the Karnali Region of Nepal — Final evaluation report,https://cdn.climatepolicyradar.org/navigator/NPL/2015/adapting-to-climate-induced-threats-to-food-production-and-food-security-in-the-karnali-region-of-nepal_57d356e744e97985d79844cc08fce06a.pdf,2015-04-01T00:00:00Z,Final evaluation,NPL,052MNPFR,https://climateprojectexplorer.org/document/adapting-to-climate-induced-threats-to-food-production-and-food-security-in-the-karnali-region-of-nepal_6026,https://fifspubprd.azureedge.net/afdocuments/project/43/WFP%20CAFS%20Final%20Evaluation%20Report%20Final.pdf,application/pdf,57d356e744e97985d79844cc08fce06a,AF.family.052MNPFR.0,2015,out_of_scope_geo
AF.document.050NARAR.n0000,Enhancing the Adaptive Capacity and Increasing Resilience of Small-size Agriculture Producers of the Northeast of Argentina — Project document,https://cdn.climatepolicyradar.org/navigator/ARG/2013/enhancing-the-adaptive-capacity-and-increasing-resilience-of-small-size-agriculture-producers-of-the-northeast-of-argentina_99907e457f48bead74d71fdd39900acd.pdf,2013-04-04T00:00:00Z,Project document,ARG,050NARAR,https://climateprojectexplorer.org/document/enhancing-the-adaptive-capacity-and-increasing-resilience-of-small-size-agriculture-producers-of-the-northeast-of-argentina_5e6c,https://fifspubprd.azureedge.net/afdocuments/project/54/54_PROJECT%20DOCUMENT%20Argentina%20NIE_FINAL%20ENG_signed.pdf,application/pdf,99907e457f48bead74d71fdd39900acd,AF.family.050NARAR.0,2013,out_of_scope_geo
AF.document.050NARAR.n0001,Enhancing the Adaptive Capacity and Increasing Resilience of Small-size Agriculture Producers of the Northeast of Argentina — Project concept,https://cdn.climatepolicyradar.org/navigator/ARG/2013/enhancing-the-adaptive-capacity-and-increasing-resilience-of-small-size-agriculture-producers-of-the-northeast-of-argentina_2595aa287d28ad8b4341c9d73aa9813f.pdf,2013-04-04T00:00:00Z,Project concept,ARG,050NARAR,https://climateprojectexplorer.org/document/enhancing-the-adaptive-capacity-and-increasing-resilience-of-small-size-agriculture-producers-of-the-northeast-of-argentina_5e6c,https://fifspubprd.azureedge.net/afdocuments/project/54/54_Argentina%20proposal%20for%20posting.pdf,application/pdf,2595aa287d28ad8b4341c9d73aa9813f,AF.family.050NARAR.0,2013,out_of_scope_geo
AF.document.050NARAR.n0002,Enhancing the Adaptive Capacity and Increasing Resilience of Small-size Agriculture Producers of the Northeast of Argentina — Inception report,https://cdn.climatepolicyradar.org/navigator/ARG/2013/enhancing-the-adaptive-capacity-and-increasing-resilience-of-small-size-agriculture-producers-of-the-northeast-of-argentina_46ef3d3ba5dcca3f37023ba3b9aceb59.pdf,2013-04-04T00:00:00Z,Inception report,ARG,050NARAR,https://climateprojectexplorer.org/document/enhancing-the-adaptive-capacity-and-increasing-resilience-of-small-size-agriculture-producers-of-the-northeast-of-argentina_5e6c,https://fifspubprd.azureedge.net/afdocuments/project/54/54_Initial%20Workshop%20Report.pdf,application/pdf,46ef3d3ba5dcca3f37023ba3b9aceb59,AF.family.050NARAR.0,2013,out_of_scope_geo
AF.document.050NARAR.n0003,Enhancing the Adaptive Capacity and Increasing Resilience of Small-size Agriculture Producers of the Northeast of Argentina — Mid-term evaluation report,https://cdn.climatepolicyradar.org/navigator/ARG/2013/enhancing-the-adaptive-capacity-and-increasing-resilience-of-small-size-agriculture-producers-of-the-northeast-of-argentina_fc19e5d32e78291532a3716ec88f5c59.pdf,2013-04-04T00:00:00Z,Mid-term evaluation,ARG,050NARAR,https://climateprojectexplorer.org/document/enhancing-the-adaptive-capacity-and-increasing-resilience-of-small-size-agriculture-producers-of-the-northeast-of-argentina_5e6c,https://fifspubprd.azureedge.net/afdocuments/project/54/54_EMT%20FONDO%20DE%20ADAPTACION%20UCAR_ENGLISH.pdf,application/pdf,fc19e5d32e78291532a3716ec88f5c59,AF.family.050NARAR.0,2013,out_of_scope_geo
AF.document.050NARAR.n0004,Enhancing the Adaptive Capacity and Increasing Resilience of Small-size Agriculture Producers of the Northeast of Argentina — Project completion report,https://cdn.climatepolicyradar.org/navigator/ARG/2013/enhancing-the-adaptive-capacity-and-increasing-resilience-of-small-size-agriculture-producers-of-the-northeast-of-argentina_4751b9a74146f244c15d0c262f9bd8d7.pdf,2013-04-04T00:00:00Z,Completion report,ARG,050NARAR,https://climateprojectexplorer.org/document/enhancing-the-adaptive-capacity-and-increasing-resilience-of-small-size-agriculture-producers-of-the-northeast-of-argentina_5e6c,https://fifspubprd.azureedge.net/afdocuments/project/54/54_2.2%20DIPROSE%20-%20Project%20Completion%20Report%20-%20Non%20definitive%20version%20-%20ENG.pdf,application/pdf,4751b9a74146f244c15d0c262f9bd8d7,AF.family.050NARAR.0,2013,out_of_scope_geo
AF.document.050NARAR.n0005,Enhancing the Adaptive Capacity and Increasing Resilience of Small-size Agriculture Producers of the Northeast of Argentina — Final evaluation report,https://cdn.climatepolicyradar.org/navigator/ARG/2013/enhancing-the-adaptive-capacity-and-increasing-resilience-of-small-size-agriculture-producers-of-the-northeast-of-argentina_833dfa88dfb20b479496d873ab4f36e5.pdf,2013-04-04T00:00:00Z,Final evaluation,ARG,050NARAR,https://climateprojectexplorer.org/document/enhancing-the-adaptive-capacity-and-increasing-resilience-of-small-size-agriculture-producers-of-the-northeast-of-argentina_5e6c,https://fifspubprd.azureedge.net/afdocuments/project/54/54_1.2%20DIPROSE%20-%20Final%20Evaluation%20Report%20-%20Non%20definitive%20version%20-%20ENG.pdf,application/pdf,833dfa88dfb20b479496d873ab4f36e5,AF.family.050NARAR.0,2013,out_of_scope_geo
AF.document.038MKHFR.n0000,Enhancing Climate Resilience of Rural Communities Living in Protected Areas of Cambodia — Project document,https://cdn.climatepolicyradar.org/navigator/KHM/2012/enhancing-climate-resilience-of-rural-communities-living-in-protected-areas-of-cambodia_37ea11e52c774ca5b3eaad3a6c32fe3c.pdf,2012-06-29T00:00:00Z,Project document,KHM,038MKHFR,https://climateprojectexplorer.org/document/enhancing-climate-resilience-of-rural-communities-living-in-protected-areas-of-cambodia_15f2,https://fifspubprd.azureedge.net/afdocuments/project/37/37_Cambodia%20AF_FPP_23%20May%2023%20clean%20copy.pdf,application/pdf,37ea11e52c774ca5b3eaad3a6c32fe3c,AF.family.038MKHFR.0,2012,out_of_scope_geo
AF.document.038MKHFR.n0001,Enhancing Climate Resilience of Rural Communities Living in Protected Areas of Cambodia — Project concept,https://cdn.climatepolicyradar.org/navigator/KHM/2012/enhancing-climate-resilience-of-rural-communities-living-in-protected-areas-of-cambodia_a1501348878f68d295f7359dea6bcfce.pdf,2012-06-29T00:00:00Z,Project concept,KHM,038MKHFR,https://climateprojectexplorer.org/document/enhancing-climate-resilience-of-rural-communities-living-in-protected-areas-of-cambodia_15f2,https://fifspubprd.azureedge.net/afdocuments/project/37/37_AF_Revised%20Cambodia%20%20Concept_08%20February%202012_%20clean%20copy.pdf,application/pdf,a1501348878f68d295f7359dea6bcfce,AF.family.038MKHFR.0,2012,out_of_scope_geo
AF.document.038MKHFR.n0002,Enhancing Climate Resilience of Rural Communities Living in Protected Areas of Cambodia — Inception report,https://cdn.climatepolicyradar.org/navigator/KHM/2012/enhancing-climate-resilience-of-rural-communities-living-in-protected-areas-of-cambodia_e29fb7b9403dcd3341d08e38147d6292.pdf,2012-06-29T00:00:00Z,Inception report,KHM,038MKHFR,https://climateprojectexplorer.org/document/enhancing-climate-resilience-of-rural-communities-living-in-protected-areas-of-cambodia_15f2,https://fifspubprd.azureedge.net/afdocuments/project/37/37_PhaseI_Cambodia%20AF_Inception%20workshop%20report_FINAL.pdf,application/pdf,e29fb7b9403dcd3341d08e38147d6292,AF.family.038MKHFR.0,2012,out_of_scope_geo
AF.document.038MKHFR.n0003,Enhancing Climate Resilience of Rural Communities Living in Protected Areas of Cambodia — Mid-term evaluation report,https://cdn.climatepolicyradar.org/navigator/KHM/2012/enhancing-climate-resilience-of-rural-communities-living-in-protected-areas-of-cambodia_f237c2d5b971059add6300933d6d3b43.pdf,2012-06-29T00:00:00Z,Mid-term evaluation,KHM,038MKHFR,https://climateprojectexplorer.org/document/enhancing-climate-resilience-of-rural-communities-living-in-protected-areas-of-cambodia_15f2,https://fifspubprd.azureedge.net/afdocuments/project/37/37_Final%20Cambodia%20AF%20MTR%204%20April%202018.pdf,application/pdf,f237c2d5b971059add6300933d6d3b43,AF.family.038MKHFR.0,2012,out_of_scope_geo
AF.document.038MKHFR.n0004,Enhancing Climate Resilience of Rural Communities Living in Protected Areas of Cambodia — Final evaluation report,https://cdn.climatepolicyradar.org/navigator/KHM/2012/enhancing-climate-resilience-of-rural-communities-living-in-protected-areas-of-cambodia_7b057bbfa3be504c4c6705c2b05fa037.pdf,2012-06-29T00:00:00Z,Final evaluation,KHM,038MKHFR,https://climateprojectexplorer.org/document/enhancing-climate-resilience-of-rural-communities-living-in-protected-areas-of-cambodia_15f2,https://fifspubprd.azureedge.net/afdocuments/project/37/37_khm_mie_food_2011-1_unep_afb_spcc_cambodia%20af.pdf,application/pdf,7b057bbfa3be504c4c6705c2b05fa037,AF.family.038MKHFR.0,2012,out_of_scope_geo
AF.document.036MBZCR.n0000,Belize Marine Conservation and Climate Adaptation Initiative — Project document,https://cdn.climatepolicyradar.org/navigator/BLZ/2014/belize-marine-conservation-and-climate-adaptation-initiative_f93d5c29517a41fa8941b1d89dced8d6.pdf,2014-08-18T00:00:00Z,Project document,BLZ,036MBZCR,https://climateprojectexplorer.org/document/belize-marine-conservation-and-climate-adaptation-initiative_ec7c,https://fifspubprd.azureedge.net/afdocuments/project/55/55_Belize%20MCCAP%20Project%20Proposal%20June%205%202014.pdf,application/pdf,f93d5c29517a41fa8941b1d89dced8d6,AF.family.036MBZCR.0,2014,out_of_scope_geo
AF.document.036MBZCR.n0001,Belize Marine Conservation and Climate Adaptation Initiative — Project concept,https://cdn.climatepolicyradar.org/navigator/BLZ/2014/belize-marine-conservation-and-climate-adaptation-initiative_11baebc4e28d5b5d1830d5978fa683cf.pdf,2014-08-18T00:00:00Z,Project concept,BLZ,036MBZCR,https://climateprojectexplorer.org/document/belize-marine-conservation-and-climate-adaptation-initiative_ec7c,https://fifspubprd.azureedge.net/afdocuments/project/55/55_Belize%20Marine%20Adaptation%20AF%20Proposal%20Feb%208.pdf,application/pdf,11baebc4e28d5b5d1830d5978fa683cf,AF.family.036MBZCR.0,2014,out_of_scope_geo
AF.document.036MBZCR.n0002,Belize Marine Conservation and Climate Adaptation Initiative — Mid-term evaluation report,https://cdn.climatepolicyradar.org/navigator/BLZ/2014/belize-marine-conservation-and-climate-adaptation-initiative_f6e17f6a79f17cefd8cf8623375d83e1.pdf,2014-08-18T00:00:00Z,Mid-term evaluation,BLZ,036MBZCR,https://climateprojectexplorer.org/document/belize-marine-conservation-and-climate-adaptation-initiative_ec7c,https://fifspubprd.azureedge.net/afdocuments/project/55/55_Final%20MCCAP%20MTE%20Report%20-%205th%20February%202018-3.pdf,application/pdf,f6e17f6a79f17cefd8cf8623375d83e1,AF.family.036MBZCR.0,2014,out_of_scope_geo
AF.document.036MBZCR.n0003,Belize Marine Conservation and Climate Adaptation Initiative — Project completion report,https://cdn.climatepolicyradar.org/navigator/BLZ/2014/belize-marine-conservation-and-climate-adaptation-initiative_95e9c5f2c74c824df63ad23d37b73726.pdf,2014-08-18T00:00:00Z,Completion report,BLZ,036MBZCR,https://climateprojectexplorer.org/document/belize-marine-conservation-and-climate-adaptation-initiative_ec7c,https://fifspubprd.azureedge.net/afdocuments/project/55/55_MCCAP-Completion-Summary_Final.pdf,application/pdf,95e9c5f2c74c824df63ad23d37b73726,AF.family.036MBZCR.0,2014,out_of_scope_geo
AF.document.036MBZCR.n0004,Belize Marine Conservation and Climate Adaptation Initiative — Final evaluation report,https://cdn.climatepolicyradar.org/navigator/BLZ/2014/belize-marine-conservation-and-climate-adaptation-initiative_18ff4a6b8450c9a2d275198a972b7215.pdf,2014-08-18T00:00:00Z,Final evaluation,BLZ,036MBZCR,https://climateprojectexplorer.org/document/belize-marine-conservation-and-climate-adaptation-initiative_ec7c,https://fifspubprd.azureedge.net/afdocuments/project/55/Belize-BZ-Marine-Conserv-Climate-Adaptation.pdf,application/pdf,18ff4a6b8450c9a2d275198a972b7215,AF.family.036MBZCR.0,2014,out_of_scope_geo
AF.document.035MMLFR.n0000,Programme Support for Climate Change Adaptation in the vulnerable regions of Mopti and Timbouctou — Project document,https://cdn.climatepolicyradar.org/navigator/MLI/2015/programme-support-for-climate-change-adaptation-in-the-vulnerable-regions-of-mopti-and-timbouctou_159e4127d3cc9ff936128797e60e851d.pdf,2015-03-25T00:00:00Z,Project document,MLI,035MMLFR,https://climateprojectexplorer.org/document/programme-support-for-climate-change-adaptation-in-the-vulnerable-regions-of-mopti-and-timbouctou_c622,https://fifspubprd.azureedge.net/afdocuments/project/12/12_4789-Mali-AF-Proposal_March-13_2015-resubmission.pdf,application/pdf,159e4127d3cc9ff936128797e60e851d,AF.family.035MMLFR.0,2015,parked
AF.document.035MMLFR.n0001,Programme Support for Climate Change Adaptation in the vulnerable regions of Mopti and Timbouctou — Final evaluation report,https://cdn.climatepolicyradar.org/navigator/MLI/2015/programme-support-for-climate-change-adaptation-in-the-vulnerable-regions-of-mopti-and-timbouctou_1348c60a401bcbe9c233531a0a8149d4.pdf,2015-03-25T00:00:00Z,Final evaluation,MLI,035MMLFR,https://climateprojectexplorer.org/document/programme-support-for-climate-change-adaptation-in-the-vulnerable-regions-of-mopti-and-timbouctou_c622,https://fifspubprd.azureedge.net/afdocuments/project/12/12_Terminal%20Evaluation_AF%204789_EN.pdf,application/pdf,1348c60a401bcbe9c233531a0a8149d4,AF.family.035MMLFR.0,2015,kept
AF.document.034MWSMR.n0000,Enhancing Resilience of Samoa's Coastal Communities to Climate Change — Project document,https://cdn.climatepolicyradar.org/navigator/WSM/2011/enhancing-resilience-of-samoa-s-coastal-communities-to-climate-change_c4a3f0f683332f0ecb570c35d9dd362c.pdf,2011-12-14T00:00:00Z,Project document,WSM,034MWSMR,https://climateprojectexplorer.org/document/enhancing-resilience-of-samoa-s-coastal-communities-to-climate-change_f72e,https://fifspubprd.azureedge.net/afdocuments/project/51/51_Resubmission_AF-Samoa_Full_Proposal_10Oct2011.pdf,application/pdf,c4a3f0f683332f0ecb570c35d9dd362c,AF.family.034MWSMR.0,2011,out_of_scope_geo
AF.document.034MWSMR.n0007,Enhancing Resilience of Samoa's Coastal Communities to Climate Change — Final evaluation report,https://cdn.climatepolicyradar.org/navigator/WSM/2011/enhancing-resilience-of-samoa-s-coastal-communities-to-climate-change_a375bb763275cd6d059f4f66f5328ed2.pdf,2011-12-14T00:00:00Z,Final evaluation,WSM,034MWSMR,https://climateprojectexplorer.org/document/enhancing-resilience-of-samoa-s-coastal-communities-to-climate-change_f72e,https://fifspubprd.azureedge.net/afdocuments/project/51/51_Final%20Report%20AF%20Samoa%2005%20with%20signature%20_%20audit%20trail.pdf,application/pdf,a375bb763275cd6d059f4f66f5328ed2,AF.family.034MWSMR.0,2011,out_of_scope_geo
AF.document.028MDJMR.n0000,Developing Agro-Pastoral Shade Gardens as an Adaptation Strategy for Poor Rural Communities — Project document,https://cdn.climatepolicyradar.org/navigator/DJI/2012/developing-agro-pastoral-shade-gardens-as-an-adaptation-strategy-for-poor-rural-communities_e3c0cab4180e0d6144c03c42c5014708.pdf,2012-06-28T00:00:00Z,Project document,DJI,028MDJMR,https://climateprojectexplorer.org/document/developing-agro-pastoral-shade-gardens-as-an-adaptation-strategy-for-poor-rural-communities_6da7,https://fifspubprd.azureedge.net/afdocuments/project/2/2_Djibouti%20proposal%20with%20annexes%20final.pdf,application/pdf,e3c0cab4180e0d6144c03c42c5014708,AF.family.028MDJMR.0,2012,parked
AF.document.028MDJMR.n0001,Developing Agro-Pastoral Shade Gardens as an Adaptation Strategy for Poor Rural Communities — Project concept,https://cdn.climatepolicyradar.org/navigator/DJI/2012/developing-agro-pastoral-shade-gardens-as-an-adaptation-strategy-for-poor-rural-communities_fdeeb74d32e2c2451347af788db52d03.pdf,2012-06-28T00:00:00Z,Project concept,DJI,028MDJMR,https://climateprojectexplorer.org/document/developing-agro-pastoral-shade-gardens-as-an-adaptation-strategy-for-poor-rural-communities_6da7,https://fifspubprd.azureedge.net/afdocuments/project/2/2_4683%20Djibouti%20AF%20Shade%20Gardens_for_submission_180411.pdf,application/pdf,fdeeb74d32e2c2451347af788db52d03,AF.family.028MDJMR.0,2012,parked
AF.document.028MDJMR.n0005,Developing Agro-Pastoral Shade Gardens as an Adaptation Strategy for Poor Rural Communities — Mid-term evaluation report,https://cdn.climatepolicyradar.org/navigator/DJI/2012/developing-agro-pastoral-shade-gardens-as-an-adaptation-strategy-for-poor-rural-communities_3239a0fea2648f40c482397f4e707d55.pdf,2012-06-28T00:00:00Z,Mid-term evaluation,DJI,028MDJMR,https://climateprojectexplorer.org/document/developing-agro-pastoral-shade-gardens-as-an-adaptation-strategy-for-poor-rural-communities_6da7,https://fifspubprd.azureedge.net/afdocuments/project/2/2_4683_AF_Djibouti_MTR%20report_Apr%202017.pdf,application/pdf,3239a0fea2648f40c482397f4e707d55,AF.family.028MDJMR.0,2012,kept
AF.document.028MDJMR.n0006,Developing Agro-Pastoral Shade Gardens as an Adaptation Strategy for Poor Rural Communities — Final evaluation report,https://cdn.climatepolicyradar.org/navigator/DJI/2012/developing-agro-pastoral-shade-gardens-as-an-adaptation-strategy-for-poor-rural-communities_fe2d34a724753c941c7b05c25d82aafd.pdf,2012-06-28T00:00:00Z,Final evaluation,DJI,028MDJMR,https://climateprojectexplorer.org/document/developing-agro-pastoral-shade-gardens-as-an-adaptation-strategy-for-poor-rural-communities_6da7,https://fifspubprd.azureedge.net/afdocuments/project/2/2_4683_AF_Djibouti_TE%20report_June%202019.pdf,application/pdf,fe2d34a724753c941c7b05c25d82aafd,AF.family.028MDJMR.0,2012,kept
AF.document.026NUYAR.n0000,Building resilience to climate change and variability in vulnerable smallholders — Project document,https://cdn.climatepolicyradar.org/navigator/URY/2011/building-resilience-to-climate-change-and-variability-in-vulnerable-smallholders_3c2276163f8ef1be3f8ea1d7b7a47515.pdf,2011-12-14T00:00:00Z,Project document,URY,026NUYAR,https://climateprojectexplorer.org/document/building-resilience-to-climate-change-and-variability-in-vulnerable-smallholders_3d63,https://fifspubprd.azureedge.net/afdocuments/project/69/69_Uruguay%20Building%20Resilience%20to%20CC%20AF%20Project%20Uruguay%20-%20MGAP%20Nov%202011%20final.pdf,application/pdf,3c2276163f8ef1be3f8ea1d7b7a47515,AF.family.026NUYAR.0,2011,out_of_scope_geo
AF.document.026NUYAR.n0001,Building resilience to climate change and variability in vulnerable smallholders — Inception report,https://cdn.climatepolicyradar.org/navigator/URY/2011/building-resilience-to-climate-change-and-variability-in-vulnerable-smallholders_1b47e976563107edeb241c528a33d93e.pdf,2011-12-14T00:00:00Z,Inception report,URY,026NUYAR,https://climateprojectexplorer.org/document/building-resilience-to-climate-change-and-variability-in-vulnerable-smallholders_3d63,https://fifspubprd.azureedge.net/afdocuments/project/69/69_Inception%20Workshop%20Document.pdf,application/pdf,1b47e976563107edeb241c528a33d93e,AF.family.026NUYAR.0,2011,out_of_scope_geo
AF.document.026NUYAR.n0006,Building resilience to climate change and variability in vulnerable smallholders — Mid-term evaluation report,https://cdn.climatepolicyradar.org/navigator/URY/2011/building-resilience-to-climate-change-and-variability-in-vulnerable-smallholders_5fb62804af4a1909eb01e69eb3c64221.pdf,2011-12-14T00:00:00Z,Mid-term evaluation,URY,026NUYAR,https://climateprojectexplorer.org/document/building-resilience-to-climate-change-and-variability-in-vulnerable-smallholders_3d63,https://fifspubprd.azureedge.net/afdocuments/project/69/69_Report%20midterm%20assessment_Uruguay_ANII.pdf,application/pdf,5fb62804af4a1909eb01e69eb3c64221,AF.family.026NUYAR.0,2011,out_of_scope_geo
AF.document.026NUYAR.n0010,Building resilience to climate change and variability in vulnerable smallholders — Final evaluation report,https://cdn.climatepolicyradar.org/navigator/URY/2011/building-resilience-to-climate-change-and-variability-in-vulnerable-smallholders_1bc258879ccfb7754ed9e74cc948a017.pdf,2011-12-14T00:00:00Z,Final evaluation,URY,026NUYAR,https://climateprojectexplorer.org/document/building-resilience-to-climate-change-and-variability-in-vulnerable-smallholders_3d63,https://fifspubprd.azureedge.net/afdocuments/project/69/EN_PDF_Informe%20Evaluacion%20Final%20del%20GFCC.pdf,application/pdf,1bc258879ccfb7754ed9e74cc948a017,AF.family.026NUYAR.0,2011,out_of_scope_geo
AF.document.019MPGDR.n0001,Enhancing adaptive capacity of communities to climate change-related floods in the North Coast and Islands Region of Papua New Guinea — Inception report,https://cdn.climatepolicyradar.org/navigator/PNG/2012/enhancing-adaptive-capacity-of-communities-to-climate-change-related-floods-in-the-north-coast-and-islands-region-of-papua-new-guinea_625d84d8f11d70987da1d84243652380.pdf,2012-03-16T00:00:00Z,Inception report,PNG,019MPGDR,https://climateprojectexplorer.org/document/enhancing-adaptive-capacity-of-communities-to-climate-change-related-floods-in-the-north-coast-and-islands-region-of-papua-new-guinea_7f38,https://fifspubprd.azureedge.net/afdocuments/project/45/45_2012%20PNG%20AF%20Project%20IW%20Project%20Presentation_Final.pdf,application/pdf,625d84d8f11d70987da1d84243652380,AF.family.019MPGDR.0,2012,out_of_scope_geo
AF.document.019MPGDR.n0005,Enhancing adaptive capacity of communities to climate change-related floods in the North Coast and Islands Region of Papua New Guinea — Final evaluation report,https://cdn.climatepolicyradar.org/navigator/PNG/2012/enhancing-adaptive-capacity-of-communities-to-climate-change-related-floods-in-the-north-coast-and-islands-region-of-papua-new-guinea_e863d1ba12e71ac32893f7789bcede07.pdf,2012-03-16T00:00:00Z,Final evaluation,PNG,019MPGDR,https://climateprojectexplorer.org/document/enhancing-adaptive-capacity-of-communities-to-climate-change-related-floods-in-the-north-coast-and-islands-region-of-papua-new-guinea_7f38,https://fifspubprd.azureedge.net/afdocuments/project/45/Final%20Report_PNG%20AF_Final%20Project%20Evaluation_201218.pdf,application/pdf,e863d1ba12e71ac32893f7789bcede07,AF.family.019MPGDR.0,2012,out_of_scope_geo
AF.document.021MMVWR.n0000,"Increasing climate resilience through an Integrated Water Resource Management Programme in HA. Ihavandhoo, ADh. Mahibadhoo and GDh. Gadhdhoo Island — Project document",https://cdn.climatepolicyradar.org/navigator/None,2011-06-22T00:00:00Z,Project document,MDV,021MMVWR,https://climateprojectexplorer.org/document/increasing-climate-resilience-through-an-integrated-water-resource-management-programme-in-ha-ihavandhoo-adh-mahibadhoo-and-gdh-gadhdhoo-island_6015,https://fifspubprd.azureedge.net/afdocuments/project/42/42_MDV_AFoc_final.pdf,NA,NA,AF.family.021MMVWR.0,2011,out_of_scope_geo
AF.document.021MMVWR.n0001,"Increasing climate resilience through an Integrated Water Resource Management Programme in HA. Ihavandhoo, ADh. Mahibadhoo and GDh. Gadhdhoo Island — Inception report",https://cdn.climatepolicyradar.org/navigator/MDV/2011/increasing-climate-resilience-through-an-integrated-water-resource-management-programme-in-ha-ihavandhoo-adh-mahibadhoo-and-gdh-gadhdhoo-island_be5448b77bed1508b0b017e7118dd805.pdf,2011-06-22T00:00:00Z,Inception report,MDV,021MMVWR,https://climateprojectexplorer.org/document/increasing-climate-resilience-through-an-integrated-water-resource-management-programme-in-ha-ihavandhoo-adh-mahibadhoo-and-gdh-gadhdhoo-island_6015,https://fifspubprd.azureedge.net/afdocuments/project/42/42_4582_Maldives_AF_Inception_Report%20Opt.pdf,application/pdf,be5448b77bed1508b0b017e7118dd805,AF.family.021MMVWR.0,2011,out_of_scope_geo
AF.document.021MMVWR.n0003,"Increasing climate resilience through an Integrated Water Resource Management Programme in HA. Ihavandhoo, ADh. Mahibadhoo and GDh. Gadhdhoo Island — Final evaluation report",https://cdn.climatepolicyradar.org/navigator/MDV/2011/increasing-climate-resilience-through-an-integrated-water-resource-management-programme-in-ha-ihavandhoo-adh-mahibadhoo-and-gdh-gadhdhoo-island_55b92292300c9ff698e6edd1d256394d.pdf,2011-06-22T00:00:00Z,Final evaluation,MDV,021MMVWR,https://climateprojectexplorer.org/document/increasing-climate-resilience-through-an-integrated-water-resource-management-programme-in-ha-ihavandhoo-adh-mahibadhoo-and-gdh-gadhdhoo-island_6015,https://fifspubprd.azureedge.net/afdocuments/project/42/42_Maldives%20Final%20Evaluation_FINAL_140216_clean.pdf,application/pdf,55b92292300c9ff698e6edd1d256394d,AF.family.021MMVWR.0,2011,out_of_scope_geo
AF.document.018MECFR.n0006,"Enhancing resilience of communities to the adverse effects of climate change on food security, in Pichincha Province and the Jubones River basin — Final evaluation report",https://cdn.climatepolicyradar.org/navigator/ECU/2011/enhancing-resilience-of-communities-to-the-adverse-effects-of-climate-change-on-food-security-in-pichincha-province-and-the-jubones-river-basin_987424ee10a3dadb93a394be97c75fb6.pdf,2011-03-18T00:00:00Z,Final evaluation,ECU,018MECFR,https://climateprojectexplorer.org/document/enhancing-resilience-of-communities-to-the-adverse-effects-of-climate-change-on-food-security-in-pichincha-province-and-the-jubones-river-basin_632a,https://fifspubprd.azureedge.net/afdocuments/project/60/60_Final%20Evaluation%20Ecuador%20FORECCSA_final.pdf,application/pdf,987424ee10a3dadb93a394be97c75fb6,AF.family.018MECFR.0,2011,out_of_scope_geo
AF.document.018MECFR.n0007,"Enhancing resilience of communities to the adverse effects of climate change on food security, in Pichincha Province and the Jubones River basin — Project completion report",https://cdn.climatepolicyradar.org/navigator/ECU/2011/enhancing-resilience-of-communities-to-the-adverse-effects-of-climate-change-on-food-security-in-pichincha-province-and-the-jubones-river-basin_591e751a6158665be20bf6683bfcdc7d.pdf,2011-03-18T00:00:00Z,Completion report,ECU,018MECFR,https://climateprojectexplorer.org/document/enhancing-resilience-of-communities-to-the-adverse-effects-of-climate-change-on-food-security-in-pichincha-province-and-the-jubones-river-basin_632a,https://fifspubprd.azureedge.net/afdocuments/project/60/60_FORECCSA%20Project%20Completion%20Report_final.pdf,application/pdf,591e751a6158665be20bf6683bfcdc7d,AF.family.018MECFR.0,2011,out_of_scope_geo
AF.document.018MECFR.n0008,"Enhancing resilience of communities to the adverse effects of climate change on food security, in Pichincha Province and the Jubones River basin — Mid-term evaluation report",https://cdn.climatepolicyradar.org/navigator/ECU/2011/enhancing-resilience-of-communities-to-the-adverse-effects-of-climate-change-on-food-security-in-pichincha-province-and-the-jubones-river-basin_119a10fc4802925d0d23951922595e66.pdf,2011-03-18T00:00:00Z,Mid-term evaluation,ECU,018MECFR,https://climateprojectexplorer.org/document/enhancing-resilience-of-communities-to-the-adverse-effects-of-climate-change-on-food-security-in-pichincha-province-and-the-jubones-river-basin_632a,https://fifspubprd.azureedge.net/afdocuments/project/60/60_151007%20Evaluation%20report%20FORECCSA%20Carlos%20Rodriguez%20Ariza%20DEF%20ENG.PDF,application/pdf,119a10fc4802925d0d23951922595e66,AF.family.018MECFR.0,2011,out_of_scope_geo
AF.document.018MECFR.n0009,"Enhancing resilience of communities to the adverse effects of climate change on food security, in Pichincha Province and the Jubones River basin — Inception report",https://cdn.climatepolicyradar.org/navigator/ECU/2011/enhancing-resilience-of-communities-to-the-adverse-effects-of-climate-change-on-food-security-in-pichincha-province-and-the-jubones-river-basin_1629369421514d9d56a130cc8a00c784.pdf,2011-03-18T00:00:00Z,Inception report,ECU,018MECFR,https://climateprojectexplorer.org/document/enhancing-resilience-of-communities-to-the-adverse-effects-of-climate-change-on-food-security-in-pichincha-province-and-the-jubones-river-basin_632a,https://fifspubprd.azureedge.net/afdocuments/project/60/60_Inception%20report%20final%20changes%20from%20May%2016.pdf,application/pdf,1629369421514d9d56a130cc8a00c784,AF.family.018MECFR.0,2011,out_of_scope_geo
AF.document.018MECFR.n0010,"Enhancing resilience of communities to the adverse effects of climate change on food security, in Pichincha Province and the Jubones River basin — Project document",https://cdn.climatepolicyradar.org/navigator/ECU/2011/enhancing-resilience-of-communities-to-the-adverse-effects-of-climate-change-on-food-security-in-pichincha-province-and-the-jubones-river-basin_cfb2d8beb1a347ede1d6da4f98ce1b02.pdf,2011-03-18T00:00:00Z,Project document,ECU,018MECFR,https://climateprojectexplorer.org/document/enhancing-resilience-of-communities-to-the-adverse-effects-of-climate-change-on-food-security-in-pichincha-province-and-the-jubones-river-basin_632a,https://fifspubprd.azureedge.net/afdocuments/project/60/60_ECU%20AF%20full%20project%20document%20revised%20%20clean%20annexes.pdf,application/pdf,cfb2d8beb1a347ede1d6da4f98ce1b02,AF.family.018MECFR.0,2011,out_of_scope_geo
AF.document.025MTZCR.n0000,Implementation Of Concrete Adaptation Measures To Reduce Vulnerability Of Livelihood and Economy Of Coastal Communities In Tanzania — Project document,https://cdn.climatepolicyradar.org/navigator/None,2011-12-14T00:00:00Z,Project document,TZA,025MTZCR,https://climateprojectexplorer.org/document/implementation-of-concrete-adaptation-measures-to-reduce-vulnerability-of-livelihood-and-economy-of-coastal-communities-in-tanzania_58ea,https://fifspubprd.azureedge.net/afdocuments/project/22/22_TZ_AFoc_-Final.pdf,NA,NA,AF.family.025MTZCR.0,2011,parked
AF.document.025MTZCR.n0001,Implementation Of Concrete Adaptation Measures To Reduce Vulnerability Of Livelihood and Economy Of Coastal Communities In Tanzania — Inception report,https://cdn.climatepolicyradar.org/navigator/TZA/2011/implementation-of-concrete-adaptation-measures-to-reduce-vulnerability-of-livelihood-and-economy-of-coastal-communities-in-tanzania_e62ce094c127395e7e99a3b02b3db711.pdf,2011-12-14T00:00:00Z,Inception report,TZA,025MTZCR,https://climateprojectexplorer.org/document/implementation-of-concrete-adaptation-measures-to-reduce-vulnerability-of-livelihood-and-economy-of-coastal-communities-in-tanzania_58ea,https://fifspubprd.azureedge.net/afdocuments/project/22/22_Inception%20Workshop%20Report%20of%20AF%20and%20LDCF%20projects-Tanzania.pdf,application/pdf,e62ce094c127395e7e99a3b02b3db711,AF.family.025MTZCR.0,2011,parked
AF.document.025MTZCR.n0002,Implementation Of Concrete Adaptation Measures To Reduce Vulnerability Of Livelihood and Economy Of Coastal Communities In Tanzania — Final evaluation report,https://cdn.climatepolicyradar.org/navigator/TZA/2011/implementation-of-concrete-adaptation-measures-to-reduce-vulnerability-of-livelihood-and-economy-of-coastal-communities-in-tanzania_e0c351be0d1045e2804891a24f1bf8f6.pdf,2011-12-14T00:00:00Z,Final evaluation,TZA,025MTZCR,https://climateprojectexplorer.org/document/implementation-of-concrete-adaptation-measures-to-reduce-vulnerability-of-livelihood-and-economy-of-coastal-communities-in-tanzania_58ea,https://fifspubprd.azureedge.net/afdocuments/project/22/22_4141%20%20AFB2G48_2019_te_unep_gef_af_fsp_spcc_Adaptation%20Tanzania.pdf,application/pdf,e0c351be0d1045e2804891a24f1bf8f6,AF.family.025MTZCR.0,2011,kept
AF.document.004MSBFR.n0001,Enhancing resilience of communities in Solomon Islands to the adverse effects of climate change in agriculture and food security — Inception report,https://cdn.climatepolicyradar.org/navigator/SLB/2011/enhancing-resilience-of-communities-in-solomon-islands-to-the-adverse-effects-of-climate-change-in-agriculture-and-food-security_6b1a4bf34f35def109f632b0db1367c9.pdf,2011-03-18T00:00:00Z,Inception report,SLB,004MSBFR,https://climateprojectexplorer.org/document/enhancing-resilience-of-communities-in-solomon-islands-to-the-adverse-effects-of-climate-change-in-agriculture-and-food-security_7e06,https://fifspubprd.azureedge.net/afdocuments/project/47/47_Solomon%20Islands_AF%20SWoCK%20Inception%20Report%20nov2011.pdf,application/pdf,6b1a4bf34f35def109f632b0db1367c9,AF.family.004MSBFR.0,2011,out_of_scope_geo
AF.document.004MSBFR.n0007,Enhancing resilience of communities in Solomon Islands to the adverse effects of climate change in agriculture and food security — Final evaluation report,https://cdn.climatepolicyradar.org/navigator/SLB/2011/enhancing-resilience-of-communities-in-solomon-islands-to-the-adverse-effects-of-climate-change-in-agriculture-and-food-security_a4919f4450424a28a3c87959ba73ec46.pdf,2011-03-18T00:00:00Z,Final evaluation,SLB,004MSBFR,https://climateprojectexplorer.org/document/enhancing-resilience-of-communities-in-solomon-islands-to-the-adverse-effects-of-climate-change-in-agriculture-and-food-security_7e06,https://fifspubprd.azureedge.net/afdocuments/project/47/47_TE_PIMS_4451_FinalEvaluationReport_22102016.pdf,application/pdf,a4919f4450424a28a3c87959ba73ec46,AF.family.004MSBFR.0,2011,out_of_scope_geo
AF.document.004MSBFR.n0006,Enhancing resilience of communities in Solomon Islands to the adverse effects of climate change in agriculture and food security — Mid-term evaluation report,https://cdn.climatepolicyradar.org/navigator/SLB/2011/enhancing-resilience-of-communities-in-solomon-islands-to-the-adverse-effects-of-climate-change-in-agriculture-and-food-security_33fefd5f7d21c9461ad393bc657e4486.pdf,2011-03-18T00:00:00Z,Mid-term evaluation,SLB,004MSBFR,https://climateprojectexplorer.org/document/enhancing-resilience-of-communities-in-solomon-islands-to-the-adverse-effects-of-climate-change-in-agriculture-and-food-security_7e06,https://fifspubprd.azureedge.net/afdocuments/project/47/47_SWoCK%20MTE%20Report_PIMS%204451.pdf,application/pdf,33fefd5f7d21c9461ad393bc657e4486,AF.family.004MSBFR.0,2011,out_of_scope_geo
AF.document.054NJOMR.n0000,Increasing the resilience of poor and vulnerable communities to climate change — Project document,https://cdn.climatepolicyradar.org/navigator/JOR/2015/increasing-the-resilience-of-poor-and-vulnerable-communities-to-climate-change_8e79e75a909bad5082b8cf200dfa1134.pdf,2015-04-10T00:00:00Z,Project document,JOR,054NJOMR,https://climateprojectexplorer.org/document/increasing-the-resilience-of-poor-and-vulnerable-communities-to-climate-change_d6d0,https://fifspubprd.azureedge.net/afdocuments/project/36/36_Jordan%20MOPIC-%20Revised%20fully%20developed%20project%20proposal.pdf,application/pdf,8e79e75a909bad5082b8cf200dfa1134,AF.family.054NJOMR.0,2015,out_of_scope_geo
AF.document.054NJOMR.n0001,Increasing the resilience of poor and vulnerable communities to climate change — Inception report,https://cdn.climatepolicyradar.org/navigator/JOR/2015/increasing-the-resilience-of-poor-and-vulnerable-communities-to-climate-change_8fec8631877baae4484acd334f3b6aea.pdf,2015-04-10T00:00:00Z,Inception report,JOR,054NJOMR,https://climateprojectexplorer.org/document/increasing-the-resilience-of-poor-and-vulnerable-communities-to-climate-change_d6d0,https://fifspubprd.azureedge.net/afdocuments/project/36/36_letter-inception%20workshop.pdf,application/pdf,8fec8631877baae4484acd334f3b6aea,AF.family.054NJOMR.0,2015,out_of_scope_geo
AF.document.054NJOMR.n0005,Increasing the resilience of poor and vulnerable communities to climate change — Mid-term evaluation report,https://cdn.climatepolicyradar.org/navigator/JOR/2015/increasing-the-resilience-of-poor-and-vulnerable-communities-to-climate-change_80dc3e9e7c65c43d9366744ac408ad5e.pdf,2015-04-10T00:00:00Z,Mid-term evaluation,JOR,054NJOMR,https://climateprojectexplorer.org/document/increasing-the-resilience-of-poor-and-vulnerable-communities-to-climate-change_d6d0,https://fifspubprd.azureedge.net/afdocuments/project/36/36_Mid_Term_Report_Jordan_MOPIC.pdf,application/pdf,80dc3e9e7c65c43d9366744ac408ad5e,AF.family.054NJOMR.0,2015,out_of_scope_geo
AF.document.005MNIWR.n0000,Reduction of Risks and Vulnerability Based on Flooding and Droughts in the Estero Real Watershed — Project document,https://cdn.climatepolicyradar.org/navigator/NIC/2010/reduction-of-risks-and-vulnerability-based-on-flooding-and-droughts-in-the-estero-real-watershed_d63513808e5c3d25096be3efad023997.pdf,2010-12-15T00:00:00Z,Project document,NIC,005MNIWR,https://climateprojectexplorer.org/document/reduction-of-risks-and-vulnerability-based-on-flooding-and-droughts-in-the-estero-real-watershed_025c,https://fifspubprd.azureedge.net/afdocuments/project/64/64_AF%20Final%20Nicaragua%20full%20proposal%2021%20Oct%202010.pdf,application/pdf,d63513808e5c3d25096be3efad023997,AF.family.005MNIWR.0,2010,out_of_scope_geo
AF.document.005MNIWR.n0001,Reduction of Risks and Vulnerability Based on Flooding and Droughts in the Estero Real Watershed — Inception report,https://cdn.climatepolicyradar.org/navigator/NIC/2010/reduction-of-risks-and-vulnerability-based-on-flooding-and-droughts-in-the-estero-real-watershed_230104969df82d51ffe7a858da60d982.pdf,2010-12-15T00:00:00Z,Inception report,NIC,005MNIWR,https://climateprojectexplorer.org/document/reduction-of-risks-and-vulnerability-based-on-flooding-and-droughts-in-the-estero-real-watershed_025c,https://fifspubprd.azureedge.net/afdocuments/project/64/64_Nicaragua%20Inception%20Report.pdf,application/pdf,230104969df82d51ffe7a858da60d982,AF.family.005MNIWR.0,2010,out_of_scope_geo
AF.document.005MNIWR.n0002,Reduction of Risks and Vulnerability Based on Flooding and Droughts in the Estero Real Watershed — Mid-term evaluation report,https://cdn.climatepolicyradar.org/navigator/NIC/2010/reduction-of-risks-and-vulnerability-based-on-flooding-and-droughts-in-the-estero-real-watershed_aa8026b000c17c514a31a3b9abdd9545.pdf,2010-12-15T00:00:00Z,Mid-term evaluation,NIC,005MNIWR,https://climateprojectexplorer.org/document/reduction-of-risks-and-vulnerability-based-on-flooding-and-droughts-in-the-estero-real-watershed_025c,https://fifspubprd.azureedge.net/afdocuments/project/64/64_4448%20AF%20Nicaragua_MTR%20Final%20Report.pdf,application/pdf,aa8026b000c17c514a31a3b9abdd9545,AF.family.005MNIWR.0,2010,out_of_scope_geo
AF.document.AF00000216.n0000,Adaptation Fund-UNDP Innovation Small Grant Aggregator Platform (ISGAP) — Project document,https://cdn.climatepolicyradar.org/navigator/XAB/2019/adaptation-fund-undp-innovation-small-grant-aggregator-platform-isgap_379e65f453a102b62ce1712ba8839885.pdf,2019-10-11T00:00:00Z,Project document,XAB,AF00000216,https://climateprojectexplorer.org/document/adaptation-fund-undp-innovation-small-grant-aggregator-platform-isgap_ab0d,https://fifspubprd.azureedge.net/afdocuments/project/12242/12242_6266_AF_Proposal_13%20Sep19%20resubmission%20clean.pdf,application/pdf,379e65f453a102b62ce1712ba8839885,AF.family.AF00000216.0,2019,out_of_scope_geo
AF.document.AF00000216.n0003,Adaptation Fund-UNDP Innovation Small Grant Aggregator Platform (ISGAP) — Mid-term evaluation report,https://cdn.climatepolicyradar.org/navigator/XAB/2019/adaptation-fund-undp-innovation-small-grant-aggregator-platform-isgap_23f4f62836cd2de6052dcc3cf8117567.pdf,2019-10-11T00:00:00Z,Mid-term evaluation,XAB,AF00000216,https://climateprojectexplorer.org/document/adaptation-fund-undp-innovation-small-grant-aggregator-platform-isgap_ab0d,https://fifspubprd.azureedge.net/afdocuments/project/12242/Report_MTR_ISGAP%20Programme_signed.pdf,application/pdf,23f4f62836cd2de6052dcc3cf8117567,AF.family.AF00000216.0,2019,out_of_scope_geo
AF.document.AF00000095.n0000,Enhancing resilience of communities to climate change through catchment-based integrated management of water and related resources in Uganda — Project document,https://cdn.climatepolicyradar.org/navigator/UGA/2016/enhancing-resilience-of-communities-to-climate-change-through-catchment-based-integrated-management-of-water-and-related-resources-in-uganda_a202d5006930e5fcb483f923137317c4.pdf,2016-07-05T00:00:00Z,Project document,UGA,AF00000095,https://climateprojectexplorer.org/document/enhancing-resilience-of-communities-to-climate-change-through-catchment-based-integrated-management-of-water-and-related-resources-in-uganda_d36a,https://fifspubprd.azureedge.net/afdocuments/project/4077/4077_Uganda_full_proposal_for_posting.pdf,application/pdf,a202d5006930e5fcb483f923137317c4,AF.family.AF00000095.0,2016,parked
AF.document.AF00000095.n0001,Enhancing resilience of communities to climate change through catchment-based integrated management of water and related resources in Uganda — Inception report,https://cdn.climatepolicyradar.org/navigator/UGA/2016/enhancing-resilience-of-communities-to-climate-change-through-catchment-based-integrated-management-of-water-and-related-resources-in-uganda_971a0797612d047de876b41fa64bc981.pdf,2016-07-05T00:00:00Z,Inception report,UGA,AF00000095,https://climateprojectexplorer.org/document/enhancing-resilience-of-communities-to-climate-change-through-catchment-based-integrated-management-of-water-and-related-resources-in-uganda_d36a,https://fifspubprd.azureedge.net/afdocuments/project/4077/4077_EURECCCA%20Launch%20Workshop%20%20Report-May2017.pdf,application/pdf,971a0797612d047de876b41fa64bc981,AF.family.AF00000095.0,2016,parked
AF.document.AF00000095.n0002,Enhancing resilience of communities to climate change through catchment-based integrated management of water and related resources in Uganda — Mid-term evaluation report,https://cdn.climatepolicyradar.org/navigator/UGA/2016/enhancing-resilience-of-communities-to-climate-change-through-catchment-based-integrated-management-of-water-and-related-resources-in-uganda_b9c5ba8942821de7617ded4b22cf9254.pdf,2016-07-05T00:00:00Z,Mid-term evaluation,UGA,AF00000095,https://climateprojectexplorer.org/document/enhancing-resilience-of-communities-to-climate-change-through-catchment-based-integrated-management-of-water-and-related-resources-in-uganda_d36a,https://fifspubprd.azureedge.net/afdocuments/project/4077/4077_OSS-EURECCCA_Project_MTE_report_nov2019.pdf,application/pdf,b9c5ba8942821de7617ded4b22cf9254,AF.family.AF00000095.0,2016,kept
AF.document.009MHNWR.n0000,Addressing Climate Change Risks on Water Resources in Honduras: Increased Systemic Resilience and Reduced Vulnerability of the Urban Poor — Mid-term evaluation report,https://cdn.climatepolicyradar.org/navigator/HND/2010/addressing-climate-change-risks-on-water-resources-in-honduras-increased-systemic-resilience-and-reduced-vulnerability-of-the-urban-poor_303c7785ee7d2630e528c743a1d90fbf.pdf,2010-09-17T00:00:00Z,Mid-term evaluation,HND,009MHNWR,https://climateprojectexplorer.org/document/addressing-climate-change-risks-on-water-resources-in-honduras-increased-systemic-resilience-and-reduced-vulnerability-of-the-urban-poor_df09,https://fifspubprd.azureedge.net/afdocuments/project/62/62_SUBMISSION_UNDP_Honduras_Final_MTR_13Oct2014.pdf,application/pdf,303c7785ee7d2630e528c743a1d90fbf,AF.family.009MHNWR.0,2010,out_of_scope_geo
AF.document.009MHNWR.n0001,Addressing Climate Change Risks on Water Resources in Honduras: Increased Systemic Resilience and Reduced Vulnerability of the Urban Poor — Inception report,https://cdn.climatepolicyradar.org/navigator/HND/2010/addressing-climate-change-risks-on-water-resources-in-honduras-increased-systemic-resilience-and-reduced-vulnerability-of-the-urban-poor_adaf5c2a35a35eb608fa79e910748276.pdf,2010-09-17T00:00:00Z,Inception report,HND,009MHNWR,https://climateprojectexplorer.org/document/addressing-climate-change-risks-on-water-resources-in-honduras-increased-systemic-resilience-and-reduced-vulnerability-of-the-urban-poor_df09,https://fifspubprd.azureedge.net/afdocuments/project/62/62_Honduras_Inception%20Workshop%20Report%20final.pdf,application/pdf,adaf5c2a35a35eb608fa79e910748276,AF.family.009MHNWR.0,2010,out_of_scope_geo
AF.document.009MHNWR.n0006,Addressing Climate Change Risks on Water Resources in Honduras: Increased Systemic Resilience and Reduced Vulnerability of the Urban Poor — Project document,https://cdn.climatepolicyradar.org/navigator/HND/2010/addressing-climate-change-risks-on-water-resources-in-honduras-increased-systemic-resilience-and-reduced-vulnerability-of-the-urban-poor_c23e79bef61f32e17e34961acafb1983.pdf,2010-09-17T00:00:00Z,Project document,HND,009MHNWR,https://climateprojectexplorer.org/document/addressing-climate-change-risks-on-water-resources-in-honduras-increased-systemic-resilience-and-reduced-vulnerability-of-the-urban-poor_df09,https://fifspubprd.azureedge.net/afdocuments/project/62/62_AFB.PPRC_.2.7%20Proposal%20for%20Honduras.pdf,application/pdf,c23e79bef61f32e17e34961acafb1983,AF.family.009MHNWR.0,2010,out_of_scope_geo
AF.document.009MHNWR.n0007,Addressing Climate Change Risks on Water Resources in Honduras: Increased Systemic Resilience and Reduced Vulnerability of the Urban Poor — Final evaluation report,https://cdn.climatepolicyradar.org/navigator/HND/2010/addressing-climate-change-risks-on-water-resources-in-honduras-increased-systemic-resilience-and-reduced-vulnerability-of-the-urban-poor_0996c52e8a82f6caf973962e8972797c.pdf,2010-09-17T00:00:00Z,Final evaluation,HND,009MHNWR,https://climateprojectexplorer.org/document/addressing-climate-change-risks-on-water-resources-in-honduras-increased-systemic-resilience-and-reduced-vulnerability-of-the-urban-poor_df09,https://fifspubprd.azureedge.net/afdocuments/project/62/4399_AF_Honduras_Terminal%20eval%20report_May%2017.pdf,application/pdf,0996c52e8a82f6caf973962e8972797c,AF.family.009MHNWR.0,2010,out_of_scope_geo
AF.document.AF00000126.n0000,"Integrated climate-resilient transboundary flood risk management in the Drin River basin in the Western Balkans (Albania, the Former Yugoslav Republic of Macedonia, Montenegro) — Project document",https://cdn.climatepolicyradar.org/navigator/ALB/2019/integrated-climate-resilient-transboundary-flood-risk-management-in-the-drin-river-basin-in-the-western-balkans-albania-the-former-yugoslav-republic-of-macedonia-montenegro_53654f67ebdca5d7c6645fe2036fea68.pdf,2019-03-15T00:00:00Z,Project document,ALB;MKD;MNE,AF00000126,https://climateprojectexplorer.org/document/integrated-climate-resilient-transboundary-flood-risk-management-in-the-drin-river-basin-in-the-western-balkans-albania-the-former-yugoslav-republic-of-macedonia-montenegro_976a,https://fifspubprd.azureedge.net/afdocuments/project/6534/6534_6215_AF_Regional_Project-Proposal_resubmission_06-Feb-2019-clean-version.pdf,application/pdf,53654f67ebdca5d7c6645fe2036fea68,AF.family.AF00000126.0,2019,out_of_scope_geo
AF.document.AF00000126.n0001,"Integrated climate-resilient transboundary flood risk management in the Drin River basin in the Western Balkans (Albania, the Former Yugoslav Republic of Macedonia, Montenegro) — Inception report",https://cdn.climatepolicyradar.org/navigator/ALB/2019/integrated-climate-resilient-transboundary-flood-risk-management-in-the-drin-river-basin-in-the-western-balkans-albania-the-former-yugoslav-republic-of-macedonia-montenegro_d669ffa4bc17a90005f8a8f6200b7f25.pdf,2019-03-15T00:00:00Z,Inception report,ALB;MKD;MNE,AF00000126,https://climateprojectexplorer.org/document/integrated-climate-resilient-transboundary-flood-risk-management-in-the-drin-river-basin-in-the-western-balkans-albania-the-former-yugoslav-republic-of-macedonia-montenegro_976a,https://fifspubprd.azureedge.net/afdocuments/project/6534/6534_UNDP_AF_Drin_FRM_Narrative_Inception_Report_Sept_2020_v3.pdf,application/pdf,d669ffa4bc17a90005f8a8f6200b7f25,AF.family.AF00000126.0,2019,out_of_scope_geo
AF.document.AF00000126.n0005,"Integrated climate-resilient transboundary flood risk management in the Drin River basin in the Western Balkans (Albania, the Former Yugoslav Republic of Macedonia, Montenegro) — Mid-term evaluation report",https://cdn.climatepolicyradar.org/navigator/ALB/2019/integrated-climate-resilient-transboundary-flood-risk-management-in-the-drin-river-basin-in-the-western-balkans-albania-the-former-yugoslav-republic-of-macedonia-montenegro_f5e4288b53446870ee571877e6c8ffd7.pdf,2019-03-15T00:00:00Z,Mid-term evaluation,ALB;MKD;MNE,AF00000126,https://climateprojectexplorer.org/document/integrated-climate-resilient-transboundary-flood-risk-management-in-the-drin-river-basin-in-the-western-balkans-albania-the-former-yugoslav-republic-of-macedonia-montenegro_976a,https://fifspubprd.azureedge.net/afdocuments/project/6534/PIMS%206215%20Drin%20FRM%20MTR%20FINAL%20REPORT.pdf,application/pdf,f5e4288b53446870ee571877e6c8ffd7,AF.family.AF00000126.0,2019,out_of_scope_geo
AF.document.AF00000183.n0000,"Enhancing climate resilience of rural communities and ecosystems in Ahuachapán-Sur, El Salvador — Project document",https://cdn.climatepolicyradar.org/navigator/SLV/2019/enhancing-climate-resilience-of-rural-communities-and-ecosystems-in-ahuachapan-sur-el-salvador_7c048818cb01091e041b2450183545f0.pdf,2019-10-11T00:00:00Z,Project document,SLV,AF00000183,https://climateprojectexplorer.org/document/enhancing-climate-resilience-of-rural-communities-and-ecosystems-in-ahuachapan-sur-el-salvador_f077,https://fifspubprd.azureedge.net/afdocuments/project/12096/12096_6238_AF_El%20Salvador_Proposal_Dic%202019%20for%20resubm%20121219_5_.pdf,application/pdf,7c048818cb01091e041b2450183545f0,AF.family.AF00000183.0,2019,out_of_scope_geo
AF.document.AF00000183.n0001,"Enhancing climate resilience of rural communities and ecosystems in Ahuachapán-Sur, El Salvador — Inception report",https://cdn.climatepolicyradar.org/navigator/SLV/2019/enhancing-climate-resilience-of-rural-communities-and-ecosystems-in-ahuachapan-sur-el-salvador_a9c18122f4cb0b03ebc0a4d6a4e29c5e.pdf,2019-10-11T00:00:00Z,Inception report,SLV,AF00000183,https://climateprojectexplorer.org/document/enhancing-climate-resilience-of-rural-communities-and-ecosystems-in-ahuachapan-sur-el-salvador_f077,https://fifspubprd.azureedge.net/afdocuments/project/12096/12096_6238_AF_UNDP_El%20Salvador_Inception%20Report-%2011%20November%202021.pdf,application/pdf,a9c18122f4cb0b03ebc0a4d6a4e29c5e,AF.family.AF00000183.0,2019,out_of_scope_geo
AF.document.AF00000128.n0000,Building Resilience of the Agriculture Sector to Climate Change in Iraq — Project document,https://cdn.climatepolicyradar.org/navigator/IRQ/2018/building-resilience-of-the-agriculture-sector-to-climate-change-in-iraq_8b583fa73941890cff3cf127572e0bbb.pdf,2018-03-22T00:00:00Z,Project document,IRQ,AF00000128,https://climateprojectexplorer.org/document/building-resilience-of-the-agriculture-sector-to-climate-change-in-iraq_fb05,https://fifspubprd.azureedge.net/afdocuments/project/6535/6535_Project%20proposal-%20IRAQ%20-%20IFAD%20-%203%20Sept%202017%20-%20Clean.pdf,application/pdf,8b583fa73941890cff3cf127572e0bbb,AF.family.AF00000128.0,2018,out_of_scope_geo
AF.document.AF00000128.n0001,Building Resilience of the Agriculture Sector to Climate Change in Iraq — Inception report,https://cdn.climatepolicyradar.org/navigator/IRQ/2018/building-resilience-of-the-agriculture-sector-to-climate-change-in-iraq_ed131c1dce6b0cc1479b40da5acadb7f.pdf,2018-03-22T00:00:00Z,Inception report,IRQ,AF00000128,https://climateprojectexplorer.org/document/building-resilience-of-the-agriculture-sector-to-climate-change-in-iraq_fb05,https://fifspubprd.azureedge.net/afdocuments/project/6535/6535_BRAC-SARP%20Inception%20Workshop%20Report.pdf,application/pdf,ed131c1dce6b0cc1479b40da5acadb7f,AF.family.AF00000128.0,2018,out_of_scope_geo
AF.document.045MPECR.n0000,Adaptation to the Impacts of Climate Change on Peru's Coastal Marine Ecosystems and Fisheries — Inception report,https://cdn.climatepolicyradar.org/navigator/PER/2016/adaptation-to-the-impacts-of-climate-change-on-peru-s-coastal-marine-ecosystems-and-fisheries_06237990e8e8d039637c41e97721eb21.pdf,2016-03-18T00:00:00Z,Inception report,PER,045MPECR,https://climateprojectexplorer.org/document/adaptation-to-the-impacts-of-climate-change-on-peru-s-coastal-marine-ecosystems-and-fisheries_ae11,https://fifspubprd.azureedge.net/afdocuments/project/1429/1429_Profonanpe_Inception_Report.pdf,application/pdf,06237990e8e8d039637c41e97721eb21,AF.family.045MPECR.0,2016,out_of_scope_geo
AF.document.045MPECR.n0001,Adaptation to the Impacts of Climate Change on Peru's Coastal Marine Ecosystems and Fisheries — Project document,https://cdn.climatepolicyradar.org/navigator/PER/2016/adaptation-to-the-impacts-of-climate-change-on-peru-s-coastal-marine-ecosystems-and-fisheries_b72e876cad31cd9aaa138c85dabc478f.pdf,2016-03-18T00:00:00Z,Project document,PER,045MPECR,https://climateprojectexplorer.org/document/adaptation-to-the-impacts-of-climate-change-on-peru-s-coastal-marine-ecosystems-and-fisheries_ae11,https://fifspubprd.azureedge.net/afdocuments/project/1429/1429_Profonanpe_AFProject_Peru_02082016_track_tidy.pdf,application/pdf,b72e876cad31cd9aaa138c85dabc478f,AF.family.045MPECR.0,2016,out_of_scope_geo
AF.document.AF00000180.n0000,Building adaptive capacity to climate change in vulnerable communities living in the Congo River Basin — Project document,https://cdn.climatepolicyradar.org/navigator/COG/2019/building-adaptive-capacity-to-climate-change-in-vulnerable-communities-living-in-the-congo-river-basin_7f5f31adc29d83b5b81fea581485bd2e.pdf,2019-10-11T00:00:00Z,Project document,COG,AF00000180,https://climateprojectexplorer.org/document/building-adaptive-capacity-to-climate-change-in-vulnerable-communities-living-in-the-congo-river-basin_92ba,https://fifspubprd.azureedge.net/afdocuments/project/12093/12093_Congo%20Clean.pdf,application/pdf,7f5f31adc29d83b5b81fea581485bd2e,AF.family.AF00000180.0,2019,parked
AF.document.AF00000180.n0001,Building adaptive capacity to climate change in vulnerable communities living in the Congo River Basin — Inception report,https://cdn.climatepolicyradar.org/navigator/COG/2019/building-adaptive-capacity-to-climate-change-in-vulnerable-communities-living-in-the-congo-river-basin_4c1cc21d731fc00cd66956047b83132c.pdf,2019-10-11T00:00:00Z,Inception report,COG,AF00000180,https://climateprojectexplorer.org/document/building-adaptive-capacity-to-climate-change-in-vulnerable-communities-living-in-the-congo-river-basin_92ba,https://fifspubprd.azureedge.net/afdocuments/project/12093/12093_Project%20Inception%20Report%202022_Republic%20of%20Congo.pdf,application/pdf,4c1cc21d731fc00cd66956047b83132c,AF.family.AF00000180.0,2019,parked
AF.document.AF00000180.n0002,Building adaptive capacity to climate change in vulnerable communities living in the Congo River Basin — Project performance report 1,https://cdn.climatepolicyradar.org/navigator/COG/2019/building-adaptive-capacity-to-climate-change-in-vulnerable-communities-living-in-the-congo-river-basin_09c310a8fc5332329b7054b4fb0ffa78.pdf,2019-10-11T00:00:00Z,Performance report,COG,AF00000180,https://climateprojectexplorer.org/document/building-adaptive-capacity-to-climate-change-in-vulnerable-communities-living-in-the-congo-river-basin_92ba,https://fifspubprd.azureedge.net/afdocuments/project/12093/AF00000180_PPR1_Web.pdf,application/pdf,09c310a8fc5332329b7054b4fb0ffa78,AF.family.AF00000180.0,2019,parked_progress
AF.document.AF00000180.n0003,Building adaptive capacity to climate change in vulnerable communities living in the Congo River Basin — project performance report 2,https://cdn.climatepolicyradar.org/navigator/COG/2019/building-adaptive-capacity-to-climate-change-in-vulnerable-communities-living-in-the-congo-river-basin_7f6b60717b4c93a5be150c289d42febb.pdf,2019-10-11T00:00:00Z,Performance report,COG,AF00000180,https://climateprojectexplorer.org/document/building-adaptive-capacity-to-climate-change-in-vulnerable-communities-living-in-the-congo-river-basin_92ba,https://fifspubprd.azureedge.net/afdocuments/project/12093/AF00000180_PPR2_Web.pdf,application/pdf,7f6b60717b4c93a5be150c289d42febb,AF.family.AF00000180.0,2019,parked_progress
AF.document.AF00000096.n0000,"Enhancing Resilience of Agriculture to Climate Change to Support Food Security in Niger, through Modern Irrigation Techniques — Project document",https://cdn.climatepolicyradar.org/navigator/NER/2016/enhancing-resilience-of-agriculture-to-climate-change-to-support-food-security-in-niger-through-modern-irrigation-techniques_cf1ce91cb8c332e3a6b496e219aa46a2.pdf,2016-07-05T00:00:00Z,Project document,NER,AF00000096,https://climateprojectexplorer.org/document/enhancing-resilience-of-agriculture-to-climate-change-to-support-food-security-in-niger-through-modern-irrigation-techniques_e00c,https://fifspubprd.azureedge.net/afdocuments/project/4087/4087_Revised_PRRA-CC_FA-10_%205_16_clean.pdf,application/pdf,cf1ce91cb8c332e3a6b496e219aa46a2,AF.family.AF00000096.0,2016,parked
AF.document.AF00000096.n0001,"Enhancing Resilience of Agriculture to Climate Change to Support Food Security in Niger, through Modern Irrigation Techniques — Inception report",https://cdn.climatepolicyradar.org/navigator/NER/2016/enhancing-resilience-of-agriculture-to-climate-change-to-support-food-security-in-niger-through-modern-irrigation-techniques_81e0c5b66a673344c0bb19f2463acbf0.pdf,2016-07-05T00:00:00Z,Inception report,NER,AF00000096,https://climateprojectexplorer.org/document/enhancing-resilience-of-agriculture-to-climate-change-to-support-food-security-in-niger-through-modern-irrigation-techniques_e00c,https://fifspubprd.azureedge.net/afdocuments/project/4087/4087_Niger%20Inception%20report_%20Rapport%20%20du%20%20lancement%20du%20project%2017%20mars%202020%20PRRACC%20CORR%20%20English.pdf,application/pdf,81e0c5b66a673344c0bb19f2463acbf0,AF.family.AF00000096.0,2016,parked
AF.document.AF00000112.n0001,Community Adaptation for Forest-Food Based Management in Saddang Watershed Ecosystem — Inception report,https://cdn.climatepolicyradar.org/navigator/IDN/2019/community-adaptation-for-forest-food-based-management-in-saddang-watershed-ecosystem_4cd3c51dcb78ad4bcb59f38faa3a0a10.pdf,2019-07-08T00:00:00Z,Inception report,IDN,AF00000112,https://climateprojectexplorer.org/document/community-adaptation-for-forest-food-based-management-in-saddang-watershed-ecosystem_27c1,https://fifspubprd.azureedge.net/afdocuments/project/6314/6314_INCEPTION%20REPORT%20-%20Kemitraan_KAPABEL%20-%20South%20Sulawesi%20Saddang.pdf,application/pdf,4cd3c51dcb78ad4bcb59f38faa3a0a10,AF.family.AF00000112.0,2019,out_of_scope_geo
AF.document.AF00000112.n0000,Community Adaptation for Forest-Food Based Management in Saddang Watershed Ecosystem — project document,https://cdn.climatepolicyradar.org/navigator/IDN/2019/community-adaptation-for-forest-food-based-management-in-saddang-watershed-ecosystem_7d4bdf0cc11cd8b96fe6c03c7240dfaf.pdf,2019-07-08T00:00:00Z,project document,IDN,AF00000112,https://climateprojectexplorer.org/document/community-adaptation-for-forest-food-based-management-in-saddang-watershed-ecosystem_27c1,https://fifspubprd.azureedge.net/afdocuments/project/6314/6314_Clean%20for%20posting.pdf,application/pdf,7d4bdf0cc11cd8b96fe6c03c7240dfaf,AF.family.AF00000112.0,2019,out_of_scope_geo
AF.document.AF00000081.n0001,"Adapting to Climate Change in Lake Victoria Basin (Burundi, Kenya, Rwanda, Tanzania, Uganda) — Project pre-concept",https://cdn.climatepolicyradar.org/navigator/BDI/2017/adapting-to-climate-change-in-lake-victoria-basin-burundi-kenya-rwanda-tanzania-uganda_ab800065f31910129d679600bafe4fb2.pdf,2017-07-05T00:00:00Z,Project pre-concept,BDI;KEN;RWA;TZA;UGA,AF00000081,https://climateprojectexplorer.org/document/adapting-to-climate-change-in-lake-victoria-basin-burundi-kenya-rwanda-tanzania-uganda_7adc,https://fifspubprd.azureedge.net/afdocuments/project/1434/1434_AF%20Pre-Concept%20Lake%20Victoria_JUL%20UNEP.pdf,application/pdf,ab800065f31910129d679600bafe4fb2,AF.family.AF00000081.0,2017,parked
AF.document.AF00000081.n0003,"Adapting to Climate Change in Lake Victoria Basin (Burundi, Kenya, Rwanda, Tanzania, Uganda) — Inception report",https://cdn.climatepolicyradar.org/navigator/BDI/2017/adapting-to-climate-change-in-lake-victoria-basin-burundi-kenya-rwanda-tanzania-uganda_10d07eb02154f1840b7a158f5e68189f.pdf,2017-07-05T00:00:00Z,Inception report,BDI;KEN;RWA;TZA;UGA,AF00000081,https://climateprojectexplorer.org/document/adapting-to-climate-change-in-lake-victoria-basin-burundi-kenya-rwanda-tanzania-uganda_7adc,https://fifspubprd.azureedge.net/afdocuments/project/1434/1434_Report%20of%20the%20Scoping%20and%20Inception%20Workshop.pdf,application/pdf,10d07eb02154f1840b7a158f5e68189f,AF.family.AF00000081.0,2017,parked
AF.document.AF00000081.n0000,"Adapting to Climate Change in Lake Victoria Basin (Burundi, Kenya, Rwanda, Tanzania, Uganda) — Project document",https://cdn.climatepolicyradar.org/navigator/BDI/2017/adapting-to-climate-change-in-lake-victoria-basin-burundi-kenya-rwanda-tanzania-uganda_d768863ad509c60cbd5598006d8ae0d5.pdf,2017-07-05T00:00:00Z,Project document,BDI;KEN;RWA;TZA;UGA,AF00000081,https://climateprojectexplorer.org/document/adapting-to-climate-change-in-lake-victoria-basin-burundi-kenya-rwanda-tanzania-uganda_7adc,https://fifspubprd.azureedge.net/afdocuments/project/1434/1434_UNEP%20AF_PD_Lake%20Victoria%20Basin_Clean_ED6%20February%202017.pdf,application/pdf,d768863ad509c60cbd5598006d8ae0d5,AF.family.AF00000081.0,2017,parked
AF.document.AFRDG00067.n0000,Towards Climate and Economic Resilience: Development Sustainable Adaptation-based of Coffee Village and Tourism Village through Co-production Social Forestry — Project document,https://cdn.climatepolicyradar.org/navigator/IDN/2023/towards-climate-and-economic-resilience-development-sustainable-adaptation-based-of-coffee-village-and-tourism-village-through-co-production-social-forestry_80b6fa309a28c3c1fba51b02e9e73a91.pdf,2023-03-24T00:00:00Z,Project document,IDN,AFRDG00067,https://climateprojectexplorer.org/document/towards-climate-and-economic-resilience-development-sustainable-adaptation-based-of-coffee-village-and-tourism-village-through-co-production-social-forestry_7d21,https://fifspubprd.azureedge.net/afdocuments/project/15080/Kemitraan_Indonesia%20(2)_Clean.pdf,application/pdf,80b6fa309a28c3c1fba51b02e9e73a91,AF.family.AFRDG00067.0,2023,out_of_scope_geo
AF.document.AFRDG00067.n0001,Towards Climate and Economic Resilience: Development Sustainable Adaptation-based of Coffee Village and Tourism Village through Co-production Social Forestry — Inception report,https://cdn.climatepolicyradar.org/navigator/IDN/2023/towards-climate-and-economic-resilience-development-sustainable-adaptation-based-of-coffee-village-and-tourism-village-through-co-production-social-forestry_f70a3b5ea98466cffdc1b1f9e3ff81eb.pdf,2023-03-24T00:00:00Z,Inception report,IDN,AFRDG00067,https://climateprojectexplorer.org/document/towards-climate-and-economic-resilience-development-sustainable-adaptation-based-of-coffee-village-and-tourism-village-through-co-production-social-forestry_7d21,https://fifspubprd.azureedge.net/afdocuments/project/15080/Inception%20Report%20Small%20Innovation%20coffee%20Indonesia.pdf,application/pdf,f70a3b5ea98466cffdc1b1f9e3ff81eb,AF.family.AFRDG00067.0,2023,out_of_scope_geo
AF.document.030MARRR.n0001,Increasing Climate Resilience and Enhancing Sustainable Land Management in the Southwest of the Buenos Aires Province — Inception report,https://cdn.climatepolicyradar.org/navigator/ARG/2012/increasing-climate-resilience-and-enhancing-sustainable-land-management-in-the-southwest-of-the-buenos-aires-province_31ef41d050bac18c95b78b8bfe60bc4f.pdf,2012-12-14T00:00:00Z,Inception report,ARG,030MARRR,https://climateprojectexplorer.org/document/increasing-climate-resilience-and-enhancing-sustainable-land-management-in-the-southwest-of-the-buenos-aires-province_6c13,https://fifspubprd.azureedge.net/afdocuments/project/53/53_Inception%20Report-25%206%2015.pdf,application/pdf,31ef41d050bac18c95b78b8bfe60bc4f,AF.family.030MARRR.0,2012,out_of_scope_geo
AF.document.030MARRR.n0002,Increasing Climate Resilience and Enhancing Sustainable Land Management in the Southwest of the Buenos Aires Province — Mid-term evaluation report,https://cdn.climatepolicyradar.org/navigator/ARG/2012/increasing-climate-resilience-and-enhancing-sustainable-land-management-in-the-southwest-of-the-buenos-aires-province_d122ff45728e1484a1b5d08d7edf4f01.pdf,2012-12-14T00:00:00Z,Mid-term evaluation,ARG,030MARRR,https://climateprojectexplorer.org/document/increasing-climate-resilience-and-enhancing-sustainable-land-management-in-the-southwest-of-the-buenos-aires-province_6c13,https://fifspubprd.azureedge.net/afdocuments/project/53/53_AR%20AF%20Mid-Term%20Evaluation%20Report.pdf,application/pdf,d122ff45728e1484a1b5d08d7edf4f01,AF.family.030MARRR.0,2012,out_of_scope_geo
AF.document.030MARRR.n0003,Increasing Climate Resilience and Enhancing Sustainable Land Management in the Southwest of the Buenos Aires Province — Project completion report,https://cdn.climatepolicyradar.org/navigator/ARG/2012/increasing-climate-resilience-and-enhancing-sustainable-land-management-in-the-southwest-of-the-buenos-aires-province_a0ce41bdd1fd1180814e3afd66e43230.pdf,2012-12-14T00:00:00Z,Completion report,ARG,030MARRR,https://climateprojectexplorer.org/document/increasing-climate-resilience-and-enhancing-sustainable-land-management-in-the-southwest-of-the-buenos-aires-province_6c13,https://fifspubprd.azureedge.net/afdocuments/project/53/53_AF%20Project-Completion-Summary%20Argentina%20World%20Bank.pdf,application/pdf,a0ce41bdd1fd1180814e3afd66e43230,AF.family.030MARRR.0,2012,out_of_scope_geo
AF.document.030MARRR.n0004,Increasing Climate Resilience and Enhancing Sustainable Land Management in the Southwest of the Buenos Aires Province — Final evaluation report,https://cdn.climatepolicyradar.org/navigator/ARG/2012/increasing-climate-resilience-and-enhancing-sustainable-land-management-in-the-southwest-of-the-buenos-aires-province_6d316d1d53ae461c8401b0329dfd4f9c.pdf,2012-12-14T00:00:00Z,Final evaluation,ARG,030MARRR,https://climateprojectexplorer.org/document/increasing-climate-resilience-and-enhancing-sustainable-land-management-in-the-southwest-of-the-buenos-aires-province_6c13,https://fifspubprd.azureedge.net/afdocuments/project/53/53_Informe%20Final%20-%20CEIS%20Consultora.pdf,application/pdf,6d316d1d53ae461c8401b0329dfd4f9c,AF.family.030MARRR.0,2012,out_of_scope_geo
AF.document.AF00000119.n0000,"Strengthening Drought Resilience for Small Holder Farmers and Pastoralists in the IGAD Region (Djibouti, Kenya, Sudan, Uganda) — Project concept",https://cdn.climatepolicyradar.org/navigator/DJI/2019/strengthening-drought-resilience-for-small-holder-farmers-and-pastoralists-in-the-igad-region-djibouti-kenya-sudan-uganda_20ebe56a50212ad066cc9283819d1bf8.pdf,2019-10-11T00:00:00Z,Project concept,DJI;KEN;SDN;UGA,AF00000119,https://climateprojectexplorer.org/document/strengthening-drought-resilience-for-small-holder-farmers-and-pastoralists-in-the-igad-region-djibouti-kenya-sudan-uganda_03c2,https://fifspubprd.azureedge.net/afdocuments/project/6321/6321_Concept%20for%20Djibouti%20Kenya%20Sudan%20and%20Uganda.pdf,application/pdf,20ebe56a50212ad066cc9283819d1bf8,AF.family.AF00000119.0,2019,parked
AF.document.AF00000119.n0001,"Strengthening Drought Resilience for Small Holder Farmers and Pastoralists in the IGAD Region (Djibouti, Kenya, Sudan, Uganda) — projects documents",https://cdn.climatepolicyradar.org/navigator/DJI/2019/strengthening-drought-resilience-for-small-holder-farmers-and-pastoralists-in-the-igad-region-djibouti-kenya-sudan-uganda_6e3d76f243c225e74f1cc9cd91afe56e.pdf,2019-10-11T00:00:00Z,projects documents,DJI;KEN;SDN;UGA,AF00000119,https://climateprojectexplorer.org/document/strengthening-drought-resilience-for-small-holder-farmers-and-pastoralists-in-the-igad-region-djibouti-kenya-sudan-uganda_03c2,https://fifspubprd.azureedge.net/afdocuments/project/6321/6321_Proposal-for-Djibouti-Kenya-Sudan-Uganda.pdf,application/pdf,6e3d76f243c225e74f1cc9cd91afe56e,AF.family.AF00000119.0,2019,parked
AF.document.AF00000119.n0002,"Strengthening Drought Resilience for Small Holder Farmers and Pastoralists in the IGAD Region (Djibouti, Kenya, Sudan, Uganda) — Inception report",https://cdn.climatepolicyradar.org/navigator/DJI/2019/strengthening-drought-resilience-for-small-holder-farmers-and-pastoralists-in-the-igad-region-djibouti-kenya-sudan-uganda_ec48bded4d0f4d200b84d1365ae417f1.pdf,2019-10-11T00:00:00Z,Inception report,DJI;KEN;SDN;UGA,AF00000119,https://climateprojectexplorer.org/document/strengthening-drought-resilience-for-small-holder-farmers-and-pastoralists-in-the-igad-region-djibouti-kenya-sudan-uganda_03c2,https://fifspubprd.azureedge.net/afdocuments/project/6321/6321_DRESSEA_Inception_Worshop-Report_20201006.pdf,application/pdf,ec48bded4d0f4d200b84d1365ae417f1,AF.family.AF00000119.0,2019,parked
AF.document.060NCRMR.n0000,"Reducing the Vulnerability by Focusing on Critical Sectors (Agriculture, Water Resources and Coastlines) in order to Reduce the Negative Impacts of Climate Change and Improve the Resilience of these Sectors. — Project document",https://cdn.climatepolicyradar.org/navigator/CRI/2014/reducing-the-vulnerability-by-focusing-on-critical-sectors-agriculture-water-resources-and-coastlines-in-order-to-reduce-the-negative-impacts-of-climate-change-and-improve-the-resilience-of-these-sect_b93d67a78f5e3e9f6ba896c98c081646.pdf,2014-10-10T00:00:00Z,Project document,CRI,060NCRMR,https://climateprojectexplorer.org/document/reducing-the-vulnerability-by-focusing-on-critical-sectors-agriculture-water-resources-and-coastlines-in-order-to-reduce-the-negative-impacts-of-climate-change-and-improve-the-resilience-of-these-sectors_08f0,https://fifspubprd.azureedge.net/afdocuments/project/58/58_Costa%20Rica%20Programme%20Full%20Proposal.pdf,application/pdf,b93d67a78f5e3e9f6ba896c98c081646,AF.family.060NCRMR.0,2014,out_of_scope_geo
AF.document.060NCRMR.n0001,"Reducing the Vulnerability by Focusing on Critical Sectors (Agriculture, Water Resources and Coastlines) in order to Reduce the Negative Impacts of Climate Change and Improve the Resilience of these Sectors. — Project concept",https://cdn.climatepolicyradar.org/navigator/CRI/2014/reducing-the-vulnerability-by-focusing-on-critical-sectors-agriculture-water-resources-and-coastlines-in-order-to-reduce-the-negative-impacts-of-climate-change-and-improve-the-resilience-of-these-sect_ce69c2e9d2fe1757b10b6ca1b8314d81.pdf,2014-10-10T00:00:00Z,Project concept,CRI,060NCRMR,https://climateprojectexplorer.org/document/reducing-the-vulnerability-by-focusing-on-critical-sectors-agriculture-water-resources-and-coastlines-in-order-to-reduce-the-negative-impacts-of-climate-change-and-improve-the-resilience-of-these-sectors_08f0,https://fifspubprd.azureedge.net/afdocuments/project/58/58_Costa%20Rica%20Concept%20Proposal-FINAL.pdf,application/pdf,ce69c2e9d2fe1757b10b6ca1b8314d81,AF.family.060NCRMR.0,2014,out_of_scope_geo
AF.document.060NCRMR.n0004,"Reducing the Vulnerability by Focusing on Critical Sectors (Agriculture, Water Resources and Coastlines) in order to Reduce the Negative Impacts of Climate Change and Improve the Resilience of these Sectors. — Mid-term evaluation report",https://cdn.climatepolicyradar.org/navigator/CRI/2014/reducing-the-vulnerability-by-focusing-on-critical-sectors-agriculture-water-resources-and-coastlines-in-order-to-reduce-the-negative-impacts-of-climate-change-and-improve-the-resilience-of-these-sect_1eceb705569589bb148d6c9da99b5d03.pdf,2014-10-10T00:00:00Z,Mid-term evaluation,CRI,060NCRMR,https://climateprojectexplorer.org/document/reducing-the-vulnerability-by-focusing-on-critical-sectors-agriculture-water-resources-and-coastlines-in-order-to-reduce-the-negative-impacts-of-climate-change-and-improve-the-resilience-of-these-sectors_08f0,https://fifspubprd.azureedge.net/afdocuments/project/58/58_Costa%20Rica%20Mid-term%20Evaluation.pdf,application/pdf,1eceb705569589bb148d6c9da99b5d03,AF.family.060NCRMR.0,2014,out_of_scope_geo
AF.document.059NZAMR.n0000,Taking adaptation to the ground: A small Grants Facility for enabling local-level responses to climate change — Inception report,https://cdn.climatepolicyradar.org/navigator/ZAF/2014/taking-adaptation-to-the-ground-a-small-grants-facility-for-enabling-local-level-responses-to-climate-change_323fe3410824578d10bd4240a9242785.pdf,2014-10-10T00:00:00Z,Inception report,ZAF,059NZAMR,https://climateprojectexplorer.org/document/taking-adaptation-to-the-ground-a-small-grants-facility-for-enabling-local-level-responses-to-climate-change_5ff3,https://fifspubprd.azureedge.net/afdocuments/project/25/25_Community%20Adaptation%20SGF%20Project%20Inception%20report_final.pdf,application/pdf,323fe3410824578d10bd4240a9242785,AF.family.059NZAMR.0,2014,parked
AF.document.059NZAMR.n0001,Taking adaptation to the ground: A small Grants Facility for enabling local-level responses to climate change — Project document,https://cdn.climatepolicyradar.org/navigator/ZAF/2014/taking-adaptation-to-the-ground-a-small-grants-facility-for-enabling-local-level-responses-to-climate-change_3879fe37924f8607bb3c9bf8d5f061dc.pdf,2014-10-10T00:00:00Z,Project document,ZAF,059NZAMR,https://climateprojectexplorer.org/document/taking-adaptation-to-the-ground-a-small-grants-facility-for-enabling-local-level-responses-to-climate-change_5ff3,https://fifspubprd.azureedge.net/afdocuments/project/25/25_Proposal%20for%20South%20Africa%202_Small%20Grants%20Facility.pdf,application/pdf,3879fe37924f8607bb3c9bf8d5f061dc,AF.family.059NZAMR.0,2014,parked
AF.document.059NZAMR.n0003,Taking adaptation to the ground: A small Grants Facility for enabling local-level responses to climate change — Mid-term evaluation report,https://cdn.climatepolicyradar.org/navigator/ZAF/2014/taking-adaptation-to-the-ground-a-small-grants-facility-for-enabling-local-level-responses-to-climate-change_76542a04dd8839e4394040c7ab89df5c.pdf,2014-10-10T00:00:00Z,Mid-term evaluation,ZAF,059NZAMR,https://climateprojectexplorer.org/document/taking-adaptation-to-the-ground-a-small-grants-facility-for-enabling-local-level-responses-to-climate-change_5ff3,https://fifspubprd.azureedge.net/afdocuments/project/25/25_SGF%20MTE%20Report%20August%202018_Final-1.pdf,application/pdf,76542a04dd8839e4394040c7ab89df5c,AF.family.059NZAMR.0,2014,kept
AF.document.059NZAMR.n0009,Taking adaptation to the ground: A small Grants Facility for enabling local-level responses to climate change — Final evaluation report,https://cdn.climatepolicyradar.org/navigator/ZAF/2014/taking-adaptation-to-the-ground-a-small-grants-facility-for-enabling-local-level-responses-to-climate-change_84955dc77d2195dcf61cb702ff447c55.pdf,2014-10-10T00:00:00Z,Final evaluation,ZAF,059NZAMR,https://climateprojectexplorer.org/document/taking-adaptation-to-the-ground-a-small-grants-facility-for-enabling-local-level-responses-to-climate-change_5ff3,https://fifspubprd.azureedge.net/afdocuments/project/25/201214%20-%20Final%20SGF%20Terminal%20%20Evaluation.pdf,application/pdf,84955dc77d2195dcf61cb702ff447c55,AF.family.059NZAMR.0,2014,kept
AF.document.AF00000194.n0000,"Adapting to Climate Change through Sustainable Integrated Watershed Governance in Indigenous People of Ammatoa Kajang Customary Area in Bulukumba Regency, South Sulawesi Province, Indonesia — Project concept",https://cdn.climatepolicyradar.org/navigator/IDN/2020/adapting-to-climate-change-through-sustainable-integrated-watershed-governance-in-indigenous-people-of-ammatoa-kajang-customary-area-in-bulukumba-regency-south-sulawesi-province-indonesia_fdbb9ce6a3be829193d82fcb6eec1059.pdf,2020-09-23T00:00:00Z,Project concept,IDN,AF00000194,https://climateprojectexplorer.org/document/adapting-to-climate-change-through-sustainable-integrated-watershed-governance-in-indigenous-people-of-ammatoa-kajang-customary-area-in-bulukumba-regency-south-sulawesi-province-indonesia_19ee,https://fifspubprd.azureedge.net/afdocuments/project/12107/12107_Clean_Kemitraan_03_Payopayo.pdf,application/pdf,fdbb9ce6a3be829193d82fcb6eec1059,AF.family.AF00000194.0,2020,out_of_scope_geo
AF.document.AF00000194.n0001,"Adapting to Climate Change through Sustainable Integrated Watershed Governance in Indigenous People of Ammatoa Kajang Customary Area in Bulukumba Regency, South Sulawesi Province, Indonesia — Project document",https://cdn.climatepolicyradar.org/navigator/IDN/2020/adapting-to-climate-change-through-sustainable-integrated-watershed-governance-in-indigenous-people-of-ammatoa-kajang-customary-area-in-bulukumba-regency-south-sulawesi-province-indonesia_6cd24680079d276aff7fe47fccca62eb.pdf,2020-09-23T00:00:00Z,Project document,IDN,AF00000194,https://climateprojectexplorer.org/document/adapting-to-climate-change-through-sustainable-integrated-watershed-governance-in-indigenous-people-of-ammatoa-kajang-customary-area-in-bulukumba-regency-south-sulawesi-province-indonesia_19ee,https://fifspubprd.azureedge.net/afdocuments/project/12107/12107_Kemitraan_02_FULL%20PROPOSAL_PAYOPAYO_CleanProposal.pdf,application/pdf,6cd24680079d276aff7fe47fccca62eb,AF.family.AF00000194.0,2020,out_of_scope_geo
AF.document.AF00000194.n0002,"Adapting to Climate Change through Sustainable Integrated Watershed Governance in Indigenous People of Ammatoa Kajang Customary Area in Bulukumba Regency, South Sulawesi Province, Indonesia — Inception report",https://cdn.climatepolicyradar.org/navigator/IDN/2020/adapting-to-climate-change-through-sustainable-integrated-watershed-governance-in-indigenous-people-of-ammatoa-kajang-customary-area-in-bulukumba-regency-south-sulawesi-province-indonesia_923f337648f2f98b235aa84762ec0280.pdf,2020-09-23T00:00:00Z,Inception report,IDN,AF00000194,https://climateprojectexplorer.org/document/adapting-to-climate-change-through-sustainable-integrated-watershed-governance-in-indigenous-people-of-ammatoa-kajang-customary-area-in-bulukumba-regency-south-sulawesi-province-indonesia_19ee,https://fifspubprd.azureedge.net/afdocuments/project/12107/12107_Payopayo%20Inception%20report.pdf,application/pdf,923f337648f2f98b235aa84762ec0280,AF.family.AF00000194.0,2020,out_of_scope_geo
AF.document.AF00000194.n0003,"Adapting to Climate Change through Sustainable Integrated Watershed Governance in Indigenous People of Ammatoa Kajang Customary Area in Bulukumba Regency, South Sulawesi Province, Indonesia — Mid-term evaluation report",https://cdn.climatepolicyradar.org/navigator/IDN/2020/adapting-to-climate-change-through-sustainable-integrated-watershed-governance-in-indigenous-people-of-ammatoa-kajang-customary-area-in-bulukumba-regency-south-sulawesi-province-indonesia_d28a1ac84ade35b24da8b6c2b4c36cbe.pdf,2020-09-23T00:00:00Z,Mid-term evaluation,IDN,AF00000194,https://climateprojectexplorer.org/document/adapting-to-climate-change-through-sustainable-integrated-watershed-governance-in-indigenous-people-of-ammatoa-kajang-customary-area-in-bulukumba-regency-south-sulawesi-province-indonesia_19ee,https://fifspubprd.azureedge.net/afdocuments/project/12107/12107_Mid-term%20Report_Payo-Payo__2022_EN_full_PME%20rev.pdf,application/pdf,d28a1ac84ade35b24da8b6c2b4c36cbe,AF.family.AF00000194.0,2020,out_of_scope_geo
AF.document.AF00000125.n0000,Improving adaptive capacity of vulnerable and food-insecure populations in Lesotho — Project document,https://cdn.climatepolicyradar.org/navigator/LSO/2019/improving-adaptive-capacity-of-vulnerable-and-food-insecure-populations-in-lesotho_2fdc3fd780013fe466a4edfc02caa476.pdf,2019-07-08T00:00:00Z,Project document,LSO,AF00000125,https://climateprojectexplorer.org/document/improving-adaptive-capacity-of-vulnerable-and-food-insecure-populations-in-lesotho_0deb,https://fifspubprd.azureedge.net/afdocuments/project/6533/6533_Lesotho%20for%20web.pdf,application/pdf,2fdc3fd780013fe466a4edfc02caa476,AF.family.AF00000125.0,2019,parked
AF.document.AF00000125.n0001,Improving adaptive capacity of vulnerable and food-insecure populations in Lesotho — Inception report,https://cdn.climatepolicyradar.org/navigator/LSO/2019/improving-adaptive-capacity-of-vulnerable-and-food-insecure-populations-in-lesotho_40e0aa66dfdb06e6fa75e234ce3a7c6a.pdf,2019-07-08T00:00:00Z,Inception report,LSO,AF00000125,https://climateprojectexplorer.org/document/improving-adaptive-capacity-of-vulnerable-and-food-insecure-populations-in-lesotho_0deb,https://fifspubprd.azureedge.net/afdocuments/project/6533/6533_AF%20Lesotho_IACOV%20Project%20Inception%20report%20final_annexes.pdf,application/pdf,40e0aa66dfdb06e6fa75e234ce3a7c6a,AF.family.AF00000125.0,2019,parked
AF.document.AF00000125.n0004,Improving adaptive capacity of vulnerable and food-insecure populations in Lesotho — Mid-term evaluation report,https://cdn.climatepolicyradar.org/navigator/LSO/2019/improving-adaptive-capacity-of-vulnerable-and-food-insecure-populations-in-lesotho_fce70c98c1419b40b3dfbbe71f4dffa2.pdf,2019-07-08T00:00:00Z,Mid-term evaluation,LSO,AF00000125,https://climateprojectexplorer.org/document/improving-adaptive-capacity-of-vulnerable-and-food-insecure-populations-in-lesotho_0deb,https://fifspubprd.azureedge.net/afdocuments/project/6533/MTR%20report%20Lesotho%20IACOV%20project.pdf,application/pdf,fce70c98c1419b40b3dfbbe71f4dffa2,AF.family.AF00000125.0,2019,kept
AF.document.AF00000125.n0005,Improving adaptive capacity of vulnerable and food-insecure populations in Lesotho — project monitoring report 3,https://cdn.climatepolicyradar.org/navigator/LSO/2019/improving-adaptive-capacity-of-vulnerable-and-food-insecure-populations-in-lesotho_3af69300413ada359586e55a162e43bf.pdf,2019-07-08T00:00:00Z,project monitoring report 3,LSO,AF00000125,https://climateprojectexplorer.org/document/improving-adaptive-capacity-of-vulnerable-and-food-insecure-populations-in-lesotho_0deb,https://fifspubprd.azureedge.net/afdocuments/project/6533/AF00000125_PPR3_Web.pdf,application/pdf,3af69300413ada359586e55a162e43bf,AF.family.AF00000125.0,2019,parked
AF.document.AF00000160.n0000,Adapting to Climate Change Through Integrated Risk Management Strategies and Enhanced Market Opportunities for Resilient Food Security and Livelihoods — Project document,https://cdn.climatepolicyradar.org/navigator/MWI/2019/adapting-to-climate-change-through-integrated-risk-management-strategies-and-enhanced-market-opportunities-for-resilient-food-security-and-livelihoods_a22b02b3a5e71511a385c5baf518a8cc.pdf,2019-10-11T00:00:00Z,Project document,MWI,AF00000160,https://climateprojectexplorer.org/document/adapting-to-climate-change-through-integrated-risk-management-strategies-and-enhanced-market-opportunities-for-resilient-food-security-and-livelihoods_04b9,https://fifspubprd.azureedge.net/afdocuments/project/8901/8901_WFP%20AF%20project%20proposal%20Malawi%20resubmission%202%20September%202019%20clean.pdf,application/pdf,a22b02b3a5e71511a385c5baf518a8cc,AF.family.AF00000160.0,2019,parked
AF.document.AF00000160.n0001,Adapting to Climate Change Through Integrated Risk Management Strategies and Enhanced Market Opportunities for Resilient Food Security and Livelihoods — Inception report,https://cdn.climatepolicyradar.org/navigator/MWI/2019/adapting-to-climate-change-through-integrated-risk-management-strategies-and-enhanced-market-opportunities-for-resilient-food-security-and-livelihoods_1e536a92035b613b4e0bd97d0273b92f.pdf,2019-10-11T00:00:00Z,Inception report,MWI,AF00000160,https://climateprojectexplorer.org/document/adapting-to-climate-change-through-integrated-risk-management-strategies-and-enhanced-market-opportunities-for-resilient-food-security-and-livelihoods_04b9,https://fifspubprd.azureedge.net/afdocuments/project/8901/8901_MALAWI%20WFP%20AF%20Inception%20report%20FINAL.pdf,application/pdf,1e536a92035b613b4e0bd97d0273b92f,AF.family.AF00000160.0,2019,parked
AF.document.AF00000160.n0004,Adapting to Climate Change Through Integrated Risk Management Strategies and Enhanced Market Opportunities for Resilient Food Security and Livelihoods — project performance report 3,https://cdn.climatepolicyradar.org/navigator/MWI/2019/adapting-to-climate-change-through-integrated-risk-management-strategies-and-enhanced-market-opportunities-for-resilient-food-security-and-livelihoods_f98d653adac1bbf7b2c7b760a1115e04.pdf,2019-10-11T00:00:00Z,Performance report,MWI,AF00000160,https://climateprojectexplorer.org/document/adapting-to-climate-change-through-integrated-risk-management-strategies-and-enhanced-market-opportunities-for-resilient-food-security-and-livelihoods_04b9,https://fifspubprd.azureedge.net/afdocuments/project/8901/AF00000160_PPR3_Web.pdf,application/pdf,f98d653adac1bbf7b2c7b760a1115e04,AF.family.AF00000160.0,2019,parked_progress
AF.document.AF00000160.n0005,Adapting to Climate Change Through Integrated Risk Management Strategies and Enhanced Market Opportunities for Resilient Food Security and Livelihoods — Mid-term evaluation report,https://cdn.climatepolicyradar.org/navigator/MWI/2019/adapting-to-climate-change-through-integrated-risk-management-strategies-and-enhanced-market-opportunities-for-resilient-food-security-and-livelihoods_9a34f0918a4bfa566c4b4e5251f08352.pdf,2019-10-11T00:00:00Z,Mid-term evaluation,MWI,AF00000160,https://climateprojectexplorer.org/document/adapting-to-climate-change-through-integrated-risk-management-strategies-and-enhanced-market-opportunities-for-resilient-food-security-and-livelihoods_04b9,https://fifspubprd.azureedge.net/afdocuments/project/8901/WFP%20Adaptation%20Fund%20-%20MTR%20-%20FINAL%20Report_Clean%20Version-03Nov2023.pdf,application/pdf,9a34f0918a4bfa566c4b4e5251f08352,AF.family.AF00000160.0,2019,kept
AF.document.AF00000109.n0000,"Building urban climate resilience in south-eastern Africa (Madagascar, Malawi, Mozambique, Union of Comoros) — Project document",https://cdn.climatepolicyradar.org/navigator/COM/2019/building-urban-climate-resilience-in-south-eastern-africa-madagascar-malawi-mozambique-union-of-comoros_a6267dc612c7afb532390cdb70595f22.pdf,2019-07-15T00:00:00Z,Project document,COM;MDG;MWI,AF00000109,https://climateprojectexplorer.org/document/building-urban-climate-resilience-in-south-eastern-africa-madagascar-malawi-mozambique-union-of-comoros_adda,https://fifspubprd.azureedge.net/afdocuments/project/5199/5199_AF%20full%20proposal%20SE%20Africa_UN-Habitat_Jan%202019.pdf,application/pdf,a6267dc612c7afb532390cdb70595f22,AF.family.AF00000109.0,2019,parked
AF.document.AF00000109.n0003,"Building urban climate resilience in south-eastern Africa (Madagascar, Malawi, Mozambique, Union of Comoros) — Mid-term evaluation report",https://cdn.climatepolicyradar.org/navigator/COM/2019/building-urban-climate-resilience-in-south-eastern-africa-madagascar-malawi-mozambique-union-of-comoros_22f516c20aac506f2aa10eaa942b9dad.pdf,2019-07-15T00:00:00Z,Mid-term evaluation,COM;MDG;MWI,AF00000109,https://climateprojectexplorer.org/document/building-urban-climate-resilience-in-south-eastern-africa-madagascar-malawi-mozambique-union-of-comoros_adda,https://fifspubprd.azureedge.net/afdocuments/project/5199/UN-HabitatMgmnt%20response-finalCorrect.pdf,application/pdf,22f516c20aac506f2aa10eaa942b9dad,AF.family.AF00000109.0,2019,kept
AF.document.AF00000109.n0004,"Building urban climate resilience in south-eastern Africa (Madagascar, Malawi, Mozambique, Union of Comoros) — Project performance report 3",https://cdn.climatepolicyradar.org/navigator/COM/2019/building-urban-climate-resilience-in-south-eastern-africa-madagascar-malawi-mozambique-union-of-comoros_37d13190b1256784a0a3ebc20a878950.pdf,2019-07-15T00:00:00Z,Performance report,COM;MDG;MWI,AF00000109,https://climateprojectexplorer.org/document/building-urban-climate-resilience-in-south-eastern-africa-madagascar-malawi-mozambique-union-of-comoros_adda,https://fifspubprd.azureedge.net/afdocuments/project/5199/AF00000109_PPR3_Web.pdf,application/pdf,37d13190b1256784a0a3ebc20a878950,AF.family.AF00000109.0,2019,parked_progress
AF.document.AF00000122.n0000,"Integrating Flood and Drought Management and Early Warning for Climate Change Adaptation in the Volta Basin (Benin, Burkina Faso, Côte d’Ivoire, Ghana, Mali, Togo) — Project pre-concept",https://cdn.climatepolicyradar.org/navigator/BEN/2018/integrating-flood-and-drought-management-and-early-warning-for-climate-change-adaptation-in-the-volta-basin-benin-burkina-faso-cote-divoire-ghana-mali-togo_cfcbcd20830efc647c758e0845e8fe6c.pdf,2018-10-12T00:00:00Z,Project pre-concept,BEN;BFA;CIV;GHA;MLI;TGO,AF00000122,https://climateprojectexplorer.org/document/integrating-flood-and-drought-management-and-early-warning-for-climate-change-adaptation-in-the-volta-basin-benin-burkina-faso-cote-divoire-ghana-mali-togo_2f53,https://fifspubprd.azureedge.net/afdocuments/project/6324/6324_Pre-concept%20AF%20-%20Volta%20Basin%20v4%20-%2005092017.pdf,application/pdf,cfcbcd20830efc647c758e0845e8fe6c,AF.family.AF00000122.0,2018,parked
AF.document.AF00000122.n0001,"Integrating Flood and Drought Management and Early Warning for Climate Change Adaptation in the Volta Basin (Benin, Burkina Faso, Côte d’Ivoire, Ghana, Mali, Togo) — Project concept",https://cdn.climatepolicyradar.org/navigator/BEN/2018/integrating-flood-and-drought-management-and-early-warning-for-climate-change-adaptation-in-the-volta-basin-benin-burkina-faso-cote-divoire-ghana-mali-togo_b52c18c59dd54de50891147294461b29.pdf,2018-10-12T00:00:00Z,Project concept,BEN;BFA;CIV;GHA;MLI;TGO,AF00000122,https://climateprojectexplorer.org/document/integrating-flood-and-drought-management-and-early-warning-for-climate-change-adaptation-in-the-volta-basin-benin-burkina-faso-cote-divoire-ghana-mali-togo_2f53,https://fifspubprd.azureedge.net/afdocuments/project/6324/6324_English%20version%20Volta%20Full%20CN12Feb2018-clean.pdf,application/pdf,b52c18c59dd54de50891147294461b29,AF.family.AF00000122.0,2018,parked
AF.document.AF00000122.n0002,"Integrating Flood and Drought Management and Early Warning for Climate Change Adaptation in the Volta Basin (Benin, Burkina Faso, Côte d’Ivoire, Ghana, Mali, Togo) — Project document",https://cdn.climatepolicyradar.org/navigator/BEN/2018/integrating-flood-and-drought-management-and-early-warning-for-climate-change-adaptation-in-the-volta-basin-benin-burkina-faso-cote-divoire-ghana-mali-togo_52234284469ddb9ff018316ebecc4111.pdf,2018-10-12T00:00:00Z,Project document,BEN;BFA;CIV;GHA;MLI;TGO,AF00000122,https://climateprojectexplorer.org/document/integrating-flood-and-drought-management-and-early-warning-for-climate-change-adaptation-in-the-volta-basin-benin-burkina-faso-cote-divoire-ghana-mali-togo_2f53,https://fifspubprd.azureedge.net/afdocuments/project/6324/6324_Volta%20Full%20Project%20Proposal%20Without%20Track%20Changes.pdf,application/pdf,52234284469ddb9ff018316ebecc4111,AF.family.AF00000122.0,2018,parked
AF.document.AF00000122.n0003,"Integrating Flood and Drought Management and Early Warning for Climate Change Adaptation in the Volta Basin (Benin, Burkina Faso, Côte d’Ivoire, Ghana, Mali, Togo) — Inception report",https://cdn.climatepolicyradar.org/navigator/BEN/2018/integrating-flood-and-drought-management-and-early-warning-for-climate-change-adaptation-in-the-volta-basin-benin-burkina-faso-cote-divoire-ghana-mali-togo_6b15e87587371225fc89072890f5973b.pdf,2018-10-12T00:00:00Z,Inception report,BEN;BFA;CIV;GHA;MLI;TGO,AF00000122,https://climateprojectexplorer.org/document/integrating-flood-and-drought-management-and-early-warning-for-climate-change-adaptation-in-the-volta-basin-benin-burkina-faso-cote-divoire-ghana-mali-togo_2f53,https://fifspubprd.azureedge.net/afdocuments/project/6324/6324_Inception%20workshop%20and%20Executing%20Partners%20report%20Volta%20Project%20WMO%2024%20July%202019.pdf,application/pdf,6b15e87587371225fc89072890f5973b,AF.family.AF00000122.0,2018,parked
AF.document.AF00000122.n0005,"Integrating Flood and Drought Management and Early Warning for Climate Change Adaptation in the Volta Basin (Benin, Burkina Faso, Côte d’Ivoire, Ghana, Mali, Togo) — Mid-term evaluation report",https://cdn.climatepolicyradar.org/navigator/BEN/2018/integrating-flood-and-drought-management-and-early-warning-for-climate-change-adaptation-in-the-volta-basin-benin-burkina-faso-cote-divoire-ghana-mali-togo_8a1753d693b2ede4fd5581850e25f5de.pdf,2018-10-12T00:00:00Z,Mid-term evaluation,BEN;BFA;CIV;GHA;MLI;TGO,AF00000122,https://climateprojectexplorer.org/document/integrating-flood-and-drought-management-and-early-warning-for-climate-change-adaptation-in-the-volta-basin-benin-burkina-faso-cote-divoire-ghana-mali-togo_2f53,https://fifspubprd.azureedge.net/afdocuments/project/6324/6324_MTE%20report_draft-final-UK_VFDM%20.pdf,application/pdf,8a1753d693b2ede4fd5581850e25f5de,AF.family.AF00000122.0,2018,kept
AF.document.AF00000115.n0000,Flood Resilience in Ulaanbaatar Ger Areas &#8211; Climate Change Adaptation through community-driven small-scale protective and basic-services interventions — Project document,https://cdn.climatepolicyradar.org/navigator/MNG/2018/flood-resilience-in-ulaanbaatar-ger-areas-climate-change-adaptation-through-community-driven-small-scale-protective-and-basic-services-interventions_6059197acc5e8387fa4b5d3b9e792bd8.pdf,2018-07-16T00:00:00Z,Project document,MNG,AF00000115,https://climateprojectexplorer.org/document/flood-resilience-in-ulaanbaatar-ger-areas-climate-change-adaptation-through-community-driven-small-scale-protective-and-basic-services-interventions_c466,https://fifspubprd.azureedge.net/afdocuments/project/6317/6317_14-May-2018-Resubmission-Mongolia-Full-Project-Proposal-Updated-18-May-CLEAN.pdf,application/pdf,6059197acc5e8387fa4b5d3b9e792bd8,AF.family.AF00000115.0,2018,out_of_scope_geo
AF.document.AF00000115.n0001,Flood Resilience in Ulaanbaatar Ger Areas &#8211; Climate Change Adaptation through community-driven small-scale protective and basic-services interventions — Inception report,https://cdn.climatepolicyradar.org/navigator/MNG/2018/flood-resilience-in-ulaanbaatar-ger-areas-climate-change-adaptation-through-community-driven-small-scale-protective-and-basic-services-interventions_837194fbda25e1513a7e2ee0613aba16.pdf,2018-07-16T00:00:00Z,Inception report,MNG,AF00000115,https://climateprojectexplorer.org/document/flood-resilience-in-ulaanbaatar-ger-areas-climate-change-adaptation-through-community-driven-small-scale-protective-and-basic-services-interventions_c466,https://fifspubprd.azureedge.net/afdocuments/project/6317/6317_2019-03-26%20AF%20Mongolia%20Inception%20report.pdf,application/pdf,837194fbda25e1513a7e2ee0613aba16,AF.family.AF00000115.0,2018,out_of_scope_geo
AF.document.AF00000115.n0004,Flood Resilience in Ulaanbaatar Ger Areas &#8211; Climate Change Adaptation through community-driven small-scale protective and basic-services interventions — Mid-term evaluation report,https://cdn.climatepolicyradar.org/navigator/MNG/2018/flood-resilience-in-ulaanbaatar-ger-areas-climate-change-adaptation-through-community-driven-small-scale-protective-and-basic-services-interventions_ccc0543038d9526a37674dfebd538437.pdf,2018-07-16T00:00:00Z,Mid-term evaluation,MNG,AF00000115,https://climateprojectexplorer.org/document/flood-resilience-in-ulaanbaatar-ger-areas-climate-change-adaptation-through-community-driven-small-scale-protective-and-basic-services-interventions_c466,https://fifspubprd.azureedge.net/afdocuments/project/6317/6317_Midterm%20Evaluation%20Report%20revised%20Oct%202022_final.pdf,application/pdf,ccc0543038d9526a37674dfebd538437,AF.family.AF00000115.0,2018,out_of_scope_geo
AF.document.AF00000106.n0000,An integrated approach to physical adaptation and community resilience in Antigua and Barbuda&#8217;s northwest McKinnon&#8217;s watershed — Project document,https://cdn.climatepolicyradar.org/navigator/ATG/2017/an-integrated-approach-to-physical-adaptation-and-community-resilience-in-antigua-and-barbuda-s-northwest-mckinnon-s-watershed_187c6670e344156fd027f9584120d6dc.pdf,2017-03-17T00:00:00Z,Project document,ATG,AF00000106,https://climateprojectexplorer.org/document/an-integrated-approach-to-physical-adaptation-and-community-resilience-in-antigua-and-barbuda-s-northwest-mckinnon-s-watershed_0e0b,https://fifspubprd.azureedge.net/afdocuments/project/5192/5192_AF_FullDoc_Antigua%20Integrated%20Approach%20to%20Adaptation_Revised%202%20Feb%202017.pdf,application/pdf,187c6670e344156fd027f9584120d6dc,AF.family.AF00000106.0,2017,out_of_scope_geo
AF.document.AF00000106.n0001,An integrated approach to physical adaptation and community resilience in Antigua and Barbuda&#8217;s northwest McKinnon&#8217;s watershed — Project concept,https://cdn.climatepolicyradar.org/navigator/ATG/2017/an-integrated-approach-to-physical-adaptation-and-community-resilience-in-antigua-and-barbuda-s-northwest-mckinnon-s-watershed_546d7d9e580be1563b340569bf5a8e35.pdf,2017-03-17T00:00:00Z,Project concept,ATG,AF00000106,https://climateprojectexplorer.org/document/an-integrated-approach-to-physical-adaptation-and-community-resilience-in-antigua-and-barbuda-s-northwest-mckinnon-s-watershed_0e0b,https://fifspubprd.azureedge.net/afdocuments/project/5192/5192_Antigua_and_Barbuda_proposal_for_posting.pdf,application/pdf,546d7d9e580be1563b340569bf5a8e35,AF.family.AF00000106.0,2017,out_of_scope_geo
AF.document.AF00000106.n0002,An integrated approach to physical adaptation and community resilience in Antigua and Barbuda&#8217;s northwest McKinnon&#8217;s watershed — Inception report,https://cdn.climatepolicyradar.org/navigator/ATG/2017/an-integrated-approach-to-physical-adaptation-and-community-resilience-in-antigua-and-barbuda-s-northwest-mckinnon-s-watershed_188fcce7f2e62959f8069edcf95a2e15.pdf,2017-03-17T00:00:00Z,Inception report,ATG,AF00000106,https://climateprojectexplorer.org/document/an-integrated-approach-to-physical-adaptation-and-community-resilience-in-antigua-and-barbuda-s-northwest-mckinnon-s-watershed_0e0b,https://fifspubprd.azureedge.net/afdocuments/project/5192/5192_Adaptation%20Fund%20Project%20Launch%20Workshop%20Minutes_1%20Aug%202017.pdf,application/pdf,188fcce7f2e62959f8069edcf95a2e15,AF.family.AF00000106.0,2017,out_of_scope_geo
AF.document.AF00000106.n0005,An integrated approach to physical adaptation and community resilience in Antigua and Barbuda&#8217;s northwest McKinnon&#8217;s watershed — Mid-term evaluation report,https://cdn.climatepolicyradar.org/navigator/ATG/2017/an-integrated-approach-to-physical-adaptation-and-community-resilience-in-antigua-and-barbuda-s-northwest-mckinnon-s-watershed_7ef5f4cc0afd3983425871fa5ca576d9.pdf,2017-03-17T00:00:00Z,Mid-term evaluation,ATG,AF00000106,https://climateprojectexplorer.org/document/an-integrated-approach-to-physical-adaptation-and-community-resilience-in-antigua-and-barbuda-s-northwest-mckinnon-s-watershed_0e0b,https://fifspubprd.azureedge.net/afdocuments/project/5192/5192_MTR%20Jan%2021%202021.pdf,application/pdf,7ef5f4cc0afd3983425871fa5ca576d9,AF.family.AF00000106.0,2017,out_of_scope_geo
AF.document.AF00000105.n0000,Enhancing urban resilience to climate change impacts and natural disasters: Honiara — Project document,https://cdn.climatepolicyradar.org/navigator/SLB/2017/enhancing-urban-resilience-to-climate-change-impacts-and-natural-disasters-honiara_dec85e811f6ad088a6dd8f0e319963bc.pdf,2017-10-10T00:00:00Z,Project document,SLB,AF00000105,https://climateprojectexplorer.org/document/enhancing-urban-resilience-to-climate-change-impacts-and-natural-disasters-honiara_2d42,https://fifspubprd.azureedge.net/afdocuments/project/4135/4135_AF%20full%20Project%20Propoals%20SOLOMON%20ISLANDS%20MIE%20UN%20Habitat%204%20Sept%202017.pdf,application/pdf,dec85e811f6ad088a6dd8f0e319963bc,AF.family.AF00000105.0,2017,out_of_scope_geo
AF.document.AF00000105.n0003,Enhancing urban resilience to climate change impacts and natural disasters: Honiara — Mid-term evaluation report,https://cdn.climatepolicyradar.org/navigator/SLB/2017/enhancing-urban-resilience-to-climate-change-impacts-and-natural-disasters-honiara_de9bb586bcf0e152ba32c3dcfb1d7ba2.pdf,2017-10-10T00:00:00Z,Mid-term evaluation,SLB,AF00000105,https://climateprojectexplorer.org/document/enhancing-urban-resilience-to-climate-change-impacts-and-natural-disasters-honiara_2d42,https://fifspubprd.azureedge.net/afdocuments/project/4135/4135_MIDTERM%20EVALUATION%20CRH_final.pdf,application/pdf,de9bb586bcf0e152ba32c3dcfb1d7ba2,AF.family.AF00000105.0,2017,out_of_scope_geo
AF.document.AF00000104.n0000,Ecosystem-Based Adaptation at Communities of the Central Forest Corridor in Tegucigalpa — Project document,https://cdn.climatepolicyradar.org/navigator/HND/2017/ecosystem-based-adaptation-at-communities-of-the-central-forest-corridor-in-tegucigalpa_68624e83641e13f1dcaec1f2c2b72d68.pdf,2017-03-17T00:00:00Z,Project document,HND,AF00000104,https://climateprojectexplorer.org/document/ecosystem-based-adaptation-at-communities-of-the-central-forest-corridor-in-tegucigalpa_c158,https://fifspubprd.azureedge.net/afdocuments/project/4137/4137_5839_AF_%20Honduras_Project%20Proposal_Resubmission%2003Feb2017-clean.pdf,application/pdf,68624e83641e13f1dcaec1f2c2b72d68,AF.family.AF00000104.0,2017,out_of_scope_geo
AF.document.AF00000104.n0001,Ecosystem-Based Adaptation at Communities of the Central Forest Corridor in Tegucigalpa — Inception report,https://cdn.climatepolicyradar.org/navigator/HND/2017/ecosystem-based-adaptation-at-communities-of-the-central-forest-corridor-in-tegucigalpa_554f63cf5bc2a99a8eea85bc7edc3ca7.pdf,2017-03-17T00:00:00Z,Inception report,HND,AF00000104,https://climateprojectexplorer.org/document/ecosystem-based-adaptation-at-communities-of-the-central-forest-corridor-in-tegucigalpa_c158,https://fifspubprd.azureedge.net/afdocuments/project/4137/4137_5839_AF_%20Honduras_Inception%20Report_Dec%202019.pdf,application/pdf,554f63cf5bc2a99a8eea85bc7edc3ca7,AF.family.AF00000104.0,2017,out_of_scope_geo
AF.document.AF00000104.n0004,Ecosystem-Based Adaptation at Communities of the Central Forest Corridor in Tegucigalpa — Mid-term evaluation report,https://cdn.climatepolicyradar.org/navigator/HND/2017/ecosystem-based-adaptation-at-communities-of-the-central-forest-corridor-in-tegucigalpa_8b6478761135e83cf33e4748c963dd18.pdf,2017-03-17T00:00:00Z,Mid-term evaluation,HND,AF00000104,https://climateprojectexplorer.org/document/ecosystem-based-adaptation-at-communities-of-the-central-forest-corridor-in-tegucigalpa_c158,https://fifspubprd.azureedge.net/afdocuments/project/4137/4137_5839%20Final%20Report%20MTE%20AdaptarC_English_29122021.pdf,application/pdf,8b6478761135e83cf33e4748c963dd18,AF.family.AF00000104.0,2017,out_of_scope_geo
AF.document.AF00000104.n0006,Ecosystem-Based Adaptation at Communities of the Central Forest Corridor in Tegucigalpa — Project performance report 4,https://cdn.climatepolicyradar.org/navigator/HND/2017/ecosystem-based-adaptation-at-communities-of-the-central-forest-corridor-in-tegucigalpa_5eb78527836a15ba1cb7bbc92ace7c66.pdf,2017-03-17T00:00:00Z,Performance report,HND,AF00000104,https://climateprojectexplorer.org/document/ecosystem-based-adaptation-at-communities-of-the-central-forest-corridor-in-tegucigalpa_c158,https://fifspubprd.azureedge.net/afdocuments/project/4137/AF00000104_PPR4_Web.pdf,application/pdf,5eb78527836a15ba1cb7bbc92ace7c66,AF.family.AF00000104.0,2017,out_of_scope_geo
AF.document.AF00000101.n0000,Strengthening land based adaptation capacity in communities adjacent to protected areas in Armenia — Project concept,https://cdn.climatepolicyradar.org/navigator/ARM/2019/strengthening-land-based-adaptation-capacity-in-communities-adjacent-to-protected-areas-in-armenia_77a13e86e70f4dbd3d3566a2ab24c042.pdf,2019-03-15T00:00:00Z,Project concept,ARM,AF00000101,https://climateprojectexplorer.org/document/strengthening-land-based-adaptation-capacity-in-communities-adjacent-to-protected-areas-in-armenia_6f7f,https://fifspubprd.azureedge.net/afdocuments/project/4132/4132_Proposal%20for%20Armenia.pdf,application/pdf,77a13e86e70f4dbd3d3566a2ab24c042,AF.family.AF00000101.0,2019,out_of_scope_geo
AF.document.AF00000101.n0001,Strengthening land based adaptation capacity in communities adjacent to protected areas in Armenia — Project document,https://cdn.climatepolicyradar.org/navigator/ARM/2019/strengthening-land-based-adaptation-capacity-in-communities-adjacent-to-protected-areas-in-armenia_46d8c6d2bd7d38da235708f57df2947b.pdf,2019-03-15T00:00:00Z,Project document,ARM,AF00000101,https://climateprojectexplorer.org/document/strengthening-land-based-adaptation-capacity-in-communities-adjacent-to-protected-areas-in-armenia_6f7f,https://fifspubprd.azureedge.net/afdocuments/project/4132/4132_Armenia_for-web.pdf,application/pdf,46d8c6d2bd7d38da235708f57df2947b,AF.family.AF00000101.0,2019,out_of_scope_geo
AF.document.AF00000101.n0002,Strengthening land based adaptation capacity in communities adjacent to protected areas in Armenia — Inception report,https://cdn.climatepolicyradar.org/navigator/ARM/2019/strengthening-land-based-adaptation-capacity-in-communities-adjacent-to-protected-areas-in-armenia_5381a79211433630baaf79853a36a91d.pdf,2019-03-15T00:00:00Z,Inception report,ARM,AF00000101,https://climateprojectexplorer.org/document/strengthening-land-based-adaptation-capacity-in-communities-adjacent-to-protected-areas-in-armenia_6f7f,https://fifspubprd.azureedge.net/afdocuments/project/4132/4132_Dilijanproject_InceptionReportEPIU.pdf,application/pdf,5381a79211433630baaf79853a36a91d,AF.family.AF00000101.0,2019,out_of_scope_geo
AF.document.AF00000101.n0005,Strengthening land based adaptation capacity in communities adjacent to protected areas in Armenia — Mid-term evaluation report,https://cdn.climatepolicyradar.org/navigator/ARM/2019/strengthening-land-based-adaptation-capacity-in-communities-adjacent-to-protected-areas-in-armenia_0bed5f5be9392e35f2e1dfa83caeeb97.pdf,2019-03-15T00:00:00Z,Mid-term evaluation,ARM,AF00000101,https://climateprojectexplorer.org/document/strengthening-land-based-adaptation-capacity-in-communities-adjacent-to-protected-areas-in-armenia_6f7f,https://fifspubprd.azureedge.net/afdocuments/project/4132/Mid-term%20evaluation%20report%20-Strengthening%20Land-Based%20Adaptation%20Capacity%20in%20Communities%20Adjacent%20to%20Protected%20Areas%20in%20Armenia.pdf,application/pdf,0bed5f5be9392e35f2e1dfa83caeeb97,AF.family.AF00000101.0,2019,out_of_scope_geo
AF.document.027NJMMR.n0001,Enhancing the Resilience of the Agricultural Sector and Coastal Areas to Protect Livelihoods and Improve Food Security — Mid-term evaluation report,https://cdn.climatepolicyradar.org/navigator/JAM/2012/enhancing-the-resilience-of-the-agricultural-sector-and-coastal-areas-to-protect-livelihoods-and-improve-food-security_e296ed913053498449d7245fefe9f71d.pdf,2012-06-28T00:00:00Z,Mid-term evaluation,JAM,027NJMMR,https://climateprojectexplorer.org/document/enhancing-the-resilience-of-the-agricultural-sector-and-coastal-areas-to-protect-livelihoods-and-improve-food-security_da8e,https://fifspubprd.azureedge.net/afdocuments/project/63/63_Mid-Term%20Evaluation%20Report.pdf,application/pdf,e296ed913053498449d7245fefe9f71d,AF.family.027NJMMR.0,2012,out_of_scope_geo
AF.document.027NJMMR.n0002,Enhancing the Resilience of the Agricultural Sector and Coastal Areas to Protect Livelihoods and Improve Food Security — Project document,https://cdn.climatepolicyradar.org/navigator/JAM/2012/enhancing-the-resilience-of-the-agricultural-sector-and-coastal-areas-to-protect-livelihoods-and-improve-food-security_9c49bb560ddbb478616e251ecabb928d.pdf,2012-06-28T00:00:00Z,Project document,JAM,027NJMMR,https://climateprojectexplorer.org/document/enhancing-the-resilience-of-the-agricultural-sector-and-coastal-areas-to-protect-livelihoods-and-improve-food-security_da8e,https://fifspubprd.azureedge.net/afdocuments/project/63/63_Jamaica%20Proposal_AF_revised%20Feb2018_clean.pdf,application/pdf,9c49bb560ddbb478616e251ecabb928d,AF.family.027NJMMR.0,2012,out_of_scope_geo
AF.document.027NJMMR.n0011,Enhancing the Resilience of the Agricultural Sector and Coastal Areas to Protect Livelihoods and Improve Food Security — Project performance report 10,https://cdn.climatepolicyradar.org/navigator/JAM/2012/enhancing-the-resilience-of-the-agricultural-sector-and-coastal-areas-to-protect-livelihoods-and-improve-food-security_eea88cde542b8770b5a589058130edc0.pdf,2012-06-28T00:00:00Z,Performance report,JAM,027NJMMR,https://climateprojectexplorer.org/document/enhancing-the-resilience-of-the-agricultural-sector-and-coastal-areas-to-protect-livelihoods-and-improve-food-security_da8e,https://fifspubprd.azureedge.net/afdocuments/project/63/027NJMMR_PPR10_Web.pdf,application/pdf,eea88cde542b8770b5a589058130edc0,AF.family.027NJMMR.0,2012,out_of_scope_geo
AF.document.016MGEWR.n0000,Developing Climate Resilient Flood and Flash Flood Management Practices to Protect Vulnerable Communities of Georgia — Project document,https://cdn.climatepolicyradar.org/navigator/GEO/2011/developing-climate-resilient-flood-and-flash-flood-management-practices-to-protect-vulnerable-communities-of-georgia_427f9f6711522bd1fdc76b5fe92cc664.pdf,2011-12-14T00:00:00Z,Project document,GEO,016MGEWR,https://climateprojectexplorer.org/document/developing-climate-resilient-flood-and-flash-flood-management-practices-to-protect-vulnerable-communities-of-georgia_bce1,https://fifspubprd.azureedge.net/afdocuments/project/52/52_RESUBMISSION_4583_AF_Georgia_Flood_Management_ProjDoc_revision_10_10_2011.pdf,application/pdf,427f9f6711522bd1fdc76b5fe92cc664,AF.family.016MGEWR.0,2011,out_of_scope_geo
AF.document.016MGEWR.n0001,Developing Climate Resilient Flood and Flash Flood Management Practices to Protect Vulnerable Communities of Georgia — Mid-term evaluation report,https://cdn.climatepolicyradar.org/navigator/GEO/2011/developing-climate-resilient-flood-and-flash-flood-management-practices-to-protect-vulnerable-communities-of-georgia_e6a1474c120193c05812edf007ca53b9.pdf,2011-12-14T00:00:00Z,Mid-term evaluation,GEO,016MGEWR,https://climateprojectexplorer.org/document/developing-climate-resilient-flood-and-flash-flood-management-practices-to-protect-vulnerable-communities-of-georgia_bce1,https://fifspubprd.azureedge.net/afdocuments/project/52/52_4583_AF_Georgia_MTE%20Report_Final21022015.pdf,application/pdf,e6a1474c120193c05812edf007ca53b9,AF.family.016MGEWR.0,2011,out_of_scope_geo
AF.document.AF00000089.n0001,"Building adaptive capacity through food and nutrition security and peacebuilding actions in vulnerable Afro and indigenous communities in the Colombia-Ecuador border area (Colombia, Ecuador) — Project concept",https://cdn.climatepolicyradar.org/navigator/COL/2017/building-adaptive-capacity-through-food-and-nutrition-security-and-peacebuilding-actions-in-vulnerable-afro-and-indigenous-communities-in-the-colombia-ecuador-border-area-colombia-ecuador_c557155daa511bebbbbf51abe85cdeed.pdf,2017-07-05T00:00:00Z,Project concept,COL;ECU,AF00000089,https://climateprojectexplorer.org/document/building-adaptive-capacity-through-food-and-nutrition-security-and-peacebuilding-actions-in-vulnerable-afro-and-indigenous-communities-in-the-colombia-ecuador-border-area-colombia-ecuador_bd0d,https://fifspubprd.azureedge.net/afdocuments/project/3066/3066_AF%20Regional%20Concept_Aug29v2_clean.pdf,application/pdf,c557155daa511bebbbbf51abe85cdeed,AF.family.AF00000089.0,2017,out_of_scope_geo
AF.document.AF00000089.n0003,"Building adaptive capacity through food and nutrition security and peacebuilding actions in vulnerable Afro and indigenous communities in the Colombia-Ecuador border area (Colombia, Ecuador) — Project document",https://cdn.climatepolicyradar.org/navigator/COL/2017/building-adaptive-capacity-through-food-and-nutrition-security-and-peacebuilding-actions-in-vulnerable-afro-and-indigenous-communities-in-the-colombia-ecuador-border-area-colombia-ecuador_48518852364fcc416caf6ade0a1e5ae4.pdf,2017-07-05T00:00:00Z,Project document,COL;ECU,AF00000089,https://climateprojectexplorer.org/document/building-adaptive-capacity-through-food-and-nutrition-security-and-peacebuilding-actions-in-vulnerable-afro-and-indigenous-communities-in-the-colombia-ecuador-border-area-colombia-ecuador_bd0d,https://fifspubprd.azureedge.net/afdocuments/project/3066/3066_WFP%20Regional%20Project%20COL_ECU%2010Apr_CLEAN.pdf,application/pdf,48518852364fcc416caf6ade0a1e5ae4,AF.family.AF00000089.0,2017,out_of_scope_geo
AF.document.AF00000089.n0008,"Building adaptive capacity through food and nutrition security and peacebuilding actions in vulnerable Afro and indigenous communities in the Colombia-Ecuador border area (Colombia, Ecuador) — Mid-term evaluation report",https://cdn.climatepolicyradar.org/navigator/COL/2017/building-adaptive-capacity-through-food-and-nutrition-security-and-peacebuilding-actions-in-vulnerable-afro-and-indigenous-communities-in-the-colombia-ecuador-border-area-colombia-ecuador_317278f91497a0b174bdad082e084d66.pdf,2017-07-05T00:00:00Z,Mid-term evaluation,COL;ECU,AF00000089,https://climateprojectexplorer.org/document/building-adaptive-capacity-through-food-and-nutrition-security-and-peacebuilding-actions-in-vulnerable-afro-and-indigenous-communities-in-the-colombia-ecuador-border-area-colombia-ecuador_bd0d,https://fifspubprd.azureedge.net/afdocuments/project/3066/MTR%20Report%20Colombia%20Ecuador%20Binational%20Project%20Final%20(002).pdf,application/pdf,317278f91497a0b174bdad082e084d66,AF.family.AF00000089.0,2017,out_of_scope_geo
AF.document.AF00000089.n0009,"Building adaptive capacity through food and nutrition security and peacebuilding actions in vulnerable Afro and indigenous communities in the Colombia-Ecuador border area (Colombia, Ecuador) — Project performance report 5",https://cdn.climatepolicyradar.org/navigator/COL/2017/building-adaptive-capacity-through-food-and-nutrition-security-and-peacebuilding-actions-in-vulnerable-afro-and-indigenous-communities-in-the-colombia-ecuador-border-area-colombia-ecuador_f4bb1b9e62553361f1c07590a3ed3d9b.pdf,2017-07-05T00:00:00Z,Performance report,COL;ECU,AF00000089,https://climateprojectexplorer.org/document/building-adaptive-capacity-through-food-and-nutrition-security-and-peacebuilding-actions-in-vulnerable-afro-and-indigenous-communities-in-the-colombia-ecuador-border-area-colombia-ecuador_bd0d,https://fifspubprd.azureedge.net/afdocuments/project/3066/AF00000089_PPR5_Web.pdf,application/pdf,f4bb1b9e62553361f1c07590a3ed3d9b,AF.family.AF00000089.0,2017,out_of_scope_geo
AF.document.003MTMWR.n0000,Addressing climate change risks to farming systems in Turkmenistan at national and community level — Project document,https://cdn.climatepolicyradar.org/navigator/TKM/2011/addressing-climate-change-risks-to-farming-systems-in-turkmenistan-at-national-and-community-level_a64869c72a58c737fe1c2fe641ebe33b.pdf,2011-06-22T00:00:00Z,Project document,TKM,003MTMWR,https://climateprojectexplorer.org/document/addressing-climate-change-risks-to-farming-systems-in-turkmenistan-at-national-and-community-level_aaca,https://fifspubprd.azureedge.net/afdocuments/project/48/48_RESUBMISSION_4450_Turkmenistan_AF_revised_for_resubmission_2011_18%20May.pdf,application/pdf,a64869c72a58c737fe1c2fe641ebe33b,AF.family.003MTMWR.0,2011,out_of_scope_geo
AF.document.003MTMWR.n0002,Addressing climate change risks to farming systems in Turkmenistan at national and community level — Mid-term evaluation report,https://cdn.climatepolicyradar.org/navigator/TKM/2011/addressing-climate-change-risks-to-farming-systems-in-turkmenistan-at-national-and-community-level_bee412860cfe6c994b8253bd39eb68f5.pdf,2011-06-22T00:00:00Z,Mid-term evaluation,TKM,003MTMWR,https://climateprojectexplorer.org/document/addressing-climate-change-risks-to-farming-systems-in-turkmenistan-at-national-and-community-level_aaca,https://fifspubprd.azureedge.net/afdocuments/project/48/48_4450_UNDP_Turkmenistan_AF_MTE_FINAL_6MAR15.pdf,application/pdf,bee412860cfe6c994b8253bd39eb68f5,AF.family.003MTMWR.0,2011,out_of_scope_geo
AF.document.AF00000072.n0000,"Building Adaptive Capacities of Communities, Livelihoods and Ecological Security in the Kanha-Pench Corridor of Madhya Pradesh — Project document",https://cdn.climatepolicyradar.org/navigator/IND/2016/building-adaptive-capacities-of-communities-livelihoods-and-ecological-security-in-the-kanha-pench-corridor-of-madhya-pradesh_bf3762f4fa7f191e124657330d78a0b7.pdf,2016-10-07T00:00:00Z,Project document,IND,AF00000072,https://climateprojectexplorer.org/document/building-adaptive-capacities-of-communities-livelihoods-and-ecological-security-in-the-kanha-pench-corridor-of-madhya-pradesh_8e40,https://fifspubprd.azureedge.net/afdocuments/project/1418/1418_DPR_AFB%20Project_KPC_MP_NABARD_combined.pdf,application/pdf,bf3762f4fa7f191e124657330d78a0b7,AF.family.AF00000072.0,2016,out_of_scope_geo
AF.document.AF00000072.n0005,"Building Adaptive Capacities of Communities, Livelihoods and Ecological Security in the Kanha-Pench Corridor of Madhya Pradesh — Mid-term evaluation report",https://cdn.climatepolicyradar.org/navigator/IND/2016/building-adaptive-capacities-of-communities-livelihoods-and-ecological-security-in-the-kanha-pench-corridor-of-madhya-pradesh_b2805fc80f7d831537be1a6149bb72c4.pdf,2016-10-07T00:00:00Z,Mid-term evaluation,IND,AF00000072,https://climateprojectexplorer.org/document/building-adaptive-capacities-of-communities-livelihoods-and-ecological-security-in-the-kanha-pench-corridor-of-madhya-pradesh_8e40,https://fifspubprd.azureedge.net/afdocuments/project/1418/Mid-Term%20Evaluation%20Report%20_AF_Madhya%20Pradesh.pdf,application/pdf,b2805fc80f7d831537be1a6149bb72c4,AF.family.AF00000072.0,2016,out_of_scope_geo
AF.document.069NINRS.n0000,Climate smart actions and strategies in north western Himalayan region for sustainable livelihoods of agriculture-dependent hill communities — Project document,https://cdn.climatepolicyradar.org/navigator/IND/2015/climate-smart-actions-and-strategies-in-north-western-himalayan-region-for-sustainable-livelihoods-of-agriculture-dependent-hill-communities_e2ab9560edb9216b27631894edbaa712.pdf,2015-10-09T00:00:00Z,Project document,IND,069NINRS,https://climateprojectexplorer.org/document/climate-smart-actions-and-strategies-in-north-western-himalayan-region-for-sustainable-livelihoods-of-agriculture-dependent-hill-communities_5981,https://fifspubprd.azureedge.net/afdocuments/project/35/35_NABARD_BAIF%20AFB%20PROPOSAL_REVISED_1.9.15%20-%20Clean%20copy.pdf,application/pdf,e2ab9560edb9216b27631894edbaa712,AF.family.069NINRS.0,2015,out_of_scope_geo
AF.document.069NINRS.n0001,Climate smart actions and strategies in north western Himalayan region for sustainable livelihoods of agriculture-dependent hill communities — Inception report,https://cdn.climatepolicyradar.org/navigator/IND/2015/climate-smart-actions-and-strategies-in-north-western-himalayan-region-for-sustainable-livelihoods-of-agriculture-dependent-hill-communities_7b6cd1af1f58b791ad97af6a28728bc3.pdf,2015-10-09T00:00:00Z,Inception report,IND,069NINRS,https://climateprojectexplorer.org/document/climate-smart-actions-and-strategies-in-north-western-himalayan-region-for-sustainable-livelihoods-of-agriculture-dependent-hill-communities_5981,https://fifspubprd.azureedge.net/afdocuments/project/35/35_Project%20Inception%20Report.pdf,application/pdf,7b6cd1af1f58b791ad97af6a28728bc3,AF.family.069NINRS.0,2015,out_of_scope_geo
AF.document.069NINRS.n0005,Climate smart actions and strategies in north western Himalayan region for sustainable livelihoods of agriculture-dependent hill communities — Mid-term evaluation report,https://cdn.climatepolicyradar.org/navigator/IND/2015/climate-smart-actions-and-strategies-in-north-western-himalayan-region-for-sustainable-livelihoods-of-agriculture-dependent-hill-communities_9dc7a3be21bfac68cd1e9e13df5ada96.pdf,2015-10-09T00:00:00Z,Mid-term evaluation,IND,069NINRS,https://climateprojectexplorer.org/document/climate-smart-actions-and-strategies-in-north-western-himalayan-region-for-sustainable-livelihoods-of-agriculture-dependent-hill-communities_5981,https://fifspubprd.azureedge.net/afdocuments/project/35/Midterm%20Evaluation%20Report_AF%20Project_Uttarakhand.pdf,application/pdf,9dc7a3be21bfac68cd1e9e13df5ada96,AF.family.069NINRS.0,2015,out_of_scope_geo
AF.document.065NKENMR.n0000,Integrated Programme To Build Resilience To Climate Change & Adaptive Capacity Of Vulnerable Communities In Kenya — Project document,https://cdn.climatepolicyradar.org/navigator/KEN/2014/integrated-programme-to-build-resilience-to-climate-change-adaptive-capacity-of-vulnerable-communities-in-kenya_4e2050b0be56ed1d1c3bc2fa5690247c.pdf,2014-10-10T00:00:00Z,Project document,KEN,065NKENMR,https://climateprojectexplorer.org/document/integrated-programme-to-build-resilience-to-climate-change-adaptive-capacity-of-vulnerable-communities-in-kenya_4239,https://fifspubprd.azureedge.net/afdocuments/project/8/8_Kenya%20Climate%20Change%20Adaptation%20programme%20proposal_full.pdf,application/pdf,4e2050b0be56ed1d1c3bc2fa5690247c,AF.family.065NKENMR.0,2014,parked
AF.document.065NKENMR.n0003,Integrated Programme To Build Resilience To Climate Change & Adaptive Capacity Of Vulnerable Communities In Kenya — Mid-term evaluation report,https://cdn.climatepolicyradar.org/navigator/KEN/2014/integrated-programme-to-build-resilience-to-climate-change-adaptive-capacity-of-vulnerable-communities-in-kenya_19525506fe27fc7a011c47a34927ee4a.pdf,2014-10-10T00:00:00Z,Mid-term evaluation,KEN,065NKENMR,https://climateprojectexplorer.org/document/integrated-programme-to-build-resilience-to-climate-change-adaptive-capacity-of-vulnerable-communities-in-kenya_4239,https://fifspubprd.azureedge.net/afdocuments/project/8/8_KCCAP%20MID-TERM%20EVALUATION%20REPORT.pdf,application/pdf,19525506fe27fc7a011c47a34927ee4a,AF.family.065NKENMR.0,2014,kept
AF.document.046MGHWR.n0000,Increased Resilience to Climate Change in Northern Ghana through the Management of Water Resources and Diversification of Livelihoods — Project document,https://cdn.climatepolicyradar.org/navigator/GHA/2015/increased-resilience-to-climate-change-in-northern-ghana-through-the-management-of-water-resources-and-diversification-of-livelihoods_adbef56c58ea129bd8f4df0cbc861347.pdf,2015-03-05T00:00:00Z,Project document,GHA,046MGHWR,https://climateprojectexplorer.org/document/increased-resilience-to-climate-change-in-northern-ghana-through-the-management-of-water-resources-and-diversification-of-livelihoods_6d52,https://fifspubprd.azureedge.net/afdocuments/project/6/6_RESUBMISSION_Ghana%20AF_proposal_%2029%20January%202015.pdf,application/pdf,adbef56c58ea129bd8f4df0cbc861347,AF.family.046MGHWR.0,2015,parked
AF.document.046MGHWR.n0004,Increased Resilience to Climate Change in Northern Ghana through the Management of Water Resources and Diversification of Livelihoods — Mid-term evaluation report,https://cdn.climatepolicyradar.org/navigator/GHA/2015/increased-resilience-to-climate-change-in-northern-ghana-through-the-management-of-water-resources-and-diversification-of-livelihoods_b896b04d01c3d098f438bd1a93bba247.pdf,2015-03-05T00:00:00Z,Mid-term evaluation,GHA,046MGHWR,https://climateprojectexplorer.org/document/increased-resilience-to-climate-change-in-northern-ghana-through-the-management-of-water-resources-and-diversification-of-livelihoods_6d52,https://fifspubprd.azureedge.net/afdocuments/project/6/6_4952_AF_Ghana_MTE%20report.pdf,application/pdf,b896b04d01c3d098f438bd1a93bba247,AF.family.046MGHWR.0,2015,kept
AF.document.046MGHWR.n0005,Increased Resilience to Climate Change in Northern Ghana through the Management of Water Resources and Diversification of Livelihoods — Final evaluation report,https://cdn.climatepolicyradar.org/navigator/GHA/2015/increased-resilience-to-climate-change-in-northern-ghana-through-the-management-of-water-resources-and-diversification-of-livelihoods_85d43de76b927cb47519fdbbe16bbdb0.pdf,2015-03-05T00:00:00Z,Final evaluation,GHA,046MGHWR,https://climateprojectexplorer.org/document/increased-resilience-to-climate-change-in-northern-ghana-through-the-management-of-water-resources-and-diversification-of-livelihoods_6d52,https://fifspubprd.azureedge.net/afdocuments/project/6/6_AF%20Project%20Ghana%20-Final%20Terminal%20Evaluation%20Report%200321%20with%20clearance.pdf,application/pdf,85d43de76b927cb47519fdbbe16bbdb0,AF.family.046MGHWR.0,2015,kept
AF.document.AF00000099.n0000,"Enhancing Climate Resilience in San Cristóbal province, Dominican Republic Integrated Water Resources Management and Rural Development Programme — Project document",https://cdn.climatepolicyradar.org/navigator/DOM/2019/enhancing-climate-resilience-in-san-cristobal-province-dominican-republic-integrated-water-resources-management-and-rural-development-programme_a0e6ab2f09400e24ad545870e68d1491.pdf,2019-03-15T00:00:00Z,Project document,DOM,AF00000099,https://climateprojectexplorer.org/document/enhancing-climate-resilience-in-san-cristobal-province-dominican-republic-integrated-water-resources-management-and-rural-development-programme_24f8,https://fifspubprd.azureedge.net/afdocuments/project/4133/4133_For-web_Dominican-Republic.pdf,application/pdf,a0e6ab2f09400e24ad545870e68d1491,AF.family.AF00000099.0,2019,out_of_scope_geo
AF.document.AF00000099.n0001,"Enhancing Climate Resilience in San Cristóbal province, Dominican Republic Integrated Water Resources Management and Rural Development Programme — Project concept",https://cdn.climatepolicyradar.org/navigator/DOM/2019/enhancing-climate-resilience-in-san-cristobal-province-dominican-republic-integrated-water-resources-management-and-rural-development-programme_7e8b73d7cf2fe17efe35c6a6007c6c5a.pdf,2019-03-15T00:00:00Z,Project concept,DOM,AF00000099,https://climateprojectexplorer.org/document/enhancing-climate-resilience-in-san-cristobal-province-dominican-republic-integrated-water-resources-management-and-rural-development-programme_24f8,https://fifspubprd.azureedge.net/afdocuments/project/4133/4133_Concept%20for%20Dominican%20Republic%20IDDI.pdf,application/pdf,7e8b73d7cf2fe17efe35c6a6007c6c5a,AF.family.AF00000099.0,2019,out_of_scope_geo
AF.document.AF00000099.n0005,"Enhancing Climate Resilience in San Cristóbal province, Dominican Republic Integrated Water Resources Management and Rural Development Programme — Mid-term evaluation report",https://cdn.climatepolicyradar.org/navigator/DOM/2019/enhancing-climate-resilience-in-san-cristobal-province-dominican-republic-integrated-water-resources-management-and-rural-development-programme_0afc592c2c8b73928b143a023977c454.pdf,2019-03-15T00:00:00Z,Mid-term evaluation,DOM,AF00000099,https://climateprojectexplorer.org/document/enhancing-climate-resilience-in-san-cristobal-province-dominican-republic-integrated-water-resources-management-and-rural-development-programme_24f8,https://fifspubprd.azureedge.net/afdocuments/project/4133/4133_Informe.Final.EMT.en%20FV.pdf,application/pdf,0afc592c2c8b73928b143a023977c454,AF.family.AF00000099.0,2019,out_of_scope_geo
AF.document.044MPYFR.n0000,Ecosystem Based Approaches for Reducing the Vulnerability of Food Security to the Impacts of Climate Change in the Chaco region of Paraguay — Project document,https://cdn.climatepolicyradar.org/navigator/PRY/2017/ecosystem-based-approaches-for-reducing-the-vulnerability-of-food-security-to-the-impacts-of-climate-change-in-the-chaco-region-of-paraguay_a34895a5063b29d1a62540a86898c4dc.pdf,2017-03-17T00:00:00Z,Project document,PRY,044MPYFR,https://climateprojectexplorer.org/document/ecosystem-based-approaches-for-reducing-the-vulnerability-of-food-security-to-the-impacts-of-climate-change-in-the-chaco-region-of-paraguay_d43c,https://fifspubprd.azureedge.net/afdocuments/project/66/66_170206%20AF%20UNEP%20Paraguay%20Project%20Proposal%20v3%20CLEAN%20version.pdf,application/pdf,a34895a5063b29d1a62540a86898c4dc,AF.family.044MPYFR.0,2017,out_of_scope_geo
AF.document.044MPYFR.n0001,Ecosystem Based Approaches for Reducing the Vulnerability of Food Security to the Impacts of Climate Change in the Chaco region of Paraguay — Inception report,https://cdn.climatepolicyradar.org/navigator/PRY/2017/ecosystem-based-approaches-for-reducing-the-vulnerability-of-food-security-to-the-impacts-of-climate-change-in-the-chaco-region-of-paraguay_5ff91827152f8700936c72eca4977453.pdf,2017-03-17T00:00:00Z,Inception report,PRY,044MPYFR,https://climateprojectexplorer.org/document/ecosystem-based-approaches-for-reducing-the-vulnerability-of-food-security-to-the-impacts-of-climate-change-in-the-chaco-region-of-paraguay_d43c,https://fifspubprd.azureedge.net/afdocuments/project/66/66_190527%20INCEPTION%20WORKSHOP%20REPORT%20-%20EN.pdf,application/pdf,5ff91827152f8700936c72eca4977453,AF.family.044MPYFR.0,2017,out_of_scope_geo
AF.document.044MPYFR.n0005,Ecosystem Based Approaches for Reducing the Vulnerability of Food Security to the Impacts of Climate Change in the Chaco region of Paraguay — Mid-term evaluation report,https://cdn.climatepolicyradar.org/navigator/PRY/2017/ecosystem-based-approaches-for-reducing-the-vulnerability-of-food-security-to-the-impacts-of-climate-change-in-the-chaco-region-of-paraguay_dfddc596f2fc56fc356cbc80321bcd6a.pdf,2017-03-17T00:00:00Z,Mid-term evaluation,PRY,044MPYFR,https://climateprojectexplorer.org/document/ecosystem-based-approaches-for-reducing-the-vulnerability-of-food-security-to-the-impacts-of-climate-change-in-the-chaco-region-of-paraguay_d43c,https://fifspubprd.azureedge.net/afdocuments/project/66/UNEP_MTR_EbA_Chaco_Paraguay_20230712_rev20240321_FINAL.pdf,application/pdf,dfddc596f2fc56fc356cbc80321bcd6a,AF.family.044MPYFR.0,2017,out_of_scope_geo
AF.document.AF00000103.n0000,Increasing the resilience of informal urban settlements in Fiji that are highly vulnerable to climate change and disaster risks — Project document,https://cdn.climatepolicyradar.org/navigator/FJI/2017/increasing-the-resilience-of-informal-urban-settlements-in-fiji-that-are-highly-vulnerable-to-climate-change-and-disaster-risks_5db8f039ed20e8cd2b1fc95c0f60cd21.pdf,2017-10-10T00:00:00Z,Project document,FJI,AF00000103,https://climateprojectexplorer.org/document/increasing-the-resilience-of-informal-urban-settlements-in-fiji-that-are-highly-vulnerable-to-climate-change-and-disaster-risks_8ebe,https://fifspubprd.azureedge.net/afdocuments/project/4136/4136_AF%20full%20project%20document%20Republic%20of%20Fiji%20%20UN%20Habitat%204%20sept%202017.pdf,application/pdf,5db8f039ed20e8cd2b1fc95c0f60cd21,AF.family.AF00000103.0,2017,out_of_scope_geo
AF.document.AF00000103.n0001,Increasing the resilience of informal urban settlements in Fiji that are highly vulnerable to climate change and disaster risks — Mid-term evaluation report,https://cdn.climatepolicyradar.org/navigator/FJI/2017/increasing-the-resilience-of-informal-urban-settlements-in-fiji-that-are-highly-vulnerable-to-climate-change-and-disaster-risks_088908dd10583f54871ca090e6f64bd2.pdf,2017-10-10T00:00:00Z,Mid-term evaluation,FJI,AF00000103,https://climateprojectexplorer.org/document/increasing-the-resilience-of-informal-urban-settlements-in-fiji-that-are-highly-vulnerable-to-climate-change-and-disaster-risks_8ebe,https://fifspubprd.azureedge.net/afdocuments/project/4136/4136_MIDTERM%20EVALUATION%20FRIS_final.pdf,application/pdf,088908dd10583f54871ca090e6f64bd2,AF.family.AF00000103.0,2017,out_of_scope_geo
AF.document.031MSCWR.n0000,Ecosystem Based Adaptation to Climate Change in Seychelles — Project document,https://cdn.climatepolicyradar.org/navigator/SYC/2012/ecosystem-based-adaptation-to-climate-change-in-seychelles_00858245c298f332ccf07b13dbb82b98.pdf,2012-12-20T00:00:00Z,Project document,SYC,031MSCWR,https://climateprojectexplorer.org/document/ecosystem-based-adaptation-to-climate-change-in-seychelles_a094,https://fifspubprd.azureedge.net/afdocuments/project/19/19_RESUBMISSION_AF%20Proposal%20EBA_Seychelles_8Oct12-1.pdf,application/pdf,00858245c298f332ccf07b13dbb82b98,AF.family.031MSCWR.0,2012,parked
AF.document.031MSCWR.n0001,Ecosystem Based Adaptation to Climate Change in Seychelles — Inception report,https://cdn.climatepolicyradar.org/navigator/SYC/2012/ecosystem-based-adaptation-to-climate-change-in-seychelles_a710e40efeddedd55dc00972780f2e0a.pdf,2012-12-20T00:00:00Z,Inception report,SYC,031MSCWR,https://climateprojectexplorer.org/document/ecosystem-based-adaptation-to-climate-change-in-seychelles_a094,https://fifspubprd.azureedge.net/afdocuments/project/19/19_PIMS%204775%20-%20EBA%20Project%20Inception%20Workshop%20Report%20ver3.pdf,application/pdf,a710e40efeddedd55dc00972780f2e0a,AF.family.031MSCWR.0,2012,parked
AF.document.031MSCWR.n0002,Ecosystem Based Adaptation to Climate Change in Seychelles — Mid-term evaluation report,https://cdn.climatepolicyradar.org/navigator/SYC/2012/ecosystem-based-adaptation-to-climate-change-in-seychelles_97af743f8d8bf97de8019672d93908b2.pdf,2012-12-20T00:00:00Z,Mid-term evaluation,SYC,031MSCWR,https://climateprojectexplorer.org/document/ecosystem-based-adaptation-to-climate-change-in-seychelles_a094,https://fifspubprd.azureedge.net/afdocuments/project/19/19_4775_AF-Seychelles_MidTermReport_Oct2018.pdf,application/pdf,97af743f8d8bf97de8019672d93908b2,AF.family.031MSCWR.0,2012,kept
AF.document.029MLKRR.n0000,Addressing Climate Change Impacts on Marginalized Agricultural Communities Living in the Mahaweli River Basin of Sri Lanka — Project document,https://cdn.climatepolicyradar.org/navigator/LKA/2012/addressing-climate-change-impacts-on-marginalized-agricultural-communities-living-in-the-mahaweli-river-basin-of-sri-lanka_9e232f6cb001bf3940ad8018203a4b99.pdf,2012-12-14T00:00:00Z,Project document,LKA,029MLKRR,https://climateprojectexplorer.org/document/addressing-climate-change-impacts-on-marginalized-agricultural-communities-living-in-the-mahaweli-river-basin-of-sri-lanka_bb22,https://fifspubprd.azureedge.net/afdocuments/project/39/39_Final%20sri%20lanka.pdf,application/pdf,9e232f6cb001bf3940ad8018203a4b99,AF.family.029MLKRR.0,2012,out_of_scope_geo
AF.document.029MLKRR.n0002,Addressing Climate Change Impacts on Marginalized Agricultural Communities Living in the Mahaweli River Basin of Sri Lanka — Mid-term evaluation report,https://cdn.climatepolicyradar.org/navigator/LKA/2012/addressing-climate-change-impacts-on-marginalized-agricultural-communities-living-in-the-mahaweli-river-basin-of-sri-lanka_0ebccd1c28afcf592e0196ec62e64c34.pdf,2012-12-14T00:00:00Z,Mid-term evaluation,LKA,029MLKRR,https://climateprojectexplorer.org/document/addressing-climate-change-impacts-on-marginalized-agricultural-communities-living-in-the-mahaweli-river-basin-of-sri-lanka_bb22,https://fifspubprd.azureedge.net/afdocuments/project/39/39_MTR%20report%20final.pdf,application/pdf,0ebccd1c28afcf592e0196ec62e64c34,AF.family.029MLKRR.0,2012,out_of_scope_geo
AF.document.029MLKRR.n0003,Addressing Climate Change Impacts on Marginalized Agricultural Communities Living in the Mahaweli River Basin of Sri Lanka — Project completion report,https://cdn.climatepolicyradar.org/navigator/LKA/2012/addressing-climate-change-impacts-on-marginalized-agricultural-communities-living-in-the-mahaweli-river-basin-of-sri-lanka_3805af64045580a49ab054ecc4a52b6e.pdf,2012-12-14T00:00:00Z,Completion report,LKA,029MLKRR,https://climateprojectexplorer.org/document/addressing-climate-change-impacts-on-marginalized-agricultural-communities-living-in-the-mahaweli-river-basin-of-sri-lanka_bb22,https://fifspubprd.azureedge.net/afdocuments/project/39/39_CCAP_Sri%20Lanka_Final%20Completion%20Report.pdf,application/pdf,3805af64045580a49ab054ecc4a52b6e,AF.family.029MLKRR.0,2012,out_of_scope_geo
AF.document.011MMNCR.n0000,Ecosystem Based Adaptation Approach to Maintaining Water Security in Critical Water Catchments in Mongolia — Project document,https://cdn.climatepolicyradar.org/navigator/MNG/2011/ecosystem-based-adaptation-approach-to-maintaining-water-security-in-critical-water-catchments-in-mongolia_2d63e2b7959a11acb5af3720a65e5dd1.pdf,2011-06-22T00:00:00Z,Project document,MNG,011MMNCR,https://climateprojectexplorer.org/document/ecosystem-based-adaptation-approach-to-maintaining-water-security-in-critical-water-catchments-in-mongolia_1257,https://fifspubprd.azureedge.net/afdocuments/project/41/41_RE-SUBMISSION_PIMS_4505_Mongolia_AF_Doc_May12_2011_FINAL.pdf,application/pdf,2d63e2b7959a11acb5af3720a65e5dd1,AF.family.011MMNCR.0,2011,out_of_scope_geo
AF.document.011MMNCR.n0001,Ecosystem Based Adaptation Approach to Maintaining Water Security in Critical Water Catchments in Mongolia — Inception report,https://cdn.climatepolicyradar.org/navigator/MNG/2011/ecosystem-based-adaptation-approach-to-maintaining-water-security-in-critical-water-catchments-in-mongolia_6787158e39a40364b7ad2c4bbd6899bf.pdf,2011-06-22T00:00:00Z,Inception report,MNG,011MMNCR,https://climateprojectexplorer.org/document/ecosystem-based-adaptation-approach-to-maintaining-water-security-in-critical-water-catchments-in-mongolia_1257,https://fifspubprd.azureedge.net/afdocuments/project/41/41_Inception_Report_EBA_July_19_Final.pdf,application/pdf,6787158e39a40364b7ad2c4bbd6899bf,AF.family.011MMNCR.0,2011,out_of_scope_geo
AF.document.011MMNCR.n0008,Ecosystem Based Adaptation Approach to Maintaining Water Security in Critical Water Catchments in Mongolia — Final evaluation report,https://cdn.climatepolicyradar.org/navigator/MNG/2011/ecosystem-based-adaptation-approach-to-maintaining-water-security-in-critical-water-catchments-in-mongolia_94ab47830ac209b5771b545c3444848f.pdf,2011-06-22T00:00:00Z,Final evaluation,MNG,011MMNCR,https://climateprojectexplorer.org/document/ecosystem-based-adaptation-approach-to-maintaining-water-security-in-critical-water-catchments-in-mongolia_1257,https://fifspubprd.azureedge.net/afdocuments/project/41/41_TE%20report%20EBA%20project%20Mongolia%20FINAL.pdf,application/pdf,94ab47830ac209b5771b545c3444848f,AF.family.011MMNCR.0,2011,out_of_scope_geo
AF.document.011MMNCR.n0007,Ecosystem Based Adaptation Approach to Maintaining Water Security in Critical Water Catchments in Mongolia — Mid-term evaluation report,https://cdn.climatepolicyradar.org/navigator/MNG/2011/ecosystem-based-adaptation-approach-to-maintaining-water-security-in-critical-water-catchments-in-mongolia_b10d3d6b358764993940c49dd2fc9f8c.pdf,2011-06-22T00:00:00Z,Mid-term evaluation,MNG,011MMNCR,https://climateprojectexplorer.org/document/ecosystem-based-adaptation-approach-to-maintaining-water-security-in-critical-water-catchments-in-mongolia_1257,https://fifspubprd.azureedge.net/afdocuments/project/41/41_4505_AF_Mongolia%20MTR-Final%20%20Report%20-%20Feb%2017%20-%202015.pdf,application/pdf,b10d3d6b358764993940c49dd2fc9f8c,AF.family.011MMNCR.0,2011,out_of_scope_geo
AF.document.AF00000080.n0000,"Reducing climate vulnerability and flood risk in coastal urban and semi urban areas in cities in Latin America (Chile, Ecuador) — Project pre-concept",https://cdn.climatepolicyradar.org/navigator/CHL/2018/reducing-climate-vulnerability-and-flood-risk-in-coastal-urban-and-semi-urban-areas-in-cities-in-latin-america-chile-ecuador_441c440cf796e8fac770f0d891c79587.pdf,2018-07-16T00:00:00Z,Project pre-concept,CHL;ECU,AF00000080,https://climateprojectexplorer.org/document/reducing-climate-vulnerability-and-flood-risk-in-coastal-urban-and-semi-urban-areas-in-cities-in-latin-america-chile-ecuador_ef27,https://fifspubprd.azureedge.net/afdocuments/project/1433/1433_Regional_project_pre-concept%20VFF%2011-01%20Signed%20Ch%20Ec%20Caf.pdf,application/pdf,441c440cf796e8fac770f0d891c79587,AF.family.AF00000080.0,2018,out_of_scope_geo
AF.document.AF00000080.n0001,"Reducing climate vulnerability and flood risk in coastal urban and semi urban areas in cities in Latin America (Chile, Ecuador) — Project concept",https://cdn.climatepolicyradar.org/navigator/CHL/2018/reducing-climate-vulnerability-and-flood-risk-in-coastal-urban-and-semi-urban-areas-in-cities-in-latin-america-chile-ecuador_dd0386214c5d5e5e6c067453b6e92b18.pdf,2018-07-16T00:00:00Z,Project concept,CHL;ECU,AF00000080,https://climateprojectexplorer.org/document/reducing-climate-vulnerability-and-flood-risk-in-coastal-urban-and-semi-urban-areas-in-cities-in-latin-america-chile-ecuador_ef27,https://fifspubprd.azureedge.net/afdocuments/project/1433/1433_1.%20FA%20CHI-ECU%20ver.5%20-%20clean.pdf,application/pdf,dd0386214c5d5e5e6c067453b6e92b18,AF.family.AF00000080.0,2018,out_of_scope_geo
AF.document.AF00000080.n0002,"Reducing climate vulnerability and flood risk in coastal urban and semi urban areas in cities in Latin America (Chile, Ecuador) — Project document",https://cdn.climatepolicyradar.org/navigator/CHL/2018/reducing-climate-vulnerability-and-flood-risk-in-coastal-urban-and-semi-urban-areas-in-cities-in-latin-america-chile-ecuador_383937c15e605edd2f7b0b43c7ec77fe.pdf,2018-07-16T00:00:00Z,Project document,CHL;ECU,AF00000080,https://climateprojectexplorer.org/document/reducing-climate-vulnerability-and-flood-risk-in-coastal-urban-and-semi-urban-areas-in-cities-in-latin-america-chile-ecuador_ef27,https://fifspubprd.azureedge.net/afdocuments/project/1433/1433_1%20FA%20CHI-ECU%20ver%20CLEAN%202018%2004%2010.pdf,application/pdf,383937c15e605edd2f7b0b43c7ec77fe,AF.family.AF00000080.0,2018,out_of_scope_geo
AF.document.AF00000080.n0007,"Reducing climate vulnerability and flood risk in coastal urban and semi urban areas in cities in Latin America (Chile, Ecuador) — Mid-term evaluation report",https://cdn.climatepolicyradar.org/navigator/CHL/2018/reducing-climate-vulnerability-and-flood-risk-in-coastal-urban-and-semi-urban-areas-in-cities-in-latin-america-chile-ecuador_9e07fd67829cd4a8f7fcb7b4c75e4cbc.pdf,2018-07-16T00:00:00Z,Mid-term evaluation,CHL;ECU,AF00000080,https://climateprojectexplorer.org/document/reducing-climate-vulnerability-and-flood-risk-in-coastal-urban-and-semi-urban-areas-in-cities-in-latin-america-chile-ecuador_ef27,https://fifspubprd.azureedge.net/afdocuments/project/1433/Final%20Report%20MTE-P%20-%20CAF%20EcuChi.pdf,application/pdf,9e07fd67829cd4a8f7fcb7b4c75e4cbc,AF.family.AF00000080.0,2018,out_of_scope_geo
AF.document.AF00000080.n0003,"Reducing climate vulnerability and flood risk in coastal urban and semi urban areas in cities in Latin America (Chile, Ecuador) — Inception report",https://cdn.climatepolicyradar.org/navigator/CHL/2018/reducing-climate-vulnerability-and-flood-risk-in-coastal-urban-and-semi-urban-areas-in-cities-in-latin-america-chile-ecuador_d1515b9c5ecc1556147af8da0ea67926.pdf,2018-07-16T00:00:00Z,Inception report,CHL;ECU,AF00000080,https://climateprojectexplorer.org/document/reducing-climate-vulnerability-and-flood-risk-in-coastal-urban-and-semi-urban-areas-in-cities-in-latin-america-chile-ecuador_ef27,https://fifspubprd.azureedge.net/afdocuments/project/1433/1433_CAF-Incepction%20Workshop_EN_20200315.pdf,application/pdf,d1515b9c5ecc1556147af8da0ea67926,AF.family.AF00000080.0,2018,out_of_scope_geo
AF.document.002MMUCR.n0000,Climate Change Adaptation Programme in the Coastal Zone of Mauritius — Project document,https://cdn.climatepolicyradar.org/navigator/None,2011-09-16T00:00:00Z,Project document,MUS,002MMUCR,https://climateprojectexplorer.org/document/climate-change-adaptation-programme-in-the-coastal-zone-of-mauritius_b5c9,https://fifspubprd.azureedge.net/afdocuments/project/16/16_RESUBMISSION_Mauritius_AFoc_09August_2011_Revisio_%20v7FINAL.pdf,NA,NA,AF.family.002MMUCR.0,2011,parked
AF.document.002MMUCR.n0001,Climate Change Adaptation Programme in the Coastal Zone of Mauritius — Inception report,https://cdn.climatepolicyradar.org/navigator/MUS/2011/climate-change-adaptation-programme-in-the-coastal-zone-of-mauritius_930c0474017267e88471602caf6eb18d.pdf,2011-09-16T00:00:00Z,Inception report,MUS,002MMUCR,https://climateprojectexplorer.org/document/climate-change-adaptation-programme-in-the-coastal-zone-of-mauritius_b5c9,https://fifspubprd.azureedge.net/afdocuments/project/16/16_FINAL%20INCEPTION%20REPORT%201910%20PDF.pdf,application/pdf,930c0474017267e88471602caf6eb18d,AF.family.002MMUCR.0,2011,parked
AF.document.002MMUCR.n0002,Climate Change Adaptation Programme in the Coastal Zone of Mauritius — Mid-term evaluation report,https://cdn.climatepolicyradar.org/navigator/MUS/2011/climate-change-adaptation-programme-in-the-coastal-zone-of-mauritius_e515f7e2078454ceee1dec1aec47d753.pdf,2011-09-16T00:00:00Z,Mid-term evaluation,MUS,002MMUCR,https://climateprojectexplorer.org/document/climate-change-adaptation-programme-in-the-coastal-zone-of-mauritius_b5c9,https://fifspubprd.azureedge.net/afdocuments/project/16/16_4453_AF_Mauritius_MTR_5%20Nov%2015.pdf,application/pdf,e515f7e2078454ceee1dec1aec47d753,AF.family.002MMUCR.0,2011,kept
AF.document.002MMUCR.n0003,Climate Change Adaptation Programme in the Coastal Zone of Mauritius — Project completion report,https://cdn.climatepolicyradar.org/navigator/MUS/2011/climate-change-adaptation-programme-in-the-coastal-zone-of-mauritius_773c68acd1ae4a1e356198baf95b330d.pdf,2011-09-16T00:00:00Z,Completion report,MUS,002MMUCR,https://climateprojectexplorer.org/document/climate-change-adaptation-programme-in-the-coastal-zone-of-mauritius_b5c9,https://fifspubprd.azureedge.net/afdocuments/project/16/16_For%20Submission%20-%20PIMS%204453%20Mauritius%20AF%20Project%20Completion%20Report%202012-2019.pdf,application/pdf,773c68acd1ae4a1e356198baf95b330d,AF.family.002MMUCR.0,2011,kept
AF.document.002MMUCR.n0004,Climate Change Adaptation Programme in the Coastal Zone of Mauritius — Final evaluation report,https://cdn.climatepolicyradar.org/navigator/MUS/2011/climate-change-adaptation-programme-in-the-coastal-zone-of-mauritius_b598396368a66e11407b97f7e43818db.pdf,2011-09-16T00:00:00Z,Final evaluation,MUS,002MMUCR,https://climateprojectexplorer.org/document/climate-change-adaptation-programme-in-the-coastal-zone-of-mauritius_b5c9,https://fifspubprd.azureedge.net/afdocuments/project/16/PIMS%204453%20Terminal%20Evaluation%20AF%20Project_Final.pdf,application/pdf,b598396368a66e11407b97f7e43818db,AF.family.002MMUCR.0,2011,kept
AF.document.067NINAR2.n0000,Enhancing Adaptive Capacity and Increasing Resilience of Small and Marginal Farmers in Purulia and Bankura Districts of West Bengal — Project document,https://cdn.climatepolicyradar.org/navigator/IND/2014/enhancing-adaptive-capacity-and-increasing-resilience-of-small-and-marginal-farmers-in-purulia-and-bankura-districts-of-west-bengal_5a9942ad7946f485614e51df50d7741b.pdf,2014-10-10T00:00:00Z,Project document,IND,067NINAR2,https://climateprojectexplorer.org/document/enhancing-adaptive-capacity-and-increasing-resilience-of-small-and-marginal-farmers-in-purulia-and-bankura-districts-of-west-bengal_92b5,https://fifspubprd.azureedge.net/afdocuments/project/33/33_NABARD_AFB%20PROPOSAL_DRCSC_West%20Bengal_Revised%20RFA_15.9.14.pdf,application/pdf,5a9942ad7946f485614e51df50d7741b,AF.family.067NINAR2.0,2014,out_of_scope_geo
AF.document.067NINAR2.n0008,Enhancing Adaptive Capacity and Increasing Resilience of Small and Marginal Farmers in Purulia and Bankura Districts of West Bengal — Mid-term evaluation report,https://cdn.climatepolicyradar.org/navigator/IND/2014/enhancing-adaptive-capacity-and-increasing-resilience-of-small-and-marginal-farmers-in-purulia-and-bankura-districts-of-west-bengal_b98d67098572203163758421775df84c.pdf,2014-10-10T00:00:00Z,Mid-term evaluation,IND,067NINAR2,https://climateprojectexplorer.org/document/enhancing-adaptive-capacity-and-increasing-resilience-of-small-and-marginal-farmers-in-purulia-and-bankura-districts-of-west-bengal_92b5,https://fifspubprd.azureedge.net/afdocuments/project/33/Midterm%20Evaluation%20Report%20_%20AF%20Project_West%20Bengal.pdf,application/pdf,b98d67098572203163758421775df84c,AF.family.067NINAR2.0,2014,out_of_scope_geo
AF.document.AFRDG00001.n0000,Technical Assistance Grant for ESP — Project document,https://cdn.climatepolicyradar.org/navigator/ZAF/2016/technical-assistance-grant-for-esp_8db248c351e50f00f1413c6b37b631c9.pdf,2016-02-16T00:00:00Z,Project document,ZAF,AFRDG00001,https://climateprojectexplorer.org/document/technical-assistance-grant-for-esp_920f,https://fifspubprd.azureedge.net/afdocuments/project/6551/6551_TA-ESP_SANBI_South%20Africa.pdf,application/pdf,8db248c351e50f00f1413c6b37b631c9,AF.family.AFRDG00001.0,2016,parked
AF.document.AFRDG00001.n0001,Technical Assistance Grant for ESP — Inception report,https://cdn.climatepolicyradar.org/navigator/ZAF/2016/technical-assistance-grant-for-esp_cb623aee7577c8fe96343c7881826ca4.pdf,2016-02-16T00:00:00Z,Inception report,ZAF,AFRDG00001,https://climateprojectexplorer.org/document/technical-assistance-grant-for-esp_920f,https://fifspubprd.azureedge.net/afdocuments/project/6551/6551_SANBI%20AF%20TA%20Grant_Readiness%20Notification_100317.pdf,application/pdf,cb623aee7577c8fe96343c7881826ca4,AF.family.AFRDG00001.0,2016,parked
AF.document.AFRDG00001.n0002,Technical Assistance Grant for ESP — Project completion report,https://cdn.climatepolicyradar.org/navigator/ZAF/2016/technical-assistance-grant-for-esp_994a3bd34b6568f27a69008516be3686.pdf,2016-02-16T00:00:00Z,Completion report,ZAF,AFRDG00001,https://climateprojectexplorer.org/document/technical-assistance-grant-for-esp_920f,https://fifspubprd.azureedge.net/afdocuments/project/6551/6551_SANBI%20AF%20TA%20Grant_ESP_Completion%20Report_20180328.pdf,application/pdf,994a3bd34b6568f27a69008516be3686,AF.family.AFRDG00001.0,2016,kept
AF.document.AFRDG00001.n0003,Technical Assistance Grant for ESP — Monitoring report 1,https://cdn.climatepolicyradar.org/navigator/ZAF/2016/technical-assistance-grant-for-esp_f81c6784ad94911046113d33e1e8650f.pdf,2016-02-16T00:00:00Z,Monitoring report 1,ZAF,AFRDG00001,https://climateprojectexplorer.org/document/technical-assistance-grant-for-esp_920f,https://fifspubprd.azureedge.net/afdocuments/project/6551/6551_SANBI%20AF%20TA%20Grant_ESP_Monitoring%20Report_21092017.pdf,application/pdf,f81c6784ad94911046113d33e1e8650f,AF.family.AFRDG00001.0,2016,parked
AF.document.AFRDG00019.n0000,South-South Cooperation Grant (SSC) — Project document,https://cdn.climatepolicyradar.org/navigator/TGO/2016/south-south-cooperation-grant-ssc_3b6afb6207e891a9b8e29b0599c80306.pdf,2016-12-23T00:00:00Z,Project document,TGO,AFRDG00019,https://climateprojectexplorer.org/document/south-south-cooperation-grant-ssc_e128,https://fifspubprd.azureedge.net/afdocuments/project/6693/SSC_South-South-Coop-Applicaiton-Grant_Togo_combined.pdf,application/pdf,3b6afb6207e891a9b8e29b0599c80306,AF.family.AFRDG00019.0,2016,parked
AF.document.AFRDG00019.n0001,South-South Cooperation Grant (SSC) — Inception report,https://cdn.climatepolicyradar.org/navigator/TGO/2016/south-south-cooperation-grant-ssc_cc5234803f184a6cfffb3664bc222e06.pdf,2016-12-23T00:00:00Z,Inception report,TGO,AFRDG00019,https://climateprojectexplorer.org/document/south-south-cooperation-grant-ssc_e128,https://fifspubprd.azureedge.net/afdocuments/project/6693/ReadinessFA_NotificationLetter_TOGO.pdf,application/pdf,cc5234803f184a6cfffb3664bc222e06,AF.family.AFRDG00019.0,2016,parked
AF.document.AFRDG00019.n0002,South-South Cooperation Grant (SSC) — Project completion report,https://cdn.climatepolicyradar.org/navigator/TGO/2016/south-south-cooperation-grant-ssc_9d48791d535487e00bcd4013ebea9532.pdf,2016-12-23T00:00:00Z,Completion report,TGO,AFRDG00019,https://climateprojectexplorer.org/document/south-south-cooperation-grant-ssc_e128,https://fifspubprd.azureedge.net/afdocuments/project/6693/S-S%20Readiness%20Grant%20-Togo%20Completion%20Report_Revised_FINAL%20VERSION.pdf,application/pdf,9d48791d535487e00bcd4013ebea9532,AF.family.AFRDG00019.0,2016,kept
AF.document.AFRDG00019.n0003,South-South Cooperation Grant (SSC) — Monitoring report 1,https://cdn.climatepolicyradar.org/navigator/TGO/2016/south-south-cooperation-grant-ssc_5be13475cacd0ee5087ea3996938ee1c.pdf,2016-12-23T00:00:00Z,Monitoring report 1,TGO,AFRDG00019,https://climateprojectexplorer.org/document/south-south-cooperation-grant-ssc_e128,https://fifspubprd.azureedge.net/afdocuments/project/6693/6693_Monitoring%20report_TOGO_CSE_CLEARED.pdf,application/pdf,5be13475cacd0ee5087ea3996938ee1c,AF.family.AFRDG00019.0,2016,parked
AF.document.AF00000117.n0000,Scaling up climate-smart agriculture in East Guinea Bissau — Project document,https://cdn.climatepolicyradar.org/navigator/GNB/2017/scaling-up-climate-smart-agriculture-in-east-guinea-bissau_49b358f6878d7ae5cf88fb6bca1eb2af.pdf,2017-10-10T00:00:00Z,Project document,GNB,AF00000117,https://climateprojectexplorer.org/document/scaling-up-climate-smart-agriculture-in-east-guinea-bissau_8536,https://fifspubprd.azureedge.net/afdocuments/project/6319/6319_Full%20Project%20GB_clean_4_9_17.pdf,application/pdf,49b358f6878d7ae5cf88fb6bca1eb2af,AF.family.AF00000117.0,2017,parked
AF.document.AF00000117.n0001,Scaling up climate-smart agriculture in East Guinea Bissau — Inception report,https://cdn.climatepolicyradar.org/navigator/GNB/2017/scaling-up-climate-smart-agriculture-in-east-guinea-bissau_81b7bb87d23492fad1c9c338e17743d2.pdf,2017-10-10T00:00:00Z,Inception report,GNB,AF00000117,https://climateprojectexplorer.org/document/scaling-up-climate-smart-agriculture-in-east-guinea-bissau_8536,https://fifspubprd.azureedge.net/afdocuments/project/6319/6319_Guinea%20Bissau%20inception%20report.pdf,application/pdf,81b7bb87d23492fad1c9c338e17743d2,AF.family.AF00000117.0,2017,parked
AF.document.042MLBAR.n0000,Climate Smart Agriculture: Enhancing Adaptive Capacity of the Rural Communities in Lebanon (AgriCAL) — Project document,https://cdn.climatepolicyradar.org/navigator/LBN/2012/climate-smart-agriculture-enhancing-adaptive-capacity-of-the-rural-communities-in-lebanon-agrical_fb1acf623cb98ecc2b4c695b8870c48b.pdf,2012-06-28T00:00:00Z,Project document,LBN,042MLBAR,https://climateprojectexplorer.org/document/climate-smart-agriculture-enhancing-adaptive-capacity-of-the-rural-communities-in-lebanon-agrical_8b72,https://fifspubprd.azureedge.net/afdocuments/project/38/38_AgriCal%20Revised%20PD%20-%20Final%20-%2022%20May%202012.pdf,application/pdf,fb1acf623cb98ecc2b4c695b8870c48b,AF.family.042MLBAR.0,2012,out_of_scope_geo
AF.document.AF00000324.n0000,Innovative Adaptation Financing to Build the Resilience and Adaptive Capacity of Smallholder Farmers in Bhutan (InAF-Bhutan) — Project document,https://cdn.climatepolicyradar.org/navigator/BTN/2024/innovative-adaptation-financing-to-build-the-resilience-and-adaptive-capacity-of-smallholder-farmers-in-bhutan-inaf-bhutan_1ed9f22f3e7024167e362e8b5af088eb.pdf,2024-04-19T00:00:00Z,Project document,BTN,AF00000324,https://climateprojectexplorer.org/document/innovative-adaptation-financing-to-build-the-resilience-and-adaptive-capacity-of-smallholder-farmers-in-bhutan-inaf-bhutan_d027,https://fifspubprd.azureedge.net/afdocuments/project/15059/Innovation%20Large%20Innovation_Bhutan_WFP%20REV%20clean.pdf,application/pdf,1ed9f22f3e7024167e362e8b5af088eb,AF.family.AF00000324.0,2024,out_of_scope_geo
AF.document.AF00000078.n0000,"Promoting Climate-Smart Agriculture in West Africa (Benin, Burkina Faso, Ghana, Niger, Togo) — Project document",https://cdn.climatepolicyradar.org/navigator/BEN/2018/promoting-climate-smart-agriculture-in-west-africa-benin-burkina-faso-ghana-niger-togo_ae35663d0974a0f10bb5233af0328cb1.pdf,2018-07-16T00:00:00Z,Project document,BEN;BFA;GHA;NER;TGO,AF00000078,https://climateprojectexplorer.org/document/promoting-climate-smart-agriculture-in-west-africa-benin-burkina-faso-ghana-niger-togo_0d9b,https://fifspubprd.azureedge.net/afdocuments/project/1431/1431_Full_Prop_CSA-WA_14_5_18_clean.pdf,application/pdf,ae35663d0974a0f10bb5233af0328cb1,AF.family.AF00000078.0,2018,parked
AF.document.AF00000078.n0001,"Promoting Climate-Smart Agriculture in West Africa (Benin, Burkina Faso, Ghana, Niger, Togo) — Project pre-concept",https://cdn.climatepolicyradar.org/navigator/BEN/2018/promoting-climate-smart-agriculture-in-west-africa-benin-burkina-faso-ghana-niger-togo_f15c8c90f68e5477533ec3caa512ea04.pdf,2018-07-16T00:00:00Z,Project pre-concept,BEN;BFA;GHA;NER;TGO,AF00000078,https://climateprojectexplorer.org/document/promoting-climate-smart-agriculture-in-west-africa-benin-burkina-faso-ghana-niger-togo_0d9b,https://fifspubprd.azureedge.net/afdocuments/project/1431/1431_AFundPreConceptBOAD_CEDEAO_Reviewedcleaned_combined.pdf,application/pdf,f15c8c90f68e5477533ec3caa512ea04,AF.family.AF00000078.0,2018,parked
AF.document.AF00000078.n0002,"Promoting Climate-Smart Agriculture in West Africa (Benin, Burkina Faso, Ghana, Niger, Togo) — Project concept",https://cdn.climatepolicyradar.org/navigator/BEN/2018/promoting-climate-smart-agriculture-in-west-africa-benin-burkina-faso-ghana-niger-togo_6b66252d316b7d2652a2e896d8c146bd.pdf,2018-07-16T00:00:00Z,Project concept,BEN;BFA;GHA;NER;TGO,AF00000078,https://climateprojectexplorer.org/document/promoting-climate-smart-agriculture-in-west-africa-benin-burkina-faso-ghana-niger-togo_0d9b,https://fifspubprd.azureedge.net/afdocuments/project/1431/1431_PCN_FA_BOAD_ARAA_CLEAN%20REVIEW%20AOUT%202016.pdf,application/pdf,6b66252d316b7d2652a2e896d8c146bd,AF.family.AF00000078.0,2018,parked
AF.document.AF00000078.n0003,"Promoting Climate-Smart Agriculture in West Africa (Benin, Burkina Faso, Ghana, Niger, Togo) — Inception report",https://cdn.climatepolicyradar.org/navigator/BEN/2018/promoting-climate-smart-agriculture-in-west-africa-benin-burkina-faso-ghana-niger-togo_1b158bfea89acd30d8117960f52c66f4.pdf,2018-07-16T00:00:00Z,Inception report,BEN;BFA;GHA;NER;TGO,AF00000078,https://climateprojectexplorer.org/document/promoting-climate-smart-agriculture-in-west-africa-benin-burkina-faso-ghana-niger-togo_0d9b,https://fifspubprd.azureedge.net/afdocuments/project/1431/1431_Inception%20Report_report_Regional_Project_CSA_CEDEAO_BOAD_English%20version26102022.pdf,application/pdf,1b158bfea89acd30d8117960f52c66f4,AF.family.AF00000078.0,2018,parked
AF.document.AF00000113.n0000,"Safekeeping-Surviving-Sustaining towards Resilience: 3S Approach to Build Coastal City Resilience to Climate Change Impacts and Natural Disasters in Pekalongan City, Central Java Province — Project document",https://cdn.climatepolicyradar.org/navigator/IDN/2020/safekeeping-surviving-sustaining-towards-resilience-3s-approach-to-build-coastal-city-resilience-to-climate-change-impacts-and-natural-disasters-in-pekalongan-city-central-java-province_b31b191c1f1ce90bb762b0aab31b58ed.pdf,2020-09-23T00:00:00Z,Project document,IDN,AF00000113,https://climateprojectexplorer.org/document/safekeeping-surviving-sustaining-towards-resilience-3s-approach-to-build-coastal-city-resilience-to-climate-change-impacts-and-natural-disasters-in-pekalongan-city-central-java-province_0ce3,https://fifspubprd.azureedge.net/afdocuments/project/6315/6315_Kemitraan-04_CLEAN_Pekalongan%20Full%20Proposal.pdf,application/pdf,b31b191c1f1ce90bb762b0aab31b58ed,AF.family.AF00000113.0,2020,out_of_scope_geo
AF.document.AF00000113.n0001,"Safekeeping-Surviving-Sustaining towards Resilience: 3S Approach to Build Coastal City Resilience to Climate Change Impacts and Natural Disasters in Pekalongan City, Central Java Province — Inception report",https://cdn.climatepolicyradar.org/navigator/IDN/2020/safekeeping-surviving-sustaining-towards-resilience-3s-approach-to-build-coastal-city-resilience-to-climate-change-impacts-and-natural-disasters-in-pekalongan-city-central-java-province_88fb8c39ef951955f1b2b3d7ef20d82c.pdf,2020-09-23T00:00:00Z,Inception report,IDN,AF00000113,https://climateprojectexplorer.org/document/safekeeping-surviving-sustaining-towards-resilience-3s-approach-to-build-coastal-city-resilience-to-climate-change-impacts-and-natural-disasters-in-pekalongan-city-central-java-province_0ce3,https://fifspubprd.azureedge.net/afdocuments/project/6315/6315_Inception%20report%20AF%20Kemitraan%20Pekalongan.pdf,application/pdf,88fb8c39ef951955f1b2b3d7ef20d82c,AF.family.AF00000113.0,2020,out_of_scope_geo
AF.document.AF00000205.n0000,"Mekong EbA South: Enhancing Climate Resilience in the Greater Mekong Sub-region through Ecosystem-based Adaptation in the Context of South-South Cooperation (Thailand, Viet Nam) — Project document",https://cdn.climatepolicyradar.org/navigator/THA/2021/mekong-eba-south-enhancing-climate-resilience-in-the-greater-mekong-sub-region-through-ecosystem-based-adaptation-in-the-context-of-south-south-cooperation-thailand-viet-nam_c571a19622074620023124dc7d399918.pdf,2021-03-11T00:00:00Z,Project document,THA;VNM,AF00000205,https://climateprojectexplorer.org/document/mekong-eba-south-enhancing-climate-resilience-in-the-greater-mekong-sub-region-through-ecosystem-based-adaptation-in-the-context-of-south-south-cooperation-thailand-viet-nam_edf8,https://fifspubprd.azureedge.net/afdocuments/project/12146/12146_Prodoc_Adaptation%20Fund%20MEKONG%20EBA%20SOUTH_Thailand-Vietnam_140520_clean_not%20highlighted.pdf,application/pdf,c571a19622074620023124dc7d399918,AF.family.AF00000205.0,2021,out_of_scope_geo
AF.document.AF00000205.n0001,"Mekong EbA South: Enhancing Climate Resilience in the Greater Mekong Sub-region through Ecosystem-based Adaptation in the Context of South-South Cooperation (Thailand, Viet Nam) — Inception report",https://cdn.climatepolicyradar.org/navigator/THA/2021/mekong-eba-south-enhancing-climate-resilience-in-the-greater-mekong-sub-region-through-ecosystem-based-adaptation-in-the-context-of-south-south-cooperation-thailand-viet-nam_ad1527430efc149be1b9a1545e4b1d2b.pdf,2021-03-11T00:00:00Z,Inception report,THA;VNM,AF00000205,https://climateprojectexplorer.org/document/mekong-eba-south-enhancing-climate-resilience-in-the-greater-mekong-sub-region-through-ecosystem-based-adaptation-in-the-context-of-south-south-cooperation-thailand-viet-nam_edf8,https://fifspubprd.azureedge.net/afdocuments/project/12146/Inception%20report_28.08.66%20(all).pdf,application/pdf,ad1527430efc149be1b9a1545e4b1d2b,AF.family.AF00000205.0,2021,out_of_scope_geo
AF.document.AF00000329.n0000,Resilient Coastal Fisheries and Aquaculture in Nauru — Project document,https://cdn.climatepolicyradar.org/navigator/NRU/2023/resilient-coastal-fisheries-and-aquaculture-in-nauru_b4736c3b1080f0c6a7efce63f588311c.pdf,2023-03-24T00:00:00Z,Project document,NRU,AF00000329,https://climateprojectexplorer.org/document/resilient-coastal-fisheries-and-aquaculture-in-nauru_fe17,https://fifspubprd.azureedge.net/afdocuments/project/15070/SPC_Nauru_Resubmission_Clean.pdf,application/pdf,b4736c3b1080f0c6a7efce63f588311c,AF.family.AF00000329.0,2023,out_of_scope_geo
AF.document.AF00000124.n0000,"Enhancing Adaptive Capacity of Andean Communities through Climate Services (ENANDES) (Chile, Colombia, Peru) — Project concept",https://cdn.climatepolicyradar.org/navigator/CHL/2019/enhancing-adaptive-capacity-of-andean-communities-through-climate-services-enandes-chile-colombia-peru_21a8581980e32c1e36ed1d18132b9162.pdf,2019-07-08T00:00:00Z,Project concept,CHL;COL;PER,AF00000124,https://climateprojectexplorer.org/document/enhancing-adaptive-capacity-of-andean-communities-through-climate-services-enandes-chile-colombia-peru_6381,https://fifspubprd.azureedge.net/afdocuments/project/6532/6532_Concept-for-Chile-Colombia-Peru-1.pdf,application/pdf,21a8581980e32c1e36ed1d18132b9162,AF.family.AF00000124.0,2019,out_of_scope_geo
AF.document.AF00000124.n0001,"Enhancing Adaptive Capacity of Andean Communities through Climate Services (ENANDES) (Chile, Colombia, Peru) — Project document",https://cdn.climatepolicyradar.org/navigator/CHL/2019/enhancing-adaptive-capacity-of-andean-communities-through-climate-services-enandes-chile-colombia-peru_1baf7f90ad34b8b6a58e4c306d54b246.pdf,2019-07-08T00:00:00Z,Project document,CHL;COL;PER,AF00000124,https://climateprojectexplorer.org/document/enhancing-adaptive-capacity-of-andean-communities-through-climate-services-enandes-chile-colombia-peru_6381,https://fifspubprd.azureedge.net/afdocuments/project/6532/6532_ENANDES_Revised_%20proposal_20190514_NO_track_changes.pdf,application/pdf,1baf7f90ad34b8b6a58e4c306d54b246,AF.family.AF00000124.0,2019,out_of_scope_geo
AF.document.AF00000124.n0002,"Enhancing Adaptive Capacity of Andean Communities through Climate Services (ENANDES) (Chile, Colombia, Peru) — Project inception",https://cdn.climatepolicyradar.org/navigator/CHL/2019/enhancing-adaptive-capacity-of-andean-communities-through-climate-services-enandes-chile-colombia-peru_0a0273e9053d478d28a66c9ccd42772c.pdf,2019-07-08T00:00:00Z,Project inception,CHL;COL;PER,AF00000124,https://climateprojectexplorer.org/document/enhancing-adaptive-capacity-of-andean-communities-through-climate-services-enandes-chile-colombia-peru_6381,https://fifspubprd.azureedge.net/afdocuments/project/6532/6532_ENANDES%20Project_Inception%20Report_WMO.pdf,application/pdf,0a0273e9053d478d28a66c9ccd42772c,AF.family.AF00000124.0,2019,out_of_scope_geo
AF.document.AF00000124.n0004,"Enhancing Adaptive Capacity of Andean Communities through Climate Services (ENANDES) (Chile, Colombia, Peru) — project monitoring report 2",https://cdn.climatepolicyradar.org/navigator/CHL/2019/enhancing-adaptive-capacity-of-andean-communities-through-climate-services-enandes-chile-colombia-peru_59d872a57ce4e883f977edd96bacb196.pdf,2019-07-08T00:00:00Z,project monitoring report 2,CHL;COL;PER,AF00000124,https://climateprojectexplorer.org/document/enhancing-adaptive-capacity-of-andean-communities-through-climate-services-enandes-chile-colombia-peru_6381,https://fifspubprd.azureedge.net/afdocuments/project/6532/AF00000124_PPR2_Web.pdf,application/pdf,59d872a57ce4e883f977edd96bacb196,AF.family.AF00000124.0,2019,out_of_scope_geo
AF.document.014MGTRR.n0000,Climate change resilient production landscapes and socioeconomic networks advanced in Guatemala — Project document,https://cdn.climatepolicyradar.org/navigator/GTM/2013/climate-change-resilient-production-landscapes-and-socioeconomic-networks-advanced-in-guatemala_25f5a07cd4698ffb33a59a6247db17ab.pdf,2013-09-12T00:00:00Z,Project document,GTM,014MGTRR,https://climateprojectexplorer.org/document/climate-change-resilient-production-landscapes-and-socioeconomic-networks-advanced-in-guatemala_7c90,https://fifspubprd.azureedge.net/afdocuments/project/61/61_PIMS_4386_Guatemala_AF_Full_Proposal_Nov2012.pdf,application/pdf,25f5a07cd4698ffb33a59a6247db17ab,AF.family.014MGTRR.0,2013,out_of_scope_geo
AF.document.014MGTRR.n0007,Climate change resilient production landscapes and socioeconomic networks advanced in Guatemala — Project completion report,https://cdn.climatepolicyradar.org/navigator/GTM/2013/climate-change-resilient-production-landscapes-and-socioeconomic-networks-advanced-in-guatemala_e458c4dfad6c33e6e2d24185fb9fc58a.pdf,2013-09-12T00:00:00Z,Completion report,GTM,014MGTRR,https://climateprojectexplorer.org/document/climate-change-resilient-production-landscapes-and-socioeconomic-networks-advanced-in-guatemala_7c90,https://fifspubprd.azureedge.net/afdocuments/project/61/61_Guatemala%20AF%20-%20Programme%20Completion%20Summary%20-%2019%20June%202019.pdf,application/pdf,e458c4dfad6c33e6e2d24185fb9fc58a,AF.family.014MGTRR.0,2013,out_of_scope_geo
AF.document.AF00000087.n0000,Enhancing the climate and disaster resilience of the most vulnerable rural and emerging urban human settlements in Lao PDR — Inception report,https://cdn.climatepolicyradar.org/navigator/LAO/2016/enhancing-the-climate-and-disaster-resilience-of-the-most-vulnerable-rural-and-emerging-urban-human-settlements-in-lao-pdr_90abd5c7ee37961d8f2882d78c909c0f.pdf,2016-10-07T00:00:00Z,Inception report,LAO,AF00000087,https://climateprojectexplorer.org/document/enhancing-the-climate-and-disaster-resilience-of-the-most-vulnerable-rural-and-emerging-urban-human-settlements-in-lao-pdr_8616,https://fifspubprd.azureedge.net/afdocuments/project/3062/3062_Inception%20Report_Adaptation%20Fund_Lao%20PDR_March%202017.pdf,application/pdf,90abd5c7ee37961d8f2882d78c909c0f,AF.family.AF00000087.0,2016,out_of_scope_geo
AF.document.AF00000087.n0002,Enhancing the climate and disaster resilience of the most vulnerable rural and emerging urban human settlements in Lao PDR — Project document,https://cdn.climatepolicyradar.org/navigator/LAO/2016/enhancing-the-climate-and-disaster-resilience-of-the-most-vulnerable-rural-and-emerging-urban-human-settlements-in-lao-pdr_b60eed419ce76ecef95239666cea105f.pdf,2016-10-07T00:00:00Z,Project document,LAO,AF00000087,https://climateprojectexplorer.org/document/enhancing-the-climate-and-disaster-resilience-of-the-most-vulnerable-rural-and-emerging-urban-human-settlements-in-lao-pdr_8616,https://fifspubprd.azureedge.net/afdocuments/project/3062/3062_3.%20Lao%20PDR%20AF%20Full%20Project%20Proposal%20UN-Habitat%2029%20Aug%202016_mark%20up_update%2031%20Aug.pdf,application/pdf,b60eed419ce76ecef95239666cea105f,AF.family.AF00000087.0,2016,out_of_scope_geo
AF.document.AF00000355.n0000,The Adaptation SMEs Innovation Facility (ASIF) — Project document,https://cdn.climatepolicyradar.org/navigator/XAB/2023/the-adaptation-smes-innovation-facility-asif_e5e7afcd538dfe5efb9c679290916130.pdf,2023-10-13T00:00:00Z,Project document,XAB,AF00000355,https://climateprojectexplorer.org/document/the-adaptation-smes-innovation-facility-asif_aff4,https://fifspubprd.azureedge.net/afdocuments/project/15100/UNIDO_AFCIA_Proposal.pdf,application/pdf,e5e7afcd538dfe5efb9c679290916130,AF.family.AF00000355.0,2023,out_of_scope_geo
AF.document.068NINCS.n0002,Conservation and Management of Coastal Resources as a Potential Adaptation Strategy for Sea Level Rise — Project document,https://cdn.climatepolicyradar.org/navigator/IND/2014/conservation-and-management-of-coastal-resources-as-a-potential-adaptation-strategy-for-sea-level-rise_d7064e4814076dddc83f6ad51fc7e6ab.pdf,2014-10-10T00:00:00Z,Project document,IND,068NINCS,https://climateprojectexplorer.org/document/conservation-and-management-of-coastal-resources-as-a-potential-adaptation-strategy-for-sea-level-rise_984b,https://fifspubprd.azureedge.net/afdocuments/project/34/34_NABARD_AFB%20PROPOSAL_SEA%20LEVEL%20RISE_MSSRF__REVISED%20AFTER%20ATR_SEPT%2014.pdf,application/pdf,d7064e4814076dddc83f6ad51fc7e6ab,AF.family.068NINCS.0,2014,out_of_scope_geo
AF.document.AF00000362.n0000,Adaptation Fund Climate Innovation Accelerator II — Project document,https://cdn.climatepolicyradar.org/navigator/XAB/2024/adaptation-fund-climate-innovation-accelerator-ii_aa3737fc9bb312578ede3505f4c872dd.pdf,2024-04-19T00:00:00Z,Project document,XAB,AF00000362,https://climateprojectexplorer.org/document/adaptation-fund-climate-innovation-accelerator-ii_4072,https://fifspubprd.azureedge.net/afdocuments/project/15109/AFCIA%20II%20Funding%20Proposal%20Final.pdf,application/pdf,aa3737fc9bb312578ede3505f4c872dd,AF.family.AF00000362.0,2024,out_of_scope_geo
AF.document.AF00000317.n0000,Ger Community Resilience Project (GCRP) — Project concept,https://cdn.climatepolicyradar.org/navigator/MNG/2023/ger-community-resilience-project-gcrp_2e4e215d6ad394dfa70c85bc1d383064.pdf,2023-03-24T00:00:00Z,Project concept,MNG,AF00000317,https://climateprojectexplorer.org/document/ger-community-resilience-project-gcrp_f306,https://fifspubprd.azureedge.net/afdocuments/project/15051/15051_Mongolia%20AF%20Concept%20Note%20August%202022%20-%20For%20submission%20clean.pdf,application/pdf,2e4e215d6ad394dfa70c85bc1d383064,AF.family.AF00000317.0,2023,out_of_scope_geo
AF.document.AF00000317.n0001,Ger Community Resilience Project (GCRP) — Project document,https://cdn.climatepolicyradar.org/navigator/MNG/2023/ger-community-resilience-project-gcrp_21ea8935f8a9a8e28281b61e4311c5a6.pdf,2023-03-24T00:00:00Z,Project document,MNG,AF00000317,https://climateprojectexplorer.org/document/ger-community-resilience-project-gcrp_f306,https://fifspubprd.azureedge.net/afdocuments/project/15051/UN-Habitat_Mongolia_Resubmission_Clean.pdf,application/pdf,21ea8935f8a9a8e28281b61e4311c5a6,AF.family.AF00000317.0,2023,out_of_scope_geo
AF.document.AF00000317.n0002,Ger Community Resilience Project (GCRP) — Inception report,https://cdn.climatepolicyradar.org/navigator/MNG/2023/ger-community-resilience-project-gcrp_664e0ed1008edcd80eb2209c20c20532.pdf,2023-03-24T00:00:00Z,Inception report,MNG,AF00000317,https://climateprojectexplorer.org/document/ger-community-resilience-project-gcrp_f306,https://fifspubprd.azureedge.net/afdocuments/project/15051/GCRP%20Inception%20report%20.pdf,application/pdf,664e0ed1008edcd80eb2209c20c20532,AF.family.AF00000317.0,2023,out_of_scope_geo
AF.document.AF00000357.n0000,Direct Access Program for Financing Climate Change Adaptation Projects to Increase the Adaptive Capacity and Climate Resilience of Indigenous and Afro-descendant Communities in the Marine Coastal Region of the Municipalities of Juan Francisco Bulnes and Brus Laguna in Honduras — Project document,https://cdn.climatepolicyradar.org/navigator/HND/2024/direct-access-program-for-financing-climate-change-adaptation-projects-to-increase-the-adaptive-capacity-and-climate-resilience-of-indigenous-and-afro-descendant-communities-in-the-marine-coastal-regi_6b5c5d7afb1e92a48e0738596523baea.pdf,2024-04-19T00:00:00Z,Project document,HND,AF00000357,https://climateprojectexplorer.org/document/direct-access-program-for-financing-climate-change-adaptation-projects-to-increase-the-adaptive-capacity-and-climate-resilience-of-indigenous-and-afro-descendant-communities-in-the-marine-coastal-region-of-the-municipalities-of-juan-francisco-bulnes-and-brus-laguna-in-honduras_f379,https://fifspubprd.azureedge.net/afdocuments/project/15103/CASM_Honduras.Final%20CV.pdf,application/pdf,6b5c5d7afb1e92a48e0738596523baea,AF.family.AF00000357.0,2024,out_of_scope_geo
AF.document.AF00000069.n0000,"Increasing adaptive capacity of local communities, ecosystems and hydroelectric systems in the Río Blanco upper watershed (Toachi-Pilatón watershed) with a focus on Ecosystem and Community Based Adaptation and Integrated Adaptive Watershed Management — Project document",https://cdn.climatepolicyradar.org/navigator/ECU/2018/increasing-adaptive-capacity-of-local-communities-ecosystems-and-hydroelectric-systems-in-the-rio-blanco-upper-watershed-toachi-pilaton-watershed-with-a-focus-on-ecosystem-and-community-based-adaptati_464108f05478567e995e7ab8a0101056.pdf,2018-07-16T00:00:00Z,Project document,ECU,AF00000069,https://climateprojectexplorer.org/document/increasing-adaptive-capacity-of-local-communities-ecosystems-and-hydroelectric-systems-in-the-rio-blanco-upper-watershed-toachi-pilaton-watershed-with-a-focus-on-ecosystem-and-community-based-adaptation-and-integrated-adaptive-watershed-management_b7ce,https://fifspubprd.azureedge.net/afdocuments/project/1415/1415_AFB.PPRC_.22.23.6-Proposal-for-Ecuador.pdf,application/pdf,464108f05478567e995e7ab8a0101056,AF.family.AF00000069.0,2018,out_of_scope_geo
AF.document.AF00000197.n0000,"Enhance community, local and national-level urban climate change resilience to water scarcity, caused by floods and droughts in Rawalpindi and Nowshera, Pakistan — Project document",https://cdn.climatepolicyradar.org/navigator/PAK/2020/enhance-community-local-and-national-level-urban-climate-change-resilience-to-water-scarcity-caused-by-floods-and-droughts-in-rawalpindi-and-nowshera-pakistan_dd564188d3227333f290ac47dfa27262.pdf,2020-06-01T00:00:00Z,Project document,PAK,AF00000197,https://climateprojectexplorer.org/document/enhance-community-local-and-national-level-urban-climate-change-resilience-to-water-scarcity-caused-by-floods-and-droughts-in-rawalpindi-and-nowshera-pakistan_5435,https://fifspubprd.azureedge.net/afdocuments/project/12126/12126_Proposal-for-Pakistan.pdf,application/pdf,dd564188d3227333f290ac47dfa27262,AF.family.AF00000197.0,2020,out_of_scope_geo
AF.document.AF00000197.n0001,"Enhance community, local and national-level urban climate change resilience to water scarcity, caused by floods and droughts in Rawalpindi and Nowshera, Pakistan — Inception report",https://cdn.climatepolicyradar.org/navigator/PAK/2020/enhance-community-local-and-national-level-urban-climate-change-resilience-to-water-scarcity-caused-by-floods-and-droughts-in-rawalpindi-and-nowshera-pakistan_4f27b11d31a9f28301efb754a1dd744f.pdf,2020-06-01T00:00:00Z,Inception report,PAK,AF00000197,https://climateprojectexplorer.org/document/enhance-community-local-and-national-level-urban-climate-change-resilience-to-water-scarcity-caused-by-floods-and-droughts-in-rawalpindi-and-nowshera-pakistan_5435,https://fifspubprd.azureedge.net/afdocuments/project/12126/12126_Inception%20%20Report%20-%20Pakistan%20UN-Habitat.pdf,application/pdf,4f27b11d31a9f28301efb754a1dd744f,AF.family.AF00000197.0,2020,out_of_scope_geo
AF.document.AF00000261.n0000,Multisectoral Adaptation Measures to Climate Change in the South Oropouche River Basin for Flood Relief — Project concept,https://cdn.climatepolicyradar.org/navigator/TTO/2022/multisectoral-adaptation-measures-to-climate-change-in-the-south-oropouche-river-basin-for-flood-relief_0778af9736d174d37b855bf1738b5cd6.pdf,2022-04-08T00:00:00Z,Project concept,TTO,AF00000261,https://climateprojectexplorer.org/document/multisectoral-adaptation-measures-to-climate-change-in-the-south-oropouche-river-basin-for-flood-relief_9683,https://fifspubprd.azureedge.net/afdocuments/project/14664/14664_2021-09-09_T_T%20SORB_Draft%20Concept%20Note_v.2_clean.pdf,application/pdf,0778af9736d174d37b855bf1738b5cd6,AF.family.AF00000261.0,2022,out_of_scope_geo
AF.document.AF00000261.n0001,Multisectoral Adaptation Measures to Climate Change in the South Oropouche River Basin for Flood Relief — Project document,https://cdn.climatepolicyradar.org/navigator/TTO/2022/multisectoral-adaptation-measures-to-climate-change-in-the-south-oropouche-river-basin-for-flood-relief_e3290aa36628fac19158068687135201.pdf,2022-04-08T00:00:00Z,Project document,TTO,AF00000261,https://climateprojectexplorer.org/document/multisectoral-adaptation-measures-to-climate-change-in-the-south-oropouche-river-basin-for-flood-relief_9683,https://fifspubprd.azureedge.net/afdocuments/project/14664/14664_Trinidad%20and%20Tobago_CAF_Clean%20April%2010th%202022.pdf,application/pdf,e3290aa36628fac19158068687135201,AF.family.AF00000261.0,2022,out_of_scope_geo
AF.document.AF00000261.n0002,Multisectoral Adaptation Measures to Climate Change in the South Oropouche River Basin for Flood Relief — Inception report,https://cdn.climatepolicyradar.org/navigator/TTO/2022/multisectoral-adaptation-measures-to-climate-change-in-the-south-oropouche-river-basin-for-flood-relief_0f23b832550b224f7b846c82e4941476.pdf,2022-04-08T00:00:00Z,Inception report,TTO,AF00000261,https://climateprojectexplorer.org/document/multisectoral-adaptation-measures-to-climate-change-in-the-south-oropouche-river-basin-for-flood-relief_9683,https://fifspubprd.azureedge.net/afdocuments/project/14664/SORB%20Inception%20Workshop%20Report%20-%20Final_Version%2012.10.2023.pdf,application/pdf,0f23b832550b224f7b846c82e4941476,AF.family.AF00000261.0,2022,out_of_scope_geo
AF.document.AF00000188.n0000,"Resilience building as climate change adaptation in drought-struck South-western African communities (Angola, Namibia) — Project pre-concept",https://cdn.climatepolicyradar.org/navigator/AGO/2021/resilience-building-as-climate-change-adaptation-in-drought-struck-south-western-african-communities-angola-namibia_7dcad1fed3abd43c28371df19fdf7d4a.pdf,2021-07-26T00:00:00Z,Project pre-concept,AGO;NAM,AF00000188,https://climateprojectexplorer.org/document/resilience-building-as-climate-change-adaptation-in-drought-struck-south-western-african-communities-angola-namibia_976c,https://fifspubprd.azureedge.net/afdocuments/project/12101/12101_Clean%20Preconcept.pdf,application/pdf,7dcad1fed3abd43c28371df19fdf7d4a,AF.family.AF00000188.0,2021,parked
AF.document.AF00000188.n0001,"Resilience building as climate change adaptation in drought-struck South-western African communities (Angola, Namibia) — Project concept",https://cdn.climatepolicyradar.org/navigator/AGO/2021/resilience-building-as-climate-change-adaptation-in-drought-struck-south-western-african-communities-angola-namibia_dec72da0acc2a99e26d4113511bcb533.pdf,2021-07-26T00:00:00Z,Project concept,AGO;NAM,AF00000188,https://climateprojectexplorer.org/document/resilience-building-as-climate-change-adaptation-in-drought-struck-south-western-african-communities-angola-namibia_976c,https://fifspubprd.azureedge.net/afdocuments/project/12101/12101_Angola%20and%20Namibia.pdf,application/pdf,dec72da0acc2a99e26d4113511bcb533,AF.family.AF00000188.0,2021,parked
AF.document.AF00000188.n0002,"Resilience building as climate change adaptation in drought-struck South-western African communities (Angola, Namibia) — projects documents",https://cdn.climatepolicyradar.org/navigator/AGO/2021/resilience-building-as-climate-change-adaptation-in-drought-struck-south-western-african-communities-angola-namibia_139b92d4cbbb521104e4cefc993a6365.pdf,2021-07-26T00:00:00Z,projects documents,AGO;NAM,AF00000188,https://climateprojectexplorer.org/document/resilience-building-as-climate-change-adaptation-in-drought-struck-south-western-african-communities-angola-namibia_976c,https://fifspubprd.azureedge.net/afdocuments/project/12101/12101_Amended-Signed_OSS_RIE_%20Regional%20ProjectAngolaNamibia-Full%20Proposal_V3-2021_April_26.pdf,application/pdf,139b92d4cbbb521104e4cefc993a6365,AF.family.AF00000188.0,2021,parked
AF.document.AF00000188.n0003,"Resilience building as climate change adaptation in drought-struck South-western African communities (Angola, Namibia) — Inception report",https://cdn.climatepolicyradar.org/navigator/AGO/2021/resilience-building-as-climate-change-adaptation-in-drought-struck-south-western-african-communities-angola-namibia_5064929eacadc115b37ad7e1fda0afad.pdf,2021-07-26T00:00:00Z,Inception report,AGO;NAM,AF00000188,https://climateprojectexplorer.org/document/resilience-building-as-climate-change-adaptation-in-drought-struck-south-western-african-communities-angola-namibia_976c,https://fifspubprd.azureedge.net/afdocuments/project/12101/12101_ADSWAC_Regional_Launch_Workshop%20Report_May_2022.pdf,application/pdf,5064929eacadc115b37ad7e1fda0afad,AF.family.AF00000188.0,2021,parked
AF.document.AF00000215.n0000,Adaptation Fund- UN Environment Special Financing Window in Support of Innovation for Adaptation — Project document,https://cdn.climatepolicyradar.org/navigator/XAB/2019/adaptation-fund-un-environment-special-financing-window-in-support-of-innovation-for-adaptation_7c0ada42b02069acc17299c6c1a3d8b7.pdf,2019-10-11T00:00:00Z,Project document,XAB,AF00000215,https://climateprojectexplorer.org/document/adaptation-fund-un-environment-special-financing-window-in-support-of-innovation-for-adaptation_f379,https://fifspubprd.azureedge.net/afdocuments/project/12241/12241_Proposal_technology%20aggregator_revised_130909_final.pdf,application/pdf,7c0ada42b02069acc17299c6c1a3d8b7,AF.family.AF00000215.0,2019,out_of_scope_geo
AF.document.i00000251.n0000,Smallholder Climate Resilience Project (SCRP) — Project concept,https://cdn.climatepolicyradar.org/navigator/MWI/2026/smallholder-climate-resilience-project-scrp_84aef0e5c5ad804f4bb41a51579b34bc.pdf,2026-04-11T00:00:00Z,Project concept,MWI,i00000250,https://climateprojectexplorer.org/document/smallholder-climate-resilience-project-scrp_47eb,https://fifspubprd.azureedge.net/afdocuments/project/15130/IFAD_Malawi_CN_Final.pdf,application/pdf,84aef0e5c5ad804f4bb41a51579b34bc,AF.family.i00000250.n0000,2026,parked
AF.document.i00000252.n0000,Smallholder Climate Resilience Project (SCRP) — Project document,https://cdn.climatepolicyradar.org/navigator/MWI/2026/smallholder-climate-resilience-project-scrp_bef5d6c46b610d11550027ad6f2ad42b.pdf,2026-04-11T00:00:00Z,Project document,MWI,i00000250,https://climateprojectexplorer.org/document/smallholder-climate-resilience-project-scrp_47eb,https://fifspubprd.azureedge.net/afdocuments/project/15130/IFAD_Malawi-Final_FP.pdf,application/pdf,bef5d6c46b610d11550027ad6f2ad42b,AF.family.i00000250.n0000,2026,parked
AF.document.AF00000179.n0000,Building resilience for adaptation to climate change and climate vulnernabilities in agriculture in Saint Lucia — Project document,https://cdn.climatepolicyradar.org/navigator/LCA/2019/building-resilience-for-adaptation-to-climate-change-and-climate-vulnernabilities-in-agriculture-in-saint-lucia_49f445ef1b14004778be006ac16394c0.pdf,2019-07-08T00:00:00Z,Project document,LCA,AF00000179,https://climateprojectexplorer.org/document/building-resilience-for-adaptation-to-climate-change-and-climate-vulnernabilities-in-agriculture-in-saint-lucia_36fe,https://fifspubprd.azureedge.net/afdocuments/project/12040/12040_St%20Lucia%20for%20posting.pdf,application/pdf,49f445ef1b14004778be006ac16394c0,AF.family.AF00000179.0,2019,out_of_scope_geo
AF.document.AF00000179.n0001,Building resilience for adaptation to climate change and climate vulnernabilities in agriculture in Saint Lucia — Inception report,https://cdn.climatepolicyradar.org/navigator/LCA/2019/building-resilience-for-adaptation-to-climate-change-and-climate-vulnernabilities-in-agriculture-in-saint-lucia_13e8ffd4b64c68cc2f7a636a758d4bbe.pdf,2019-07-08T00:00:00Z,Inception report,LCA,AF00000179,https://climateprojectexplorer.org/document/building-resilience-for-adaptation-to-climate-change-and-climate-vulnernabilities-in-agriculture-in-saint-lucia_36fe,https://fifspubprd.azureedge.net/afdocuments/project/12040/12040_PROJECT%20LAUNCH%20AND%20INCEPTION%20REPORT%20FOR%20SAINT%20LUCIA%20AF%20PROJECT.pdf,application/pdf,13e8ffd4b64c68cc2f7a636a758d4bbe,AF.family.AF00000179.0,2019,out_of_scope_geo
AF.document.AF00000187.n0000,"Enhancing the adaptation capability of coastal community in facing the impacts of climate change in Negeri (village), Asilulu, Ureng and Lima of Leihitu District Maluku Tengah Regency Maluku Province — Project concept",https://cdn.climatepolicyradar.org/navigator/IDN/2021/enhancing-the-adaptation-capability-of-coastal-community-in-facing-the-impacts-of-climate-change-in-negeri-village-asilulu-ureng-and-lima-of-leihitu-district-maluku-tengah-regency-maluku-province_5f971f340367f26bd1000a0afd861078.pdf,2021-10-21T00:00:00Z,Project concept,IDN,AF00000187,https://climateprojectexplorer.org/document/enhancing-the-adaptation-capability-of-coastal-community-in-facing-the-impacts-of-climate-change-in-negeri-village-asilulu-ureng-and-lima-of-leihitu-district-maluku-tengah-regency-maluku-province_178d,https://fifspubprd.azureedge.net/afdocuments/project/12100/12100_Clean_Kemitraan_01_HAI_030919.pdf,application/pdf,5f971f340367f26bd1000a0afd861078,AF.family.AF00000187.0,2021,out_of_scope_geo
AF.document.AF00000187.n0001,"Enhancing the adaptation capability of coastal community in facing the impacts of climate change in Negeri (village), Asilulu, Ureng and Lima of Leihitu District Maluku Tengah Regency Maluku Province — Project document",https://cdn.climatepolicyradar.org/navigator/IDN/2021/enhancing-the-adaptation-capability-of-coastal-community-in-facing-the-impacts-of-climate-change-in-negeri-village-asilulu-ureng-and-lima-of-leihitu-district-maluku-tengah-regency-maluku-province_ce94337432987661b8baae87729262b5.pdf,2021-10-21T00:00:00Z,Project document,IDN,AF00000187,https://climateprojectexplorer.org/document/enhancing-the-adaptation-capability-of-coastal-community-in-facing-the-impacts-of-climate-change-in-negeri-village-asilulu-ureng-and-lima-of-leihitu-district-maluku-tengah-regency-maluku-province_178d,https://fifspubprd.azureedge.net/afdocuments/project/12100/12100_Kemitraan_Maluku_Province_Clean%20Version.pdf,application/pdf,ce94337432987661b8baae87729262b5,AF.family.AF00000187.0,2021,out_of_scope_geo
AF.document.AF00000184.n0000,Enhancing Climate Change Resilience of Coastal Communities of Zanzibar — Project document,https://cdn.climatepolicyradar.org/navigator/TZA/2020/enhancing-climate-change-resilience-of-coastal-communities-of-zanzibar_75cfe18dfd322adca0269be2c0c02bf3.pdf,2020-06-01T00:00:00Z,Project document,TZA,AF00000184,https://climateprojectexplorer.org/document/enhancing-climate-change-resilience-of-coastal-communities-of-zanzibar_b038,https://fifspubprd.azureedge.net/afdocuments/project/12097/12097_Revised%20Zanzibar%20CLEAN%20DOCUMENT%2018%20Feb%202020.pdf,application/pdf,75cfe18dfd322adca0269be2c0c02bf3,AF.family.AF00000184.0,2020,parked
AF.document.AF00000184.n0001,Enhancing Climate Change Resilience of Coastal Communities of Zanzibar — Inception report,https://cdn.climatepolicyradar.org/navigator/TZA/2020/enhancing-climate-change-resilience-of-coastal-communities-of-zanzibar_283dbf9f5f38a108fc0e3f504ce7c739.pdf,2020-06-01T00:00:00Z,Inception report,TZA,AF00000184,https://climateprojectexplorer.org/document/enhancing-climate-change-resilience-of-coastal-communities-of-zanzibar_b038,https://fifspubprd.azureedge.net/afdocuments/project/12097/12097_INCEPTION_-REPORT_ZANZIBAR.pdf,application/pdf,283dbf9f5f38a108fc0e3f504ce7c739,AF.family.AF00000184.0,2020,parked
AF.document.058NZAWR.n0000,"Building Resilience in the greater uMngeni Catchment, South Africa — Project document",https://cdn.climatepolicyradar.org/navigator/ZAF/2014/building-resilience-in-the-greater-umngeni-catchment-south-africa_dad18bb27a04a750bde7b9be28de069a.pdf,2014-10-10T00:00:00Z,Project document,ZAF,058NZAWR,https://climateprojectexplorer.org/document/building-resilience-in-the-greater-umngeni-catchment-south-africa_0da5,https://fifspubprd.azureedge.net/afdocuments/project/24/24_SA%20NIE%20uMngeni%20Resilience%20Project_main%20text_1%20September%202014_final.pdf,application/pdf,dad18bb27a04a750bde7b9be28de069a,AF.family.058NZAWR.0,2014,parked
AF.document.058NZAWR.n0001,"Building Resilience in the greater uMngeni Catchment, South Africa — Inception report",https://cdn.climatepolicyradar.org/navigator/ZAF/2014/building-resilience-in-the-greater-umngeni-catchment-south-africa_c46da5808a44e2eda1fdad602656f3ac.pdf,2014-10-10T00:00:00Z,Inception report,ZAF,058NZAWR,https://climateprojectexplorer.org/document/building-resilience-in-the-greater-umngeni-catchment-south-africa_0da5,https://fifspubprd.azureedge.net/afdocuments/project/24/24_uMngeni%20Resilience%20Project%20Inception%20Workshop%20Report%2011-12-15%20Final.pdf,application/pdf,c46da5808a44e2eda1fdad602656f3ac,AF.family.058NZAWR.0,2014,parked
AF.document.AF00000092.n0000,"Reducing vulnerabilities of populations in the Central Asia region from glacier lake outburst floods in a changing climate (Kazakhstan, Kyrgyzstan, Tajikistan, Uzbekistan) — Project concept",https://cdn.climatepolicyradar.org/navigator/KAZ/2020/reducing-vulnerabilities-of-populations-in-the-central-asia-region-from-glacier-lake-outburst-floods-in-a-changing-climate-kazakhstan-kyrgyzstan-tajikistan-uzbekistan_808cafefa23f285e532ad328b54d0f19.pdf,2020-10-15T00:00:00Z,Project concept,KAZ;KGZ;TJK;UZB,AF00000092,https://climateprojectexplorer.org/document/reducing-vulnerabilities-of-populations-in-the-central-asia-region-from-glacier-lake-outburst-floods-in-a-changing-climate-kazakhstan-kyrgyzstan-tajikistan-uzbekistan_5e6e,https://fifspubprd.azureedge.net/afdocuments/project/3070/3070_Proposal-for-Kazakhstan-Tajikistan-Uzbekistan.pdf,application/pdf,808cafefa23f285e532ad328b54d0f19,AF.family.AF00000092.0,2020,out_of_scope_geo
AF.document.AF00000092.n0001,"Reducing vulnerabilities of populations in the Central Asia region from glacier lake outburst floods in a changing climate (Kazakhstan, Kyrgyzstan, Tajikistan, Uzbekistan) — Project document",https://cdn.climatepolicyradar.org/navigator/KAZ/2020/reducing-vulnerabilities-of-populations-in-the-central-asia-region-from-glacier-lake-outburst-floods-in-a-changing-climate-kazakhstan-kyrgyzstan-tajikistan-uzbekistan_2ced744a8f4005edada468c62aacab40.pdf,2020-10-15T00:00:00Z,Project document,KAZ;KGZ;TJK;UZB,AF00000092,https://climateprojectexplorer.org/document/reducing-vulnerabilities-of-populations-in-the-central-asia-region-from-glacier-lake-outburst-floods-in-a-changing-climate-kazakhstan-kyrgyzstan-tajikistan-uzbekistan_5e6e,https://fifspubprd.azureedge.net/afdocuments/project/3070/3070_2_20200219-GLOF%20funding%20proposal%20CLEAN-signed.pdf,application/pdf,2ced744a8f4005edada468c62aacab40,AF.family.AF00000092.0,2020,out_of_scope_geo
AF.document.AF00000092.n0004,"Reducing vulnerabilities of populations in the Central Asia region from glacier lake outburst floods in a changing climate (Kazakhstan, Kyrgyzstan, Tajikistan, Uzbekistan) — project performance report 2",https://cdn.climatepolicyradar.org/navigator/KAZ/2020/reducing-vulnerabilities-of-populations-in-the-central-asia-region-from-glacier-lake-outburst-floods-in-a-changing-climate-kazakhstan-kyrgyzstan-tajikistan-uzbekistan_9f439b30ba2c3b159a18e527a1be1977.pdf,2020-10-15T00:00:00Z,Performance report,KAZ;KGZ;TJK;UZB,AF00000092,https://climateprojectexplorer.org/document/reducing-vulnerabilities-of-populations-in-the-central-asia-region-from-glacier-lake-outburst-floods-in-a-changing-climate-kazakhstan-kyrgyzstan-tajikistan-uzbekistan_5e6e,https://fifspubprd.azureedge.net/afdocuments/project/3070/AF00000092_PPR2_Web.pdf,application/pdf,9f439b30ba2c3b159a18e527a1be1977,AF.family.AF00000092.0,2020,out_of_scope_geo
AF.document.AF00000092.n0002,"Reducing vulnerabilities of populations in the Central Asia region from glacier lake outburst floods in a changing climate (Kazakhstan, Kyrgyzstan, Tajikistan, Uzbekistan) — Inception report",https://cdn.climatepolicyradar.org/navigator/KAZ/2020/reducing-vulnerabilities-of-populations-in-the-central-asia-region-from-glacier-lake-outburst-floods-in-a-changing-climate-kazakhstan-kyrgyzstan-tajikistan-uzbekistan_4c6244a6f68764d51ca31816d08d01c0.pdf,2020-10-15T00:00:00Z,Inception report,KAZ;KGZ;TJK;UZB,AF00000092,https://climateprojectexplorer.org/document/reducing-vulnerabilities-of-populations-in-the-central-asia-region-from-glacier-lake-outburst-floods-in-a-changing-climate-kazakhstan-kyrgyzstan-tajikistan-uzbekistan_5e6e,https://fifspubprd.azureedge.net/afdocuments/project/3070/3070_20210529-GLOFCA%20Project%20Inception%20Report.pdf,application/pdf,4c6244a6f68764d51ca31816d08d01c0,AF.family.AF00000092.0,2020,out_of_scope_geo
AF.document.i00000255.n0000,Improving Food System Resilience of Vulnerable Communities in Nepal through Community-based Adaptation — Project concept,https://cdn.climatepolicyradar.org/navigator/NPL/2026/improving-food-system-resilience-of-vulnerable-communities-in-nepal-through-community-based-adaptation_ae033df3d7b87ba0777305772a3cf0be.pdf,2026-04-11T00:00:00Z,Project concept,NPL,i00000254,https://climateprojectexplorer.org/document/improving-food-system-resilience-of-vulnerable-communities-in-nepal-through-community-based-adaptation_4fd9,https://fifspubprd.azureedge.net/afdocuments/project/15163/WFP_Nepal_CN_Final.pdf,application/pdf,ae033df3d7b87ba0777305772a3cf0be,AF.family.i00000254.n0000,2026,out_of_scope_geo
AF.document.i00000256.n0000,Improving Food System Resilience of Vulnerable Communities in Nepal through Community-based Adaptation — Project document,https://cdn.climatepolicyradar.org/navigator/NPL/2026/improving-food-system-resilience-of-vulnerable-communities-in-nepal-through-community-based-adaptation_acaed50a64968c751c60c83158cdcafc.pdf,2026-04-11T00:00:00Z,Project document,NPL,i00000254,https://climateprojectexplorer.org/document/improving-food-system-resilience-of-vulnerable-communities-in-nepal-through-community-based-adaptation_4fd9,https://fifspubprd.azureedge.net/afdocuments/project/15163/WFP_Nepal_Final_FP.pdf,application/pdf,acaed50a64968c751c60c83158cdcafc,AF.family.i00000254.n0000,2026,out_of_scope_geo
AF.document.AFRDG00034.n0000,South-South Cooperation Grant (SSC) — Project document,https://cdn.climatepolicyradar.org/navigator/MUS/2018/south-south-cooperation-grant-ssc_dde316c50e17bcd5bdefb4518563f527.pdf,2018-12-26T00:00:00Z,Project document,MUS,AFRDG00034,https://climateprojectexplorer.org/document/south-south-cooperation-grant-ssc_4857,https://fifspubprd.azureedge.net/afdocuments/project/9966/SSC_Application-South-South-Cooperation-Grants_Mauritius.pdf,application/pdf,dde316c50e17bcd5bdefb4518563f527,AF.family.AFRDG00034.0,2018,parked
AF.document.AFRDG00034.n0001,South-South Cooperation Grant (SSC) — Inception report,https://cdn.climatepolicyradar.org/navigator/MUS/2018/south-south-cooperation-grant-ssc_137e16e35ae2182a472ff259423514fc.pdf,2018-12-26T00:00:00Z,Inception report,MUS,AFRDG00034,https://climateprojectexplorer.org/document/south-south-cooperation-grant-ssc_4857,https://fifspubprd.azureedge.net/afdocuments/project/9966/9966_AF_CSE_Mauritius_Inception_Notification_Letter.pdf,application/pdf,137e16e35ae2182a472ff259423514fc,AF.family.AFRDG00034.0,2018,parked
AF.document.AFRDG00034.n0003,South-South Cooperation Grant (SSC) — project monitoring report 2,https://cdn.climatepolicyradar.org/navigator/MUS/2018/south-south-cooperation-grant-ssc_3ca2552649e2fe70be6e6a1f576c54a1.pdf,2018-12-26T00:00:00Z,project monitoring report 2,MUS,AFRDG00034,https://climateprojectexplorer.org/document/south-south-cooperation-grant-ssc_4857,https://fifspubprd.azureedge.net/afdocuments/project/9966/9966_AF_Mauritius_Project-monitoring-report-readiness%20grant_2_CLEARED%20BY%20FM.pdf,application/pdf,3ca2552649e2fe70be6e6a1f576c54a1,AF.family.AFRDG00034.0,2018,parked
AF.document.AFRDG00034.n0004,South-South Cooperation Grant (SSC) — project monitoring report 3,https://cdn.climatepolicyradar.org/navigator/MUS/2018/south-south-cooperation-grant-ssc_f4ee001fcfecd02e689da3d40be3c5f2.pdf,2018-12-26T00:00:00Z,project monitoring report 3,MUS,AFRDG00034,https://climateprojectexplorer.org/document/south-south-cooperation-grant-ssc_4857,https://fifspubprd.azureedge.net/afdocuments/project/9966/9966_Readiness%20Mauritius_3rd%20Monitoring%20report_Feb2022%20(CSE)_Cleared.pdf,application/pdf,f4ee001fcfecd02e689da3d40be3c5f2,AF.family.AFRDG00034.0,2018,parked
AF.document.i00000265.n0000,"Ha Ta Tukari, “Water our Life”: Towards Universal Drinking Water Coverage for 21 Communities of the Wixarika Nation — Project concept",https://cdn.climatepolicyradar.org/navigator/MEX/2026/ha-ta-tukari-water-our-life-towards-universal-drinking-water-coverage-for-21-communities-of-the-wixarika-nation_b298b4d522470883f23ab8205f49f719.pdf,2026-05-31T00:00:00Z,Project concept,MEX,i00000264,https://climateprojectexplorer.org/document/ha-ta-tukari-water-our-life-towards-universal-drinking-water-coverage-for-21-communities-of-the-wixarika-nation_5f1d,https://fifspubprd.azureedge.net/afdocuments/project/15067/IMTA_MEXICO.pdf,application/pdf,b298b4d522470883f23ab8205f49f719,AF.family.i00000264.n0000,2026,out_of_scope_geo
AF.document.i00000266.n0000,"Ha Ta Tukari, “Water our Life”: Towards Universal Drinking Water Coverage for 21 Communities of the Wixarika Nation — Project document",https://cdn.climatepolicyradar.org/navigator/MEX/2026/ha-ta-tukari-water-our-life-towards-universal-drinking-water-coverage-for-21-communities-of-the-wixarika-nation_825c1dbde36b5d05ec87d63f13a1c5da.pdf,2026-05-31T00:00:00Z,Project document,MEX,i00000264,https://climateprojectexplorer.org/document/ha-ta-tukari-water-our-life-towards-universal-drinking-water-coverage-for-21-communities-of-the-wixarika-nation_5f1d,https://fifspubprd.azureedge.net/afdocuments/project/15067/IMTA_Mexico_FP_Final.pdf,application/pdf,825c1dbde36b5d05ec87d63f13a1c5da,AF.family.i00000264.n0000,2026,out_of_scope_geo
AF.document.i00000270.n0000,Egypt Oasis Project Climate Change Adaptation to Improve Livelihoods in Siwa Oasis (CCAILSO) — Project document,https://cdn.climatepolicyradar.org/navigator/EGY/2026/egypt-oasis-project-climate-change-adaptation-to-improve-livelihoods-in-siwa-oasis-ccailso_fce08a6859165c93bd96a83de91d6e10.pdf,2026-05-31T00:00:00Z,Project document,EGY,i00000268,https://climateprojectexplorer.org/document/egypt-oasis-project-climate-change-adaptation-to-improve-livelihoods-in-siwa-oasis-ccailso_6511,https://fifspubprd.azureedge.net/afdocuments/project/15072/OSS_Egypt_FP_Final.pdf,application/pdf,fce08a6859165c93bd96a83de91d6e10,AF.family.i00000268.n0000,2026,parked
AF.document.i00000269.n0000,Egypt Oasis Project Climate Change Adaptation to Improve Livelihoods in Siwa Oasis (CCAILSO) — Project concept,https://cdn.climatepolicyradar.org/navigator/EGY/2026/egypt-oasis-project-climate-change-adaptation-to-improve-livelihoods-in-siwa-oasis-ccailso_584a7fc8809c45f81c3cf2260dbf7671.pdf,2026-05-31T00:00:00Z,Project concept,EGY,i00000268,https://climateprojectexplorer.org/document/egypt-oasis-project-climate-change-adaptation-to-improve-livelihoods-in-siwa-oasis-ccailso_6511,https://fifspubprd.azureedge.net/afdocuments/project/15072/OSS_Egypt_Resubmission.pdf,application/pdf,584a7fc8809c45f81c3cf2260dbf7671,AF.family.i00000268.n0000,2026,parked
AF.document.AFRDG00050.n0000,Strengthening of a Replicable Micro Ecosystem of Accelerated Technological Innovation for Adaptation and Mitigation to Climate Change in Dominican Republic through the Development of a Pilot Thermo Solar Desalination Appropriate Technology — Project document,https://cdn.climatepolicyradar.org/navigator/DOM/2020/strengthening-of-a-replicable-micro-ecosystem-of-accelerated-technological-innovation-for-adaptation-and-mitigation-to-climate-change-in-dominican-republic-through-the-development-of-a-pilot-thermo-so_0ca8f3a2f7d2dc9fbb1ca7e301362494.pdf,2020-09-23T00:00:00Z,Project document,DOM,AFRDG00050,https://climateprojectexplorer.org/document/strengthening-of-a-replicable-micro-ecosystem-of-accelerated-technological-innovation-for-adaptation-and-mitigation-to-climate-change-in-dominican-republic-through-the-development-of-a-pilot-thermo-solar-desalination-appropriate-technology_dca8,https://fifspubprd.azureedge.net/afdocuments/project/14509/14509_Revised%20proposal%20for%20web_Dominican%20Republic.pdf,application/pdf,0ca8f3a2f7d2dc9fbb1ca7e301362494,AF.family.AFRDG00050.0,2020,out_of_scope_geo
AF.document.AFRDG00036.n0001,Technical Assistance Grant for ESP and Gender (TA-ESGP) — Inception report,https://cdn.climatepolicyradar.org/navigator/DOM/2018/technical-assistance-grant-for-esp-and-gender-ta-esgp_f8ac3bf26f130bcfe1017201a46a0ab2.pdf,2018-12-26T00:00:00Z,Inception report,DOM,AFRDG00036,https://climateprojectexplorer.org/document/technical-assistance-grant-for-esp-and-gender-ta-esgp_4e4e,https://fifspubprd.azureedge.net/afdocuments/project/9965/Notific.%20Inception%20TA-ESGP%20IDDI%2010.6.19.pdf,application/pdf,f8ac3bf26f130bcfe1017201a46a0ab2,AF.family.AFRDG00036.0,2018,out_of_scope_geo
AF.document.AFRDG00036.n0002,Technical Assistance Grant for ESP and Gender (TA-ESGP) — completion report,https://cdn.climatepolicyradar.org/navigator/DOM/2018/technical-assistance-grant-for-esp-and-gender-ta-esgp_f30e506535f7733cf8ac3134cf95ff90.pdf,2018-12-26T00:00:00Z,Completion report,DOM,AFRDG00036,https://climateprojectexplorer.org/document/technical-assistance-grant-for-esp-and-gender-ta-esgp_4e4e,https://fifspubprd.azureedge.net/afdocuments/project/9965/9965_CR_TAESPG%20IDDI.2020%20(002)_CLEARED.pdf,application/pdf,f30e506535f7733cf8ac3134cf95ff90,AF.family.AFRDG00036.0,2018,out_of_scope_geo
AF.document.AFRDG00036.n0000,Technical Assistance Grant for ESP and Gender (TA-ESGP) — Project document,https://cdn.climatepolicyradar.org/navigator/DOM/2018/technical-assistance-grant-for-esp-and-gender-ta-esgp_9126d0cdc6eca36c5570f78eb47b7d51.pdf,2018-12-26T00:00:00Z,Project document,DOM,AFRDG00036,https://climateprojectexplorer.org/document/technical-assistance-grant-for-esp-and-gender-ta-esgp_4e4e,https://fifspubprd.azureedge.net/afdocuments/project/9965/TA-ESGP_IDDI_Dominican%20Republic.pdf,application/pdf,9126d0cdc6eca36c5570f78eb47b7d51,AF.family.AFRDG00036.0,2018,out_of_scope_geo
AF.document.AFRDG00023.n0000,South-South Cooperation Grant (SSC) — Project document,https://cdn.climatepolicyradar.org/navigator/ZWE/2016/south-south-cooperation-grant-ssc_6d26912db7ec6de44469ccdb4a528828.pdf,2016-02-16T00:00:00Z,Project document,ZWE,AFRDG00023,https://climateprojectexplorer.org/document/south-south-cooperation-grant-ssc_241f,https://fifspubprd.azureedge.net/afdocuments/project/6688/SSC_South-South-Cooperation-Applicaiton-Grants%20%20Kenya%20Zimbabwe_combined.pdf,application/pdf,6d26912db7ec6de44469ccdb4a528828,AF.family.AFRDG00023.0,2016,parked
AF.document.AFRDG00023.n0001,South-South Cooperation Grant (SSC) — Inception report,https://cdn.climatepolicyradar.org/navigator/ZWE/2016/south-south-cooperation-grant-ssc_3a8bfe08d937af08a5ebe150a8e82d92.pdf,2016-02-16T00:00:00Z,Inception report,ZWE,AFRDG00023,https://climateprojectexplorer.org/document/south-south-cooperation-grant-ssc_241f,https://fifspubprd.azureedge.net/afdocuments/project/6688/Zimbabwe_NEMA_SS%20Grant_Inception%20report.pdf,application/pdf,3a8bfe08d937af08a5ebe150a8e82d92,AF.family.AFRDG00023.0,2016,parked
AF.document.AFRDG00023.n0002,South-South Cooperation Grant (SSC) — Project completion report,https://cdn.climatepolicyradar.org/navigator/ZWE/2016/south-south-cooperation-grant-ssc_1262c340842d0f88071d93f1ec098320.pdf,2016-02-16T00:00:00Z,Completion report,ZWE,AFRDG00023,https://climateprojectexplorer.org/document/south-south-cooperation-grant-ssc_241f,https://fifspubprd.azureedge.net/afdocuments/project/6688/6688_Project%20completion%20report_Malawi%20and%20Zimbabwe_Final.pdf,application/pdf,1262c340842d0f88071d93f1ec098320,AF.family.AFRDG00023.0,2016,kept
AF.document.AFRDG00023.n0003,South-South Cooperation Grant (SSC) — Monitoring report 1.1,https://cdn.climatepolicyradar.org/navigator/ZWE/2016/south-south-cooperation-grant-ssc_ea9e2fa431328c2caefaf26efc769e57.pdf,2016-02-16T00:00:00Z,Monitoring report 1.1,ZWE,AFRDG00023,https://climateprojectexplorer.org/document/south-south-cooperation-grant-ssc_241f,https://fifspubprd.azureedge.net/afdocuments/project/6688/Zimbabwe_NEMA_SS%20Grant_Monitoring%20report_1.pdf,application/pdf,ea9e2fa431328c2caefaf26efc769e57,AF.family.AFRDG00023.0,2016,parked
AF.document.AFRDG00023.n0004,South-South Cooperation Grant (SSC) — Monitoring report 1.2,https://cdn.climatepolicyradar.org/navigator/ZWE/2016/south-south-cooperation-grant-ssc_52c84a7d361cf0d857ac56aba553238f.pdf,2016-02-16T00:00:00Z,Monitoring report 1.2,ZWE,AFRDG00023,https://climateprojectexplorer.org/document/south-south-cooperation-grant-ssc_241f,https://fifspubprd.azureedge.net/afdocuments/project/6688/Zimbabwe_NEMA_SS%20Grant_Monitoring%20report%202.pdf,application/pdf,52c84a7d361cf0d857ac56aba553238f,AF.family.AFRDG00023.0,2016,parked
AF.document.AF00000165.n0000,"Strengthening the Adaptive Capacities of Climate-Vulnerable Communities in the Goascorán Watershed of El Salvador and Honduras through Integrated Community-Based Adaptation Practices and Services (El Salvador, Honduras) — Project pre-concept",https://cdn.climatepolicyradar.org/navigator/HND/2022/strengthening-the-adaptive-capacities-of-climate-vulnerable-communities-in-the-goascoran-watershed-of-el-salvador-and-honduras-through-integrated-community-based-adaptation-practices-and-services-el-s_9231e5c52b1f3a10528401297474045d.pdf,2022-10-14T00:00:00Z,Project pre-concept,HND;SLV,AF00000165,https://climateprojectexplorer.org/document/strengthening-the-adaptive-capacities-of-climate-vulnerable-communities-in-the-goascoran-watershed-of-el-salvador-and-honduras-through-integrated-community-based-adaptation-practices-and-services-el-salvador-honduras_587a,https://fifspubprd.azureedge.net/afdocuments/project/8908/8908_Pre-concept-for-El-Salvador-Honduras.pdf,application/pdf,9231e5c52b1f3a10528401297474045d,AF.family.AF00000165.0,2022,out_of_scope_geo
AF.document.AF00000165.n0001,"Strengthening the Adaptive Capacities of Climate-Vulnerable Communities in the Goascorán Watershed of El Salvador and Honduras through Integrated Community-Based Adaptation Practices and Services (El Salvador, Honduras) — Project concept",https://cdn.climatepolicyradar.org/navigator/HND/2022/strengthening-the-adaptive-capacities-of-climate-vulnerable-communities-in-the-goascoran-watershed-of-el-salvador-and-honduras-through-integrated-community-based-adaptation-practices-and-services-el-s_b309650230bf9b1d7394cdf95c315520.pdf,2022-10-14T00:00:00Z,Project concept,HND;SLV,AF00000165,https://climateprojectexplorer.org/document/strengthening-the-adaptive-capacities-of-climate-vulnerable-communities-in-the-goascoran-watershed-of-el-salvador-and-honduras-through-integrated-community-based-adaptation-practices-and-services-el-salvador-honduras_587a,https://fifspubprd.azureedge.net/afdocuments/project/8908/8908_WFP_AF%20Concept%20Note_El%20Salvador_Honduras.pdf,application/pdf,b309650230bf9b1d7394cdf95c315520,AF.family.AF00000165.0,2022,out_of_scope_geo
AF.document.AF00000165.n0002,"Strengthening the Adaptive Capacities of Climate-Vulnerable Communities in the Goascorán Watershed of El Salvador and Honduras through Integrated Community-Based Adaptation Practices and Services (El Salvador, Honduras) — Project document",https://cdn.climatepolicyradar.org/navigator/HND/2022/strengthening-the-adaptive-capacities-of-climate-vulnerable-communities-in-the-goascoran-watershed-of-el-salvador-and-honduras-through-integrated-community-based-adaptation-practices-and-services-el-s_7f928cbdaef32e689e828e56c4e47810.pdf,2022-10-14T00:00:00Z,Project document,HND;SLV,AF00000165,https://climateprojectexplorer.org/document/strengthening-the-adaptive-capacities-of-climate-vulnerable-communities-in-the-goascoran-watershed-of-el-salvador-and-honduras-through-integrated-community-based-adaptation-practices-and-services-el-salvador-honduras_587a,https://fifspubprd.azureedge.net/afdocuments/project/8908/8908_COMPLETE%20DOCUMENT%20REVISED%20Final%20version%20230922%20clean%20with%20LOEs.pdf,application/pdf,7f928cbdaef32e689e828e56c4e47810,AF.family.AF00000165.0,2022,out_of_scope_geo
AF.document.056NRWRR.n0000,Reducing Vulnerability to Climate Change in North West Rwanda through Community Based Adaptation — Project document,https://cdn.climatepolicyradar.org/navigator/RWA/2013/reducing-vulnerability-to-climate-change-in-north-west-rwanda-through-community-based-adaptation_e1b048312c9f8299e39d5bbca6331757.pdf,2013-11-01T00:00:00Z,Project document,RWA,056NRWRR,https://climateprojectexplorer.org/document/reducing-vulnerability-to-climate-change-in-north-west-rwanda-through-community-based-adaptation_0630,https://fifspubprd.azureedge.net/afdocuments/project/12272/Scaling-Up%20Grant_MoE-Rwanda-Final%20Scaling%20up%20Grant_Clean%20version%2010%20September%202019.pdf,application/pdf,e1b048312c9f8299e39d5bbca6331757,AF.family.056NRWRR.0,2013,parked
AF.document.056NRWRR.n0001,Reducing Vulnerability to Climate Change in North West Rwanda through Community Based Adaptation — Inception report,https://cdn.climatepolicyradar.org/navigator/RWA/2013/reducing-vulnerability-to-climate-change-in-north-west-rwanda-through-community-based-adaptation_8c14c9dc2a43058341a1f8af25b541d2.pdf,2013-11-01T00:00:00Z,Inception report,RWA,056NRWRR,https://climateprojectexplorer.org/document/reducing-vulnerability-to-climate-change-in-north-west-rwanda-through-community-based-adaptation_0630,https://fifspubprd.azureedge.net/afdocuments/project/12272/12272_Notification%20of%20Project%20start_MoE%20Rwanda_Scale%20up%20grant.pdf,application/pdf,8c14c9dc2a43058341a1f8af25b541d2,AF.family.056NRWRR.0,2013,parked
AF.document.056NRWRR.n0002,Reducing Vulnerability to Climate Change in North West Rwanda through Community Based Adaptation — Monitoring report 1,https://cdn.climatepolicyradar.org/navigator/RWA/2013/reducing-vulnerability-to-climate-change-in-north-west-rwanda-through-community-based-adaptation_750906962c468293b020f576fdd39c84.pdf,2013-11-01T00:00:00Z,Monitoring report 1,RWA,056NRWRR,https://climateprojectexplorer.org/document/reducing-vulnerability-to-climate-change-in-north-west-rwanda-through-community-based-adaptation_0630,https://fifspubprd.azureedge.net/afdocuments/project/12272/12272_Monitoring%20Report.pdf,application/pdf,750906962c468293b020f576fdd39c84,AF.family.056NRWRR.0,2013,parked
AF.document.056NRWRR.n0003,Reducing Vulnerability to Climate Change in North West Rwanda through Community Based Adaptation — Monitoring report 2,https://cdn.climatepolicyradar.org/navigator/RWA/2013/reducing-vulnerability-to-climate-change-in-north-west-rwanda-through-community-based-adaptation_6840ca1964347cbb6daf0dfcf7706832.pdf,2013-11-01T00:00:00Z,Monitoring report 2,RWA,056NRWRR,https://climateprojectexplorer.org/document/reducing-vulnerability-to-climate-change-in-north-west-rwanda-through-community-based-adaptation_0630,https://fifspubprd.azureedge.net/afdocuments/project/12272/12272_Reviewed%202nd%20Project%20Monitoring%20Report%20Scale%20up_Rwanda_CLEARED.pdf,application/pdf,6840ca1964347cbb6daf0dfcf7706832,AF.family.056NRWRR.0,2013,parked
AF.document.056NRWRR.n0005,Reducing Vulnerability to Climate Change in North West Rwanda through Community Based Adaptation — Project completion report,https://cdn.climatepolicyradar.org/navigator/RWA/2013/reducing-vulnerability-to-climate-change-in-north-west-rwanda-through-community-based-adaptation_11b4ef5eb70b7d7277ac794c778d33bf.pdf,2013-11-01T00:00:00Z,Completion report,RWA,056NRWRR,https://climateprojectexplorer.org/document/reducing-vulnerability-to-climate-change-in-north-west-rwanda-through-community-based-adaptation_0630,https://fifspubprd.azureedge.net/afdocuments/project/18/Final%20Report%20RV3CBA%2026%20May%202020.doc-Completion%20report.pdf,application/pdf,11b4ef5eb70b7d7277ac794c778d33bf,AF.family.056NRWRR.0,2013,kept
AF.document.056NRWRR.n0006,Reducing Vulnerability to Climate Change in North West Rwanda through Community Based Adaptation — Final evaluation report,https://cdn.climatepolicyradar.org/navigator/RWA/2013/reducing-vulnerability-to-climate-change-in-north-west-rwanda-through-community-based-adaptation_fe842895f84238996b83d30c7540bb8d.pdf,2013-11-01T00:00:00Z,Final evaluation,RWA,056NRWRR,https://climateprojectexplorer.org/document/reducing-vulnerability-to-climate-change-in-north-west-rwanda-through-community-based-adaptation_0630,https://fifspubprd.azureedge.net/afdocuments/project/18/RV3CBA%20Final%20Evaluation%20Report%20docx.pdf,application/pdf,fe842895f84238996b83d30c7540bb8d,AF.family.056NRWRR.0,2013,kept
AF.document.033MMRFR.n0000,Enhancing Resilience of Communities to the Adverse Effects of Climate Change on Food Security in Mauritania — Project document,https://cdn.climatepolicyradar.org/navigator/MRT/2012/enhancing-resilience-of-communities-to-the-adverse-effects-of-climate-change-on-food-security-in-mauritania_c1545b8fc4b9b30164bc1295bfd59173.pdf,2012-06-28T00:00:00Z,Project document,MRT,033MMRFR,https://climateprojectexplorer.org/document/enhancing-resilience-of-communities-to-the-adverse-effects-of-climate-change-on-food-security-in-mauritania_a7ed,https://fifspubprd.azureedge.net/afdocuments/project/14/14_Proposal%20for%20Mauritania_WFP_full.pdf,application/pdf,c1545b8fc4b9b30164bc1295bfd59173,AF.family.033MMRFR.0,2012,parked
AF.document.033MMRFR.n0003,Enhancing Resilience of Communities to the Adverse Effects of Climate Change on Food Security in Mauritania — Project completion report,https://cdn.climatepolicyradar.org/navigator/MRT/2012/enhancing-resilience-of-communities-to-the-adverse-effects-of-climate-change-on-food-security-in-mauritania_d725c78819ba782b9526d34cf1dbb535.pdf,2012-06-28T00:00:00Z,Completion report,MRT,033MMRFR,https://climateprojectexplorer.org/document/enhancing-resilience-of-communities-to-the-adverse-effects-of-climate-change-on-food-security-in-mauritania_a7ed,https://fifspubprd.azureedge.net/afdocuments/project/14/14_Mauritania%20Completion%20report%20EN.pdf,application/pdf,d725c78819ba782b9526d34cf1dbb535,AF.family.033MMRFR.0,2012,kept
AF.document.033MMRFR.n0004,Enhancing Resilience of Communities to the Adverse Effects of Climate Change on Food Security in Mauritania — Final evaluation report,https://cdn.climatepolicyradar.org/navigator/MRT/2012/enhancing-resilience-of-communities-to-the-adverse-effects-of-climate-change-on-food-security-in-mauritania_74402cb798f6cd1a706db18d02d45899.pdf,2012-06-28T00:00:00Z,Final evaluation,MRT,033MMRFR,https://climateprojectexplorer.org/document/enhancing-resilience-of-communities-to-the-adverse-effects-of-climate-change-on-food-security-in-mauritania_a7ed,https://fifspubprd.azureedge.net/afdocuments/project/14/14_Mauritania%20PARSACC%20final%20evaluation%20EN.pdf,application/pdf,74402cb798f6cd1a706db18d02d45899,AF.family.033MMRFR.0,2012,kept
AF.document.006MPKDR.n0000,Reducing Risks and Vulnerabilities from Glacier Lake Outburst Floods in Northern Pakistan — Inception report,https://cdn.climatepolicyradar.org/navigator/PAK/2010/reducing-risks-and-vulnerabilities-from-glacier-lake-outburst-floods-in-northern-pakistan_9b55806210ac95f1be853dcdc4063ec2.pdf,2010-12-15T00:00:00Z,Inception report,PAK,006MPKDR,https://climateprojectexplorer.org/document/reducing-risks-and-vulnerabilities-from-glacier-lake-outburst-floods-in-northern-pakistan_cf0b,https://fifspubprd.azureedge.net/afdocuments/project/46/46_Pakistan_Draft_GLOF_Inception_Report.pdf,application/pdf,9b55806210ac95f1be853dcdc4063ec2,AF.family.006MPKDR.0,2010,out_of_scope_geo
AF.document.006MPKDR.n0002,Reducing Risks and Vulnerabilities from Glacier Lake Outburst Floods in Northern Pakistan — Final evaluation report,https://cdn.climatepolicyradar.org/navigator/PAK/2010/reducing-risks-and-vulnerabilities-from-glacier-lake-outburst-floods-in-northern-pakistan_b0748affffe18096b6d5756be07551ce.pdf,2010-12-15T00:00:00Z,Final evaluation,PAK,006MPKDR,https://climateprojectexplorer.org/document/reducing-risks-and-vulnerabilities-from-glacier-lake-outburst-floods-in-northern-pakistan_cf0b,https://fifspubprd.azureedge.net/afdocuments/project/46/46_4454_AF_Pakistan_TE%20report.pdf,application/pdf,b0748affffe18096b6d5756be07551ce,AF.family.006MPKDR.0,2010,out_of_scope_geo
AF.document.AFRDG00052.n0000,Innovative Technologies for Improved Water Availability to Increase Food Security in Antigua and Barbuda — Project document,https://cdn.climatepolicyradar.org/navigator/ATG/2020/innovative-technologies-for-improved-water-availability-to-increase-food-security-in-antigua-and-barbuda_e6283404110da7f0a495843fa3b11559.pdf,2020-12-23T00:00:00Z,Project document,ATG,AFRDG00052,https://climateprojectexplorer.org/document/innovative-technologies-for-improved-water-availability-to-increase-food-security-in-antigua-and-barbuda_ad13,https://fifspubprd.azureedge.net/afdocuments/project/14510/14510_AF%20Innovation%20Grant_Water%20for%20Food%20Security%20in%20Antigua%20and%20Barbuda_clean_%202%20October%202020.pdf,application/pdf,e6283404110da7f0a495843fa3b11559,AF.family.AFRDG00052.0,2020,out_of_scope_geo
AF.document.AFRDG00052.n0001,Innovative Technologies for Improved Water Availability to Increase Food Security in Antigua and Barbuda — Inception report,https://cdn.climatepolicyradar.org/navigator/ATG/2020/innovative-technologies-for-improved-water-availability-to-increase-food-security-in-antigua-and-barbuda_3e6f877fd69c536d3661285c9b8b17d2.pdf,2020-12-23T00:00:00Z,Inception report,ATG,AFRDG00052,https://climateprojectexplorer.org/document/innovative-technologies-for-improved-water-availability-to-increase-food-security-in-antigua-and-barbuda_ad13,https://fifspubprd.azureedge.net/afdocuments/project/14510/14510_Notification%20and%20Meeting%20Minutes_Project%20Inception.pdf,application/pdf,3e6f877fd69c536d3661285c9b8b17d2,AF.family.AFRDG00052.0,2020,out_of_scope_geo
AF.document.AFRDG00024.n0000,South-South Cooperation Grant (SSC) — Project document,https://cdn.climatepolicyradar.org/navigator/MWI/2016/south-south-cooperation-grant-ssc_cac5bc83644fbf19341f8b0adbfa0fac.pdf,2016-02-16T00:00:00Z,Project document,MWI,AFRDG00024,https://climateprojectexplorer.org/document/south-south-cooperation-grant-ssc_a68c,https://fifspubprd.azureedge.net/afdocuments/project/6687/SSC_NEMA_MALAWI%20South-South-Cooperation-Applicaiton_combined.pdf,application/pdf,cac5bc83644fbf19341f8b0adbfa0fac,AF.family.AFRDG00024.0,2016,parked
AF.document.AFRDG00024.n0001,South-South Cooperation Grant (SSC) — Inception report,https://cdn.climatepolicyradar.org/navigator/MWI/2016/south-south-cooperation-grant-ssc_4c32617979304c417fe9d9a7b0ce263d.pdf,2016-02-16T00:00:00Z,Inception report,MWI,AFRDG00024,https://climateprojectexplorer.org/document/south-south-cooperation-grant-ssc_a68c,https://fifspubprd.azureedge.net/afdocuments/project/6687/Malawi_NEMA_SS%20grant_Inception%20report.pdf,application/pdf,4c32617979304c417fe9d9a7b0ce263d,AF.family.AFRDG00024.0,2016,parked
AF.document.AFRDG00024.n0002,South-South Cooperation Grant (SSC) — Project completion report,https://cdn.climatepolicyradar.org/navigator/MWI/2016/south-south-cooperation-grant-ssc_1262c340842d0f88071d93f1ec098320.pdf,2016-02-16T00:00:00Z,Completion report,MWI,AFRDG00024,https://climateprojectexplorer.org/document/south-south-cooperation-grant-ssc_a68c,https://fifspubprd.azureedge.net/afdocuments/project/6687/6687_Project%20completion%20report_Malawi%20and%20Zimbabwe_Final.pdf,application/pdf,1262c340842d0f88071d93f1ec098320,AF.family.AFRDG00024.0,2016,kept
AF.document.AFRDG00024.n0003,South-South Cooperation Grant (SSC) — Monitoring report 1.1,https://cdn.climatepolicyradar.org/navigator/MWI/2016/south-south-cooperation-grant-ssc_ac6092abe75972b92e8beb96ba8deb79.pdf,2016-02-16T00:00:00Z,Monitoring report 1.1,MWI,AFRDG00024,https://climateprojectexplorer.org/document/south-south-cooperation-grant-ssc_a68c,https://fifspubprd.azureedge.net/afdocuments/project/6687/Malawi_NEMA_SS%20grant_Monitoring%20report_1.pdf,application/pdf,ac6092abe75972b92e8beb96ba8deb79,AF.family.AFRDG00024.0,2016,parked
AF.document.AFRDG00024.n0004,South-South Cooperation Grant (SSC) — Monitoring report 1.2,https://cdn.climatepolicyradar.org/navigator/MWI/2016/south-south-cooperation-grant-ssc_7d34fe599e681a955a2c27dfd427b943.pdf,2016-02-16T00:00:00Z,Monitoring report 1.2,MWI,AFRDG00024,https://climateprojectexplorer.org/document/south-south-cooperation-grant-ssc_a68c,https://fifspubprd.azureedge.net/afdocuments/project/6687/Malawi_NEMA_SS%20grant_Monitoring%20report_2.pdf,application/pdf,7d34fe599e681a955a2c27dfd427b943,AF.family.AFRDG00024.0,2016,parked
AF.document.AFRDG00021.n0000,South-South Cooperation Grant (SSC) — Inception report,https://cdn.climatepolicyradar.org/navigator/MLI/2016/south-south-cooperation-grant-ssc_e1e80a283f69d03d8d609ed461fa974c.pdf,2016-02-16T00:00:00Z,Inception report,MLI,AFRDG00021,https://climateprojectexplorer.org/document/south-south-cooperation-grant-ssc_c67a,https://fifspubprd.azureedge.net/afdocuments/project/6690/ReadinessFA_NotificationLetter_MALI.pdf,application/pdf,e1e80a283f69d03d8d609ed461fa974c,AF.family.AFRDG00021.0,2016,parked
AF.document.AFRDG00021.n0001,South-South Cooperation Grant (SSC) — Project completion report,https://cdn.climatepolicyradar.org/navigator/MLI/2016/south-south-cooperation-grant-ssc_88be518fcd871f291079367785e36fcb.pdf,2016-02-16T00:00:00Z,Completion report,MLI,AFRDG00021,https://climateprojectexplorer.org/document/south-south-cooperation-grant-ssc_c67a,https://fifspubprd.azureedge.net/afdocuments/project/6690/6690_Project-completion-report-Readiness%20FA_MALI%20VF_CLEARED.pdf,application/pdf,88be518fcd871f291079367785e36fcb,AF.family.AFRDG00021.0,2016,kept
AF.document.AFRDG00021.n0002,South-South Cooperation Grant (SSC) — Monitoring report 1,https://cdn.climatepolicyradar.org/navigator/MLI/2016/south-south-cooperation-grant-ssc_bd94f405d0d4d2b5f4c4d6428aa5fdc9.pdf,2016-02-16T00:00:00Z,Monitoring report 1,MLI,AFRDG00021,https://climateprojectexplorer.org/document/south-south-cooperation-grant-ssc_c67a,https://fifspubprd.azureedge.net/afdocuments/project/6690/Readiness-Mali_Reporting_07042017.pdf,application/pdf,bd94f405d0d4d2b5f4c4d6428aa5fdc9,AF.family.AFRDG00021.0,2016,parked
AF.document.AFRDG00021.n0003,South-South Cooperation Grant (SSC) — Monitoring report 2,https://cdn.climatepolicyradar.org/navigator/MLI/2016/south-south-cooperation-grant-ssc_6a5d26ce061ba934d282381c991d2b1a.pdf,2016-02-16T00:00:00Z,Monitoring report 2,MLI,AFRDG00021,https://climateprojectexplorer.org/document/south-south-cooperation-grant-ssc_c67a,https://fifspubprd.azureedge.net/afdocuments/project/6690/6690_Readiness-Mali_2nd%20ProgressReport_Final.pdf,application/pdf,6a5d26ce061ba934d282381c991d2b1a,AF.family.AFRDG00021.0,2016,parked
AF.document.AFRDG00058.n0000,Learning Grant for Kenya — Project document,https://cdn.climatepolicyradar.org/navigator/KEN/2021/learning-grant-for-kenya_1bc7fbf974a65fc3dcde2da11f60d9a3.pdf,2021-04-08T00:00:00Z,Project document,KEN,AFRDG00058,https://climateprojectexplorer.org/document/learning-grant-for-kenya_c1d4,https://fifspubprd.azureedge.net/afdocuments/project/14536/14536_Learning%20Grant%20Application%20-%20Revised%2017th%20February%202021%20CLEAN%20COPY.pdf,application/pdf,1bc7fbf974a65fc3dcde2da11f60d9a3,AF.family.AFRDG00058.0,2021,parked
AF.document.AFRDG00058.n0001,Learning Grant for Kenya — Monitoring report 1,https://cdn.climatepolicyradar.org/navigator/KEN/2021/learning-grant-for-kenya_1c66e7c27ab2ae3e7941f25e17c759e0.pdf,2021-04-08T00:00:00Z,Monitoring report 1,KEN,AFRDG00058,https://climateprojectexplorer.org/document/learning-grant-for-kenya_c1d4,https://fifspubprd.azureedge.net/afdocuments/project/14536/1ST%20MONITORING%20REPORT%20-%20LEARNING%20GRANT%20%2025TH%20MARCH%202022.pdf,application/pdf,1c66e7c27ab2ae3e7941f25e17c759e0,AF.family.AFRDG00058.0,2021,parked
AF.document.AFRDG00058.n0002,Learning Grant for Kenya — Monitoring report 2,https://cdn.climatepolicyradar.org/navigator/KEN/2021/learning-grant-for-kenya_01f779eaa8b0fd38672eade03a678715.pdf,2021-04-08T00:00:00Z,Monitoring report 2,KEN,AFRDG00058,https://climateprojectexplorer.org/document/learning-grant-for-kenya_c1d4,https://fifspubprd.azureedge.net/afdocuments/project/14536/2nd%20Report%20-%20NEMA%20Learning%20Grant-November%202023.pdf,application/pdf,01f779eaa8b0fd38672eade03a678715,AF.family.AFRDG00058.0,2021,parked
AF.document.AFRDG00007.n0000,Technical Assistance Grant for ESP and Gender (TA-ESGP) — Project document,https://cdn.climatepolicyradar.org/navigator/TZA/2019/technical-assistance-grant-for-esp-and-gender-ta-esgp_341ca7f290fa5785a5248d4711c690f3.pdf,2019-12-02T00:00:00Z,Project document,TZA,AFRDG00007,https://climateprojectexplorer.org/document/technical-assistance-grant-for-esp-and-gender-ta-esgp_7d66,https://fifspubprd.azureedge.net/afdocuments/project/13278/TA-ESGP_NEMC_Tanzania.pdf,application/pdf,341ca7f290fa5785a5248d4711c690f3,AF.family.AFRDG00007.0,2019,parked
AF.document.AFRDG00007.n0001,Technical Assistance Grant for ESP and Gender (TA-ESGP) — Inception report,https://cdn.climatepolicyradar.org/navigator/TZA/2019/technical-assistance-grant-for-esp-and-gender-ta-esgp_47d16a41d7c7df8aacda2a50c554a8ec.pdf,2019-12-02T00:00:00Z,Inception report,TZA,AFRDG00007,https://climateprojectexplorer.org/document/technical-assistance-grant-for-esp-and-gender-ta-esgp_7d66,https://fifspubprd.azureedge.net/afdocuments/project/13278/13278_NEMCS_Tanzania_%20TA%20ESGP_Project%20Start%20notification.pdf,application/pdf,47d16a41d7c7df8aacda2a50c554a8ec,AF.family.AFRDG00007.0,2019,parked
AF.document.AFRDG00007.n0002,Technical Assistance Grant for ESP and Gender (TA-ESGP) — Monitoring report 1,https://cdn.climatepolicyradar.org/navigator/TZA/2019/technical-assistance-grant-for-esp-and-gender-ta-esgp_96c93b63a814a967d5ffc3dfed8cffb1.pdf,2019-12-02T00:00:00Z,Monitoring report 1,TZA,AFRDG00007,https://climateprojectexplorer.org/document/technical-assistance-grant-for-esp-and-gender-ta-esgp_7d66,https://fifspubprd.azureedge.net/afdocuments/project/13278/13278_TA-ESGP%20Monistoring%20report_NEMC_Tanzania.pdf,application/pdf,96c93b63a814a967d5ffc3dfed8cffb1,AF.family.AFRDG00007.0,2019,parked
