id,title,pdf_url,doc_date,doc_type,country,project_id,web_url,source_url,content_type,md5,family_id,family_year,status
GCF.document.FP046_16480.6150,Renewable Energy Program #1 - Solar — Gender assessment for FP046: Renewable Energy Program #1 - Solar,https://cdn.climatepolicyradar.org/navigator/MNG/2017/renewable-energy-program-1-solar_72afd5122eab3508e9512fdfa3951c2b.pdf,2017-10-02T00:00:00Z,Gender assessment for FP046: Renewable Energy Program #1 - Solar,MNG,FP046,https://climateprojectexplorer.org/document/renewable-energy-program-1-solar_7e64,https://www.greenclimate.fund/sites/default/files/document/gender-assessment-fp046-xacbank-mongolia.pdf,application/pdf,72afd5122eab3508e9512fdfa3951c2b,GCF.family.FP046.16480,2017,out_of_scope_geo
GCF.document.FP046_16480.6215,Renewable Energy Program #1 - Solar — Gender action plan for FP046: Renewable Energy Program #1 - Solar,https://cdn.climatepolicyradar.org/navigator/MNG/2017/renewable-energy-program-1-solar_fc6ad2e64d383abd594af53911923800.pdf,2017-10-02T00:00:00Z,Gender action plan for FP046: Renewable Energy Program #1 - Solar,MNG,FP046,https://climateprojectexplorer.org/document/renewable-energy-program-1-solar_7e64,https://www.greenclimate.fund/sites/default/files/document/gender-action-plan-fp046-xacbank-mongolia.pdf,application/pdf,fc6ad2e64d383abd594af53911923800,GCF.family.FP046.16480,2017,out_of_scope_geo
GCF.document.FP046_16480.13433,Renewable Energy Program #1 - Solar — 2020 Annual Performance Report for FP046: Renewable Energy Program #1 - Solar,https://cdn.climatepolicyradar.org/navigator/MNG/2017/renewable-energy-program-1-solar_f90c0b0a1c05ee582045515fb8913263.pdf,2017-10-02T00:00:00Z,Performance report,MNG,FP046,https://climateprojectexplorer.org/document/renewable-energy-program-1-solar_7e64,https://www.greenclimate.fund/sites/default/files/document/fp046-annual-performance-report-2020.pdf,application/pdf,f90c0b0a1c05ee582045515fb8913263,GCF.family.FP046.16480,2017,out_of_scope_geo
GCF.document.FP046_16480.14210,Renewable Energy Program #1 - Solar — 2018 Annual Performance Report for FP046: Renewable Energy Program #1 - Solar,https://cdn.climatepolicyradar.org/navigator/MNG/2017/renewable-energy-program-1-solar_859989578a150d4d812ecbd2f0fa67b0.pdf,2017-10-02T00:00:00Z,Performance report,MNG,FP046,https://climateprojectexplorer.org/document/renewable-energy-program-1-solar_7e64,https://www.greenclimate.fund/sites/default/files/document/fp046-2018apr.pdf,application/pdf,859989578a150d4d812ecbd2f0fa67b0,GCF.family.FP046.16480,2017,out_of_scope_geo
GCF.document.FP046_16480.6317,Renewable Energy Program #1 - Solar — Renewable energy program #1: Solar,https://cdn.climatepolicyradar.org/navigator/MNG/2017/renewable-energy-program-1-solar_269ca0865a94ffa8df416297286efa9a.pdf,2017-10-02T00:00:00Z,Renewable energy program #1: Solar,MNG,FP046,https://climateprojectexplorer.org/document/renewable-energy-program-1-solar_7e64,https://www.greenclimate.fund/sites/default/files/document/funding-proposal-fp046-xacbank-llc-mongolia.pdf,application/pdf,269ca0865a94ffa8df416297286efa9a,GCF.family.FP046.16480,2017,out_of_scope_geo
GCF.document.FP046_16480.21522,Renewable Energy Program #1 - Solar — Interim evaluation report for FP046: Renewable Energy Program #1 - Solar,https://cdn.climatepolicyradar.org/navigator/MNG/2017/renewable-energy-program-1-solar_f47fb24021aaaaf20331a8ec67c875d8.pdf,2017-10-02T00:00:00Z,Interim evaluation report for FP046: Renewable Energy Program #1 - Solar,MNG,FP046,https://climateprojectexplorer.org/document/renewable-energy-program-1-solar_7e64,https://www.greenclimate.fund/sites/default/files/document/fp046-interim-evaluation-report-pub_0.pdf,application/pdf,f47fb24021aaaaf20331a8ec67c875d8,GCF.family.FP046.16480,2017,out_of_scope_geo
GCF.document.FP046_16480.21550,Renewable Energy Program #1 - Solar — Final evaluation report for FP046: Renewable Energy Program #1 - Solar,https://cdn.climatepolicyradar.org/navigator/MNG/2017/renewable-energy-program-1-solar_48feff457d4bcf7e436cc3809afc9e68.pdf,2017-10-02T00:00:00Z,Final evaluation,MNG,FP046,https://climateprojectexplorer.org/document/renewable-energy-program-1-solar_7e64,https://www.greenclimate.fund/sites/default/files/document/fp046-final-evaluation-report-pub_0.pdf,application/pdf,48feff457d4bcf7e436cc3809afc9e68,GCF.family.FP046.16480,2017,out_of_scope_geo
GCF.document.FP019_13300.11514,Priming Financial and Land Use Planning Instruments to Reduce Emissions from Deforestations — 2019 Annual Performance Report for FP019: Priming Financial and Land Use Planning Instruments to Reduce Emissions from Deforestations,https://cdn.climatepolicyradar.org/navigator/ECU/2016/priming-financial-and-land-use-planning-instruments-to-reduce-emissions-from-deforestations_3965a123bc28e2badcf70e3d156ed039.pdf,2016-10-14T00:00:00Z,Performance report,ECU,FP019,https://climateprojectexplorer.org/document/priming-financial-and-land-use-planning-instruments-to-reduce-emissions-from-deforestations_c391,https://www.greenclimate.fund/sites/default/files/document/fp019-2019apr.pdf,application/pdf,3965a123bc28e2badcf70e3d156ed039,GCF.family.FP019.13300,2016,out_of_scope_geo
GCF.document.FP019_13300.12698,Priming Financial and Land Use Planning Instruments to Reduce Emissions from Deforestations — 2020 Annual Performance Report for FP019: Priming Financial and Land Use Planning Instruments to Reduce Emissions from Deforestations,https://cdn.climatepolicyradar.org/navigator/ECU/2016/priming-financial-and-land-use-planning-instruments-to-reduce-emissions-from-deforestations_ef4d77625a78e054906eae5cd9b0d449.pdf,2016-10-14T00:00:00Z,Performance report,ECU,FP019,https://climateprojectexplorer.org/document/priming-financial-and-land-use-planning-instruments-to-reduce-emissions-from-deforestations_c391,https://www.greenclimate.fund/sites/default/files/document/fp019-annual-performance-report-cy2020-disclosable.pdf,application/pdf,ef4d77625a78e054906eae5cd9b0d449,GCF.family.FP019.13300,2016,out_of_scope_geo
GCF.document.FP019_13300.14203,Priming Financial and Land Use Planning Instruments to Reduce Emissions from Deforestations — 2018 Annual Performance Report for FP019: Priming Financial and Land Use Planning Instruments to Reduce Emissions from Deforestations,https://cdn.climatepolicyradar.org/navigator/ECU/2016/priming-financial-and-land-use-planning-instruments-to-reduce-emissions-from-deforestations_fa531b3244d2fb399a45a7645a2e941b.pdf,2016-10-14T00:00:00Z,Performance report,ECU,FP019,https://climateprojectexplorer.org/document/priming-financial-and-land-use-planning-instruments-to-reduce-emissions-from-deforestations_c391,https://www.greenclimate.fund/sites/default/files/document/fp019-2018apr.pdf,application/pdf,fa531b3244d2fb399a45a7645a2e941b,GCF.family.FP019.13300,2016,out_of_scope_geo
GCF.document.FP019_13300.14250,Priming Financial and Land Use Planning Instruments to Reduce Emissions from Deforestations — 2017 Annual Performance Report for FP019: Priming Financial and Land Use Planning Instruments to Reduce Emissions from Deforestations,https://cdn.climatepolicyradar.org/navigator/ECU/2016/priming-financial-and-land-use-planning-instruments-to-reduce-emissions-from-deforestations_32566bf241d5451b889712da4752e432.pdf,2016-10-14T00:00:00Z,Performance report,ECU,FP019,https://climateprojectexplorer.org/document/priming-financial-and-land-use-planning-instruments-to-reduce-emissions-from-deforestations_c391,https://www.greenclimate.fund/sites/default/files/document/fp019-2017apr.pdf,application/pdf,32566bf241d5451b889712da4752e432,GCF.family.FP019.13300,2016,out_of_scope_geo
GCF.document.FP019_13300.14672,Priming Financial and Land Use Planning Instruments to Reduce Emissions from Deforestations — 2021 Annual Performance Report for FP019: Priming Financial and Land Use Planning Instruments to Reduce Emissions from Deforestations,https://cdn.climatepolicyradar.org/navigator/ECU/2016/priming-financial-and-land-use-planning-instruments-to-reduce-emissions-from-deforestations_ac58c31f7563374b0e772b7ed425e0f4.pdf,2016-10-14T00:00:00Z,Performance report,ECU,FP019,https://climateprojectexplorer.org/document/priming-financial-and-land-use-planning-instruments-to-reduce-emissions-from-deforestations_c391,https://www.greenclimate.fund/sites/default/files/document/fp019-annual-performance-report-cy2021-v.pdf,application/pdf,ac58c31f7563374b0e772b7ed425e0f4,GCF.family.FP019.13300,2016,out_of_scope_geo
GCF.document.FP019_13300.6301,Priming Financial and Land Use Planning Instruments to Reduce Emissions from Deforestations — Priming financial and land-use planning instruments to reduce emissions from deforestation,https://cdn.climatepolicyradar.org/navigator/ECU/2016/priming-financial-and-land-use-planning-instruments-to-reduce-emissions-from-deforestations_6c0b2926356f86a75558437701385f98.pdf,2016-10-14T00:00:00Z,Priming financial and land-use planning instruments to reduce emissions from deforestation,ECU,FP019,https://climateprojectexplorer.org/document/priming-financial-and-land-use-planning-instruments-to-reduce-emissions-from-deforestations_c391,https://www.greenclimate.fund/sites/default/files/document/funding-proposal-fp019-undp-ecuador.pdf,application/pdf,6c0b2926356f86a75558437701385f98,GCF.family.FP019.13300,2016,out_of_scope_geo
GCF.document.FP019_13300.15803,Priming Financial and Land Use Planning Instruments to Reduce Emissions from Deforestations — 2022 Annual Performance Report for FP019: Priming Financial and Land Use Planning Instruments to Reduce Emissions from Deforestations,https://cdn.climatepolicyradar.org/navigator/ECU/2016/priming-financial-and-land-use-planning-instruments-to-reduce-emissions-from-deforestations_fcd9b47728929ca81c22a47a12b81723.pdf,2016-10-14T00:00:00Z,Performance report,ECU,FP019,https://climateprojectexplorer.org/document/priming-financial-and-land-use-planning-instruments-to-reduce-emissions-from-deforestations_c391,https://www.greenclimate.fund/sites/default/files/document/fp019-annual-performance-report-cy2022-v.pdf,application/pdf,fcd9b47728929ca81c22a47a12b81723,GCF.family.FP019.13300,2016,out_of_scope_geo
GCF.document.FP019_13300.21547,Priming Financial and Land Use Planning Instruments to Reduce Emissions from Deforestations — Final evaluation report for FP019: Priming Financial and Land Use Planning Instruments to Reduce Emissions from Deforestations,https://cdn.climatepolicyradar.org/navigator/ECU/2016/priming-financial-and-land-use-planning-instruments-to-reduce-emissions-from-deforestations_c36c68c48303cfdeb1b4fea793644e9b.pdf,2016-10-14T00:00:00Z,Final evaluation,ECU,FP019,https://climateprojectexplorer.org/document/priming-financial-and-land-use-planning-instruments-to-reduce-emissions-from-deforestations_c391,https://www.greenclimate.fund/sites/default/files/document/fp019-final-evaluation-report-pub.pdf,application/pdf,c36c68c48303cfdeb1b4fea793644e9b,GCF.family.FP019.13300,2016,out_of_scope_geo
GCF.document.FP019_13300.21517,Priming Financial and Land Use Planning Instruments to Reduce Emissions from Deforestations — Interim evaluation report for FP019: Priming Financial and Land Use Planning Instruments to Reduce Emissions from Deforestations,https://cdn.climatepolicyradar.org/navigator/ECU/2016/priming-financial-and-land-use-planning-instruments-to-reduce-emissions-from-deforestations_5245076830121061a2af3c31878a0912.pdf,2016-10-14T00:00:00Z,Interim evaluation report for FP019: Priming Financial and Land Use Planning Instruments to Reduce Emissions from Deforestations,ECU,FP019,https://climateprojectexplorer.org/document/priming-financial-and-land-use-planning-instruments-to-reduce-emissions-from-deforestations_c391,https://www.greenclimate.fund/sites/default/files/document/fp019-interim-evaluation-report-pub.pdf,application/pdf,5245076830121061a2af3c31878a0912,GCF.family.FP019.13300,2016,out_of_scope_geo
GCF.document.FP024_15150.6136,Enpower to Adapt: Creating Climate-Change Resilient Livelihoods through  Community-Based Natural Resource Management (CBNRM) in Namibia — Gender assessment for FP024: Enpower to Adapt: Creating Climate-Change Resilient Livelihoods through  Community-Based Natural Resource Management (CBNRM) in Namibia,https://cdn.climatepolicyradar.org/navigator/NAM/2016/enpower-to-adapt-creating-climate-change-resilient-livelihoods-through-community-based-natural-resource-management-cbnrm-in-namibia_69382332a9ff265c4d17b1a75fe81c1e.pdf,2016-10-14T00:00:00Z,Gender assessment for FP024: Enpower to Adapt: Creating Climate-Change Resilient Livelihoods through  Community-Based Natural Resource Management (CBNRM) in Namibia,NAM,FP024,https://climateprojectexplorer.org/document/enpower-to-adapt-creating-climate-change-resilient-livelihoods-through-community-based-natural-resource-management-cbnrm-in-namibia_1c98,https://www.greenclimate.fund/sites/default/files/document/gender-assessment-fp024-eif-namibia.pdf,application/pdf,69382332a9ff265c4d17b1a75fe81c1e,GCF.family.FP024.15150,2016,parked
GCF.document.FP024_15150.6194,Enpower to Adapt: Creating Climate-Change Resilient Livelihoods through  Community-Based Natural Resource Management (CBNRM) in Namibia — Gender action plan for FP024: Enpower to Adapt: Creating Climate-Change Resilient Livelihoods through  Community-Based Natural Resource Management (CBNRM) in Namibia,https://cdn.climatepolicyradar.org/navigator/NAM/2016/enpower-to-adapt-creating-climate-change-resilient-livelihoods-through-community-based-natural-resource-management-cbnrm-in-namibia_2db8585cc0cbd7d0e518db914b70309c.pdf,2016-10-14T00:00:00Z,Gender action plan for FP024: Enpower to Adapt: Creating Climate-Change Resilient Livelihoods through  Community-Based Natural Resource Management (CBNRM) in Namibia,NAM,FP024,https://climateprojectexplorer.org/document/enpower-to-adapt-creating-climate-change-resilient-livelihoods-through-community-based-natural-resource-management-cbnrm-in-namibia_1c98,https://www.greenclimate.fund/sites/default/files/document/gender-action-plan-fp024-eib-namibia.pdf,application/pdf,2db8585cc0cbd7d0e518db914b70309c,GCF.family.FP024.15150,2016,parked
GCF.document.FP024_15150.11491,Enpower to Adapt: Creating Climate-Change Resilient Livelihoods through  Community-Based Natural Resource Management (CBNRM) in Namibia — 2019 Annual Performance Report for FP024: Enpower to Adapt: Creating Climate-Change Resilient Livelihoods through Community-Based Natural Resource Management (CBNRM) in Namibia,https://cdn.climatepolicyradar.org/navigator/NAM/2016/enpower-to-adapt-creating-climate-change-resilient-livelihoods-through-community-based-natural-resource-management-cbnrm-in-namibia_f3f4d82a4e7964ca577a57b85f247aa5.pdf,2016-10-14T00:00:00Z,Performance report,NAM,FP024,https://climateprojectexplorer.org/document/enpower-to-adapt-creating-climate-change-resilient-livelihoods-through-community-based-natural-resource-management-cbnrm-in-namibia_1c98,https://www.greenclimate.fund/sites/default/files/document/fp024-2019apr.pdf,application/pdf,f3f4d82a4e7964ca577a57b85f247aa5,GCF.family.FP024.15150,2016,parked_progress
GCF.document.FP024_15150.12673,Enpower to Adapt: Creating Climate-Change Resilient Livelihoods through  Community-Based Natural Resource Management (CBNRM) in Namibia — 2020 Annual Performance Report for FP024: Enpower to Adapt: Creating Climate-Change Resilient Livelihoods through Community-Based Natural Resource Management (CBNRM) in Namibia,https://cdn.climatepolicyradar.org/navigator/NAM/2016/enpower-to-adapt-creating-climate-change-resilient-livelihoods-through-community-based-natural-resource-management-cbnrm-in-namibia_f02a0232b59cc26e4d0096719699aa58.pdf,2016-10-14T00:00:00Z,Performance report,NAM,FP024,https://climateprojectexplorer.org/document/enpower-to-adapt-creating-climate-change-resilient-livelihoods-through-community-based-natural-resource-management-cbnrm-in-namibia_1c98,https://www.greenclimate.fund/sites/default/files/document/fp024-annual-performance-report-cy2020.pdf,application/pdf,f02a0232b59cc26e4d0096719699aa58,GCF.family.FP024.15150,2016,parked_progress
GCF.document.FP024_15150.14204,Enpower to Adapt: Creating Climate-Change Resilient Livelihoods through  Community-Based Natural Resource Management (CBNRM) in Namibia — 2018 Annual Performance Report for FP024: Enpower to Adapt: Creating Climate-Change Resilient Livelihoods through Community-Based Natural Resource Management (CBNRM) in Namibia,https://cdn.climatepolicyradar.org/navigator/NAM/2016/enpower-to-adapt-creating-climate-change-resilient-livelihoods-through-community-based-natural-resource-management-cbnrm-in-namibia_dbc089719682d6ec0dc82605a9e2a33c.pdf,2016-10-14T00:00:00Z,Performance report,NAM,FP024,https://climateprojectexplorer.org/document/enpower-to-adapt-creating-climate-change-resilient-livelihoods-through-community-based-natural-resource-management-cbnrm-in-namibia_1c98,https://www.greenclimate.fund/sites/default/files/document/fp024-2018apr.pdf,application/pdf,dbc089719682d6ec0dc82605a9e2a33c,GCF.family.FP024.15150,2016,parked_progress
GCF.document.FP024_15150.14674,Enpower to Adapt: Creating Climate-Change Resilient Livelihoods through  Community-Based Natural Resource Management (CBNRM) in Namibia — 2021 Annual Performance Report for FP024: Enpower to Adapt: Creating Climate-Change Resilient Livelihoods through  Community-Based Natural Resource Management (CBNRM) in Namibia,https://cdn.climatepolicyradar.org/navigator/NAM/2016/enpower-to-adapt-creating-climate-change-resilient-livelihoods-through-community-based-natural-resource-management-cbnrm-in-namibia_262025a246dd59476cf1152104c0ecd5.pdf,2016-10-14T00:00:00Z,Performance report,NAM,FP024,https://climateprojectexplorer.org/document/enpower-to-adapt-creating-climate-change-resilient-livelihoods-through-community-based-natural-resource-management-cbnrm-in-namibia_1c98,https://www.greenclimate.fund/sites/default/files/document/fp024-annual-performance-report-cy2021-v.pdf,application/pdf,262025a246dd59476cf1152104c0ecd5,GCF.family.FP024.15150,2016,parked_progress
GCF.document.FP024_15150.6296,Enpower to Adapt: Creating Climate-Change Resilient Livelihoods through  Community-Based Natural Resource Management (CBNRM) in Namibia — Empower to Adapt: Creating climate change resilient livelihoods through community-based natural resource management in Namibia,https://cdn.climatepolicyradar.org/navigator/NAM/2016/enpower-to-adapt-creating-climate-change-resilient-livelihoods-through-community-based-natural-resource-management-cbnrm-in-namibia_2730f42ef8d188495764b65d2792a9a6.pdf,2016-10-14T00:00:00Z,Empower to Adapt: Creating climate change resilient livelihoods through community-based natural resource management in Namibia,NAM,FP024,https://climateprojectexplorer.org/document/enpower-to-adapt-creating-climate-change-resilient-livelihoods-through-community-based-natural-resource-management-cbnrm-in-namibia_1c98,https://www.greenclimate.fund/sites/default/files/document/funding-proposal-fp024-eif-namibia.pdf,application/pdf,2730f42ef8d188495764b65d2792a9a6,GCF.family.FP024.15150,2016,parked
GCF.document.FP024_15150.17183,Enpower to Adapt: Creating Climate-Change Resilient Livelihoods through  Community-Based Natural Resource Management (CBNRM) in Namibia — Project Completion Report for FP024: Enpower to Adapt: Creating Climate-Change Resilient Livelihoods through Community-Based Natural Resource Management (CBNRM) in Namibia,https://cdn.climatepolicyradar.org/navigator/NAM/2016/enpower-to-adapt-creating-climate-change-resilient-livelihoods-through-community-based-natural-resource-management-cbnrm-in-namibia_54492606a4087274aaf4947bfc8ce801.pdf,2016-10-14T00:00:00Z,Completion report,NAM,FP024,https://climateprojectexplorer.org/document/enpower-to-adapt-creating-climate-change-resilient-livelihoods-through-community-based-natural-resource-management-cbnrm-in-namibia_1c98,https://www.greenclimate.fund/sites/default/files/document/fp024-project-completion-report.pdf,application/pdf,54492606a4087274aaf4947bfc8ce801,GCF.family.FP024.15150,2016,kept
GCF.document.FP024_15150.17185,Enpower to Adapt: Creating Climate-Change Resilient Livelihoods through  Community-Based Natural Resource Management (CBNRM) in Namibia — Final independent evaluation report for FP024: Enpower to Adapt: Creating Climate-Change Resilient Livelihoods through Community-Based Natural Resource Management (CBNRM) in Namibia,https://cdn.climatepolicyradar.org/navigator/NAM/2016/enpower-to-adapt-creating-climate-change-resilient-livelihoods-through-community-based-natural-resource-management-cbnrm-in-namibia_91a117f2cbe1f8ef5ced764d58188d69.pdf,2016-10-14T00:00:00Z,Final independent evaluation report for FP024: Enpower to Adapt: Creating Climate-Change Resilient Livelihoods through Community-Based Natural Resource Management (CBNRM) in Namibia,NAM,FP024,https://climateprojectexplorer.org/document/enpower-to-adapt-creating-climate-change-resilient-livelihoods-through-community-based-natural-resource-management-cbnrm-in-namibia_1c98,https://www.greenclimate.fund/sites/default/files/document/fp024-final-independent-evaluation-report.pdf,application/pdf,91a117f2cbe1f8ef5ced764d58188d69,GCF.family.FP024.15150,2016,parked
GCF.document.FP024_15150.21519,Enpower to Adapt: Creating Climate-Change Resilient Livelihoods through  Community-Based Natural Resource Management (CBNRM) in Namibia — Interim evaluation report for FP024: Enpower to Adapt: Creating Climate-Change Resilient Livelihoods through  Community-Based Natural Resource Management (CBNRM) in Namibia,https://cdn.climatepolicyradar.org/navigator/NAM/2016/enpower-to-adapt-creating-climate-change-resilient-livelihoods-through-community-based-natural-resource-management-cbnrm-in-namibia_55c4432b920ea5364301efb8e7e124e9.pdf,2016-10-14T00:00:00Z,Interim evaluation report for FP024: Enpower to Adapt: Creating Climate-Change Resilient Livelihoods through  Community-Based Natural Resource Management (CBNRM) in Namibia,NAM,FP024,https://climateprojectexplorer.org/document/enpower-to-adapt-creating-climate-change-resilient-livelihoods-through-community-based-natural-resource-management-cbnrm-in-namibia_1c98,https://www.greenclimate.fund/sites/default/files/document/fp024-interim-evaluation-report-pub.pdf,application/pdf,55c4432b920ea5364301efb8e7e124e9,GCF.family.FP024.15150,2016,parked
GCF.document.FP024_15150.21549,Enpower to Adapt: Creating Climate-Change Resilient Livelihoods through  Community-Based Natural Resource Management (CBNRM) in Namibia — Final evaluation report for FP024: Enpower to Adapt: Creating Climate-Change Resilient Livelihoods through  Community-Based Natural Resource Management (CBNRM) in Namibia,https://cdn.climatepolicyradar.org/navigator/NAM/2016/enpower-to-adapt-creating-climate-change-resilient-livelihoods-through-community-based-natural-resource-management-cbnrm-in-namibia_b7b7a5cf1474e4803f36176e1053f068.pdf,2016-10-14T00:00:00Z,Final evaluation,NAM,FP024,https://climateprojectexplorer.org/document/enpower-to-adapt-creating-climate-change-resilient-livelihoods-through-community-based-natural-resource-management-cbnrm-in-namibia_1c98,https://www.greenclimate.fund/sites/default/files/document/fp024-final-evaluation-report-pub.pdf,application/pdf,b7b7a5cf1474e4803f36176e1053f068,GCF.family.FP024.15150,2016,kept
GCF.document.SAP008_19090.10272,Extended Community Climate Change Project-Flood (ECCCP-Flood) — Extended Community Climate Change Project-Flood (ECCCP-Flood),https://cdn.climatepolicyradar.org/navigator/BGD/2019/extended-community-climate-change-project-flood-ecccp-flood_569f56b10f561b19e7c58d0ede1a545d.pdf,2019-11-14T00:00:00Z,Extended Community Climate Change Project-Flood (ECCCP-Flood),BGD,SAP008,https://climateprojectexplorer.org/document/extended-community-climate-change-project-flood-ecccp-flood_bf95,https://www.greenclimate.fund/sites/default/files/document/funding-sap008-pksf-bangladesh.pdf,application/pdf,569f56b10f561b19e7c58d0ede1a545d,GCF.family.SAP008.19090,2019,out_of_scope_geo
GCF.document.SAP008_19090.10793,Extended Community Climate Change Project-Flood (ECCCP-Flood) — Gender assessment for SAP008: Extended Community Climate Change Project-Flood (ECCCP-Flood),https://cdn.climatepolicyradar.org/navigator/BGD/2019/extended-community-climate-change-project-flood-ecccp-flood_ba3fab1c11e070d47b75a4f87e09ee8e.pdf,2019-11-14T00:00:00Z,Gender assessment for SAP008: Extended Community Climate Change Project-Flood (ECCCP-Flood),BGD,SAP008,https://climateprojectexplorer.org/document/extended-community-climate-change-project-flood-ecccp-flood_bf95,https://www.greenclimate.fund/sites/default/files/document/sap008-ga.pdf,application/pdf,ba3fab1c11e070d47b75a4f87e09ee8e,GCF.family.SAP008.19090,2019,out_of_scope_geo
GCF.document.SAP008_19090.10788,Extended Community Climate Change Project-Flood (ECCCP-Flood) — Gender action plan for SAP008: Extended Community Climate Change Project-Flood (ECCCP-Flood),https://cdn.climatepolicyradar.org/navigator/BGD/2019/extended-community-climate-change-project-flood-ecccp-flood_2f900b054d63bc606954920c39feddc5.pdf,2019-11-14T00:00:00Z,Gender action plan for SAP008: Extended Community Climate Change Project-Flood (ECCCP-Flood),BGD,SAP008,https://climateprojectexplorer.org/document/extended-community-climate-change-project-flood-ecccp-flood_bf95,https://www.greenclimate.fund/sites/default/files/document/gap-sap008.pdf,application/pdf,2f900b054d63bc606954920c39feddc5,GCF.family.SAP008.19090,2019,out_of_scope_geo
GCF.document.SAP008_19090.12638,Extended Community Climate Change Project-Flood (ECCCP-Flood) — 2020 Annual Performance Report for SAP008: Extended Community Climate Change Project-Flood (ECCCP-Flood),https://cdn.climatepolicyradar.org/navigator/BGD/2019/extended-community-climate-change-project-flood-ecccp-flood_6e37dff3dc43e42233ded308ce629585.pdf,2019-11-14T00:00:00Z,Performance report,BGD,SAP008,https://climateprojectexplorer.org/document/extended-community-climate-change-project-flood-ecccp-flood_bf95,https://www.greenclimate.fund/sites/default/files/document/sap008-annual-performance-report-cy2020.pdf,application/pdf,6e37dff3dc43e42233ded308ce629585,GCF.family.SAP008.19090,2019,out_of_scope_geo
GCF.document.SAP008_19090.14694,Extended Community Climate Change Project-Flood (ECCCP-Flood) — 2021 Annual Performance Report for SAP008: Extended Community Climate Change Project-Flood (ECCCP-Flood),https://cdn.climatepolicyradar.org/navigator/BGD/2019/extended-community-climate-change-project-flood-ecccp-flood_7b2749a8d6692ab00f26077dde0adba9.pdf,2019-11-14T00:00:00Z,Performance report,BGD,SAP008,https://climateprojectexplorer.org/document/extended-community-climate-change-project-flood-ecccp-flood_bf95,https://www.greenclimate.fund/sites/default/files/document/sap008-annual-performance-report-cy2021-v.pdf,application/pdf,7b2749a8d6692ab00f26077dde0adba9,GCF.family.SAP008.19090,2019,out_of_scope_geo
GCF.document.SAP008_19090.15845,Extended Community Climate Change Project-Flood (ECCCP-Flood) — 2022 Annual Performance Report for SAP008: Extended Community Climate Change Project-Flood (ECCCP-Flood),https://cdn.climatepolicyradar.org/navigator/BGD/2019/extended-community-climate-change-project-flood-ecccp-flood_4c5c5eff9e6bfce0d9611141052b6134.pdf,2019-11-14T00:00:00Z,Performance report,BGD,SAP008,https://climateprojectexplorer.org/document/extended-community-climate-change-project-flood-ecccp-flood_bf95,https://www.greenclimate.fund/sites/default/files/document/sap008-annual-performance-report-cy2022-v.pdf,application/pdf,4c5c5eff9e6bfce0d9611141052b6134,GCF.family.SAP008.19090,2019,out_of_scope_geo
GCF.document.SAP008_19090.18183,Extended Community Climate Change Project-Flood (ECCCP-Flood) — 2023 Annual Performance Report for SAP008: Extended Community Climate Change Project-Flood (ECCCP-Flood),https://cdn.climatepolicyradar.org/navigator/BGD/2019/extended-community-climate-change-project-flood-ecccp-flood_9431a3b3c3a118af8ec7518285568dc4.pdf,2019-11-14T00:00:00Z,Performance report,BGD,SAP008,https://climateprojectexplorer.org/document/extended-community-climate-change-project-flood-ecccp-flood_bf95,https://www.greenclimate.fund/sites/default/files/document/sap008-annual-performance-report-cy2023.pdf,application/pdf,9431a3b3c3a118af8ec7518285568dc4,GCF.family.SAP008.19090,2019,out_of_scope_geo
GCF.document.SAP008_19090.21233,Extended Community Climate Change Project-Flood (ECCCP-Flood) — Final evaluation report for SAP008: Extended Community Climate Change Project-Flood (ECCCP-Flood),https://cdn.climatepolicyradar.org/navigator/BGD/2019/extended-community-climate-change-project-flood-ecccp-flood_4444f2ff0dc8d82e414bd0c703dc7afa.pdf,2019-11-14T00:00:00Z,Final evaluation,BGD,SAP008,https://climateprojectexplorer.org/document/extended-community-climate-change-project-flood-ecccp-flood_bf95,https://www.greenclimate.fund/sites/default/files/document/sap008-final-evaluation-report-pub.pdf,application/pdf,4444f2ff0dc8d82e414bd0c703dc7afa,GCF.family.SAP008.19090,2019,out_of_scope_geo
GCF.document.SAP008_19090.21255,Extended Community Climate Change Project-Flood (ECCCP-Flood) — Interim evaluation report for SAP008: Extended Community Climate Change Project-Flood (ECCCP-Flood),https://cdn.climatepolicyradar.org/navigator/BGD/2019/extended-community-climate-change-project-flood-ecccp-flood_9169af350ed485b8cc971282dea81a3e.pdf,2019-11-14T00:00:00Z,Interim evaluation report for SAP008: Extended Community Climate Change Project-Flood (ECCCP-Flood),BGD,SAP008,https://climateprojectexplorer.org/document/extended-community-climate-change-project-flood-ecccp-flood_bf95,https://www.greenclimate.fund/sites/default/files/document/sap008-interim-evaluation-report-pub.pdf,application/pdf,9169af350ed485b8cc971282dea81a3e,GCF.family.SAP008.19090,2019,out_of_scope_geo
GCF.document.FP017_14100.6284,Climate action and solar energy development programme in the Tarapacá Region in Chile — Climate action and solar energy development programme in the Tarapacá region in Chile,https://cdn.climatepolicyradar.org/navigator/CHL/2016/climate-action-and-solar-energy-development-programme-in-the-tarapaca-region-in-chile_5e717b3d6347d45144c94d04901aaa1a.pdf,2016-06-30T00:00:00Z,Climate action and solar energy development programme in the Tarapacá region in Chile,CHL,FP017,https://climateprojectexplorer.org/document/climate-action-and-solar-energy-development-programme-in-the-tarapaca-region-in-chile_c730,https://www.greenclimate.fund/sites/default/files/document/funding-proposal-fp017-caf-chile.pdf,application/pdf,5e717b3d6347d45144c94d04901aaa1a,GCF.family.FP017.14100,2016,out_of_scope_geo
GCF.document.FP017_14100.6134,Climate action and solar energy development programme in the Tarapacá Region in Chile — Gender assessment for FP017: Climate action and solar energy development programme in the Tarapacá Region in Chile,https://cdn.climatepolicyradar.org/navigator/CHL/2016/climate-action-and-solar-energy-development-programme-in-the-tarapaca-region-in-chile_8e3590325673090ecd12f44ac37b8b8b.pdf,2016-06-30T00:00:00Z,Gender assessment for FP017: Climate action and solar energy development programme in the Tarapacá Region in Chile,CHL,FP017,https://climateprojectexplorer.org/document/climate-action-and-solar-energy-development-programme-in-the-tarapaca-region-in-chile_c730,https://www.greenclimate.fund/sites/default/files/document/gender-assessment-fp017-caf-chile.pdf,application/pdf,8e3590325673090ecd12f44ac37b8b8b,GCF.family.FP017.14100,2016,out_of_scope_geo
GCF.document.FP017_14100.6192,Climate action and solar energy development programme in the Tarapacá Region in Chile — Gender action plan for FP017: Climate action and solar energy development programme in the Tarapacá Region in Chile,https://cdn.climatepolicyradar.org/navigator/CHL/2016/climate-action-and-solar-energy-development-programme-in-the-tarapaca-region-in-chile_02d7eedf41f3b43305e0e1ea4968f07e.pdf,2016-06-30T00:00:00Z,Gender action plan for FP017: Climate action and solar energy development programme in the Tarapacá Region in Chile,CHL,FP017,https://climateprojectexplorer.org/document/climate-action-and-solar-energy-development-programme-in-the-tarapaca-region-in-chile_c730,https://www.greenclimate.fund/sites/default/files/document/gender-action-plan-fp017-caf-chile.pdf,application/pdf,02d7eedf41f3b43305e0e1ea4968f07e,GCF.family.FP017.14100,2016,out_of_scope_geo
GCF.document.FP017_14100.12621,Climate action and solar energy development programme in the Tarapacá Region in Chile — 2020 Annual Performance Report for FP017: Climate action and solar energy development programme in the Tarapacá Region in Chile,https://cdn.climatepolicyradar.org/navigator/CHL/2016/climate-action-and-solar-energy-development-programme-in-the-tarapaca-region-in-chile_ca1a3f7d6a556838f955431f4d972a91.pdf,2016-06-30T00:00:00Z,Performance report,CHL,FP017,https://climateprojectexplorer.org/document/climate-action-and-solar-energy-development-programme-in-the-tarapaca-region-in-chile_c730,https://www.greenclimate.fund/sites/default/files/document/fp017-annual-performance-report-cy2020.pdf,application/pdf,ca1a3f7d6a556838f955431f4d972a91,GCF.family.FP017.14100,2016,out_of_scope_geo
GCF.document.FP017_14100.21231,Climate action and solar energy development programme in the Tarapacá Region in Chile — Final evaluation report for FP017: Climate action and solar energy development programme in the Tarapacá Region in Chile,https://cdn.climatepolicyradar.org/navigator/CHL/2016/climate-action-and-solar-energy-development-programme-in-the-tarapaca-region-in-chile_14aff53a39d8f00996d5de532301a2eb.pdf,2016-06-30T00:00:00Z,Final evaluation,CHL,FP017,https://climateprojectexplorer.org/document/climate-action-and-solar-energy-development-programme-in-the-tarapaca-region-in-chile_c730,https://www.greenclimate.fund/sites/default/files/document/fp017-final-evaluation-report-pub.pdf,application/pdf,14aff53a39d8f00996d5de532301a2eb,GCF.family.FP017.14100,2016,out_of_scope_geo
GCF.document.FP017_14100.21236,Climate action and solar energy development programme in the Tarapacá Region in Chile — Interim evaluation report for FP017: Climate action and solar energy development programme in the Tarapacá Region in Chile,https://cdn.climatepolicyradar.org/navigator/CHL/2016/climate-action-and-solar-energy-development-programme-in-the-tarapaca-region-in-chile_57c4bd255a21c7650ba4ec1fba770299.pdf,2016-06-30T00:00:00Z,Interim evaluation report for FP017: Climate action and solar energy development programme in the Tarapacá Region in Chile,CHL,FP017,https://climateprojectexplorer.org/document/climate-action-and-solar-energy-development-programme-in-the-tarapaca-region-in-chile_c730,https://www.greenclimate.fund/sites/default/files/document/fp017-interim-evaluation-report-pub.pdf,application/pdf,57c4bd255a21c7650ba4ec1fba770299,GCF.family.FP017.14100,2016,out_of_scope_geo
GCF.document.FP007_13130.6119,Supporting vulnerable communities in Maldives to manage climate change-induced water shortages — Gender assessment for FP007: Supporting vulnerable communities in Maldives to manage climate change-induced water shortages,https://cdn.climatepolicyradar.org/navigator/MDV/2015/supporting-vulnerable-communities-in-maldives-to-manage-climate-change-induced-water-shortages_6fb88bdaae34e51499a6d0bb39137cb2.pdf,2015-11-05T00:00:00Z,Gender assessment for FP007: Supporting vulnerable communities in Maldives to manage climate change-induced water shortages,MDV,FP007,https://climateprojectexplorer.org/document/supporting-vulnerable-communities-in-maldives-to-manage-climate-change-induced-water-shortages_1138,https://www.greenclimate.fund/sites/default/files/document/gender-assessment-fp007-undp-maldives.pdf,application/pdf,6fb88bdaae34e51499a6d0bb39137cb2,GCF.family.FP007.13130,2015,out_of_scope_geo
GCF.document.FP007_13130.6181,Supporting vulnerable communities in Maldives to manage climate change-induced water shortages — Gender action plan for FP007: Supporting vulnerable communities in Maldives to manage climate change-induced water shortages,https://cdn.climatepolicyradar.org/navigator/MDV/2015/supporting-vulnerable-communities-in-maldives-to-manage-climate-change-induced-water-shortages_5ba1ec845fb3dc8b98e50478faab1f21.pdf,2015-11-05T00:00:00Z,Gender action plan for FP007: Supporting vulnerable communities in Maldives to manage climate change-induced water shortages,MDV,FP007,https://climateprojectexplorer.org/document/supporting-vulnerable-communities-in-maldives-to-manage-climate-change-induced-water-shortages_1138,https://www.greenclimate.fund/sites/default/files/document/gender-action-plan-fp007-undp-maldives.pdf,application/pdf,5ba1ec845fb3dc8b98e50478faab1f21,GCF.family.FP007.13130,2015,out_of_scope_geo
GCF.document.FP007_13130.11508,Supporting vulnerable communities in Maldives to manage climate change-induced water shortages — 2019 Annual Performance Report for FP007: Supporting vulnerable communities in Maldives to manage climate change-induced water shortages,https://cdn.climatepolicyradar.org/navigator/MDV/2015/supporting-vulnerable-communities-in-maldives-to-manage-climate-change-induced-water-shortages_721d5d9dd13e00ec2da50fb68e955807.pdf,2015-11-05T00:00:00Z,Performance report,MDV,FP007,https://climateprojectexplorer.org/document/supporting-vulnerable-communities-in-maldives-to-manage-climate-change-induced-water-shortages_1138,https://www.greenclimate.fund/sites/default/files/document/fp007-2019apr.pdf,application/pdf,721d5d9dd13e00ec2da50fb68e955807,GCF.family.FP007.13130,2015,out_of_scope_geo
GCF.document.FP007_13130.12689,Supporting vulnerable communities in Maldives to manage climate change-induced water shortages — 2020 Annual Performance Report for FP007: Supporting vulnerable communities in Maldives to manage climate change-induced water shortages,https://cdn.climatepolicyradar.org/navigator/MDV/2015/supporting-vulnerable-communities-in-maldives-to-manage-climate-change-induced-water-shortages_e8902e0155078389a7ca9f75e1e770c7.pdf,2015-11-05T00:00:00Z,Performance report,MDV,FP007,https://climateprojectexplorer.org/document/supporting-vulnerable-communities-in-maldives-to-manage-climate-change-induced-water-shortages_1138,https://www.greenclimate.fund/sites/default/files/document/fp007-annual-performance-report-cy2020-disclosable.pdf,application/pdf,e8902e0155078389a7ca9f75e1e770c7,GCF.family.FP007.13130,2015,out_of_scope_geo
GCF.document.FP007_13130.14197,Supporting vulnerable communities in Maldives to manage climate change-induced water shortages — 2018 Annual Performance Report for FP007: Supporting vulnerable communities in Maldives to manage climate change-induced water shortages,https://cdn.climatepolicyradar.org/navigator/MDV/2015/supporting-vulnerable-communities-in-maldives-to-manage-climate-change-induced-water-shortages_ac650d9d32d457d3615a73dec5ddf5b6.pdf,2015-11-05T00:00:00Z,Performance report,MDV,FP007,https://climateprojectexplorer.org/document/supporting-vulnerable-communities-in-maldives-to-manage-climate-change-induced-water-shortages_1138,https://www.greenclimate.fund/sites/default/files/document/fp007-2018apr.pdf,application/pdf,ac650d9d32d457d3615a73dec5ddf5b6,GCF.family.FP007.13130,2015,out_of_scope_geo
GCF.document.FP007_13130.14243,Supporting vulnerable communities in Maldives to manage climate change-induced water shortages — 2017 Annual Performance Report for FP007: Supporting vulnerable communities in Maldives to manage climate change-induced water shortages,https://cdn.climatepolicyradar.org/navigator/MDV/2015/supporting-vulnerable-communities-in-maldives-to-manage-climate-change-induced-water-shortages_ce14340a111cc26d81372e9a34707630.pdf,2015-11-05T00:00:00Z,Performance report,MDV,FP007,https://climateprojectexplorer.org/document/supporting-vulnerable-communities-in-maldives-to-manage-climate-change-induced-water-shortages_1138,https://www.greenclimate.fund/sites/default/files/document/fp007-2017apr.pdf,application/pdf,ce14340a111cc26d81372e9a34707630,GCF.family.FP007.13130,2015,out_of_scope_geo
GCF.document.FP007_13130.14494,Supporting vulnerable communities in Maldives to manage climate change-induced water shortages — 2021 Annual Performance Report for FP007: Supporting vulnerable communities in Maldives to manage climate change-induced water shortages,https://cdn.climatepolicyradar.org/navigator/MDV/2015/supporting-vulnerable-communities-in-maldives-to-manage-climate-change-induced-water-shortages_84ffba1403da8aab3c2c20851283227f.pdf,2015-11-05T00:00:00Z,Performance report,MDV,FP007,https://climateprojectexplorer.org/document/supporting-vulnerable-communities-in-maldives-to-manage-climate-change-induced-water-shortages_1138,https://www.greenclimate.fund/sites/default/files/document/fp007-annual-performance-report-cy2021.pdf,application/pdf,84ffba1403da8aab3c2c20851283227f,GCF.family.FP007.13130,2015,out_of_scope_geo
GCF.document.FP007_13130.6312,Supporting vulnerable communities in Maldives to manage climate change-induced water shortages — Support of vulnerable communities in Maldives to manage climate change-induced water shortages,https://cdn.climatepolicyradar.org/navigator/MDV/2015/supporting-vulnerable-communities-in-maldives-to-manage-climate-change-induced-water-shortages_618809109bd0ba44624fcf76de6c5e6a.pdf,2015-11-05T00:00:00Z,Support of vulnerable communities in Maldives to manage climate change-induced water shortages,MDV,FP007,https://climateprojectexplorer.org/document/supporting-vulnerable-communities-in-maldives-to-manage-climate-change-induced-water-shortages_1138,https://www.greenclimate.fund/sites/default/files/document/funding-proposal-fp007-undp-maldives.pdf,application/pdf,618809109bd0ba44624fcf76de6c5e6a,GCF.family.FP007.13130,2015,out_of_scope_geo
GCF.document.FP007_13130.15797,Supporting vulnerable communities in Maldives to manage climate change-induced water shortages — 2022 Annual Performance Report for FP007: Supporting vulnerable communities in Maldives to manage climate change-induced water shortages,https://cdn.climatepolicyradar.org/navigator/MDV/2015/supporting-vulnerable-communities-in-maldives-to-manage-climate-change-induced-water-shortages_851630cd200bef73c72e1673100e5f50.pdf,2015-11-05T00:00:00Z,Performance report,MDV,FP007,https://climateprojectexplorer.org/document/supporting-vulnerable-communities-in-maldives-to-manage-climate-change-induced-water-shortages_1138,https://www.greenclimate.fund/sites/default/files/document/fp007-annual-performance-report-cy2022-v.pdf,application/pdf,851630cd200bef73c72e1673100e5f50,GCF.family.FP007.13130,2015,out_of_scope_geo
GCF.document.FP007_13130.21513,Supporting vulnerable communities in Maldives to manage climate change-induced water shortages — Interim evaluation report for FP007: Supporting vulnerable communities in Maldives to manage climate change-induced water shortages,https://cdn.climatepolicyradar.org/navigator/MDV/2015/supporting-vulnerable-communities-in-maldives-to-manage-climate-change-induced-water-shortages_bdef15d390536fd4b142dc7acf12f9f2.pdf,2015-11-05T00:00:00Z,Interim evaluation report for FP007: Supporting vulnerable communities in Maldives to manage climate change-induced water shortages,MDV,FP007,https://climateprojectexplorer.org/document/supporting-vulnerable-communities-in-maldives-to-manage-climate-change-induced-water-shortages_1138,https://www.greenclimate.fund/sites/default/files/document/fp007-interim-evaluation-report-pub.pdf,application/pdf,bdef15d390536fd4b142dc7acf12f9f2,GCF.family.FP007.13130,2015,out_of_scope_geo
GCF.document.FP007_13130.21545,Supporting vulnerable communities in Maldives to manage climate change-induced water shortages — Final evaluation report for FP007: Supporting vulnerable communities in Maldives to manage climate change-induced water shortages,https://cdn.climatepolicyradar.org/navigator/MDV/2015/supporting-vulnerable-communities-in-maldives-to-manage-climate-change-induced-water-shortages_2b9bcfe188d1e47c3d07c5a5339553ea.pdf,2015-11-05T00:00:00Z,Final evaluation,MDV,FP007,https://climateprojectexplorer.org/document/supporting-vulnerable-communities-in-maldives-to-manage-climate-change-induced-water-shortages_1138,https://www.greenclimate.fund/sites/default/files/document/fp007-final-evaluation-report-pub.pdf,application/pdf,2b9bcfe188d1e47c3d07c5a5339553ea,GCF.family.FP007.13130,2015,out_of_scope_geo
GCF.document.FP013_13490.6121,Improving the resilience of vulnerable coastal communities to climate change related impacts in Viet Nam — Gender assessment for FP013: Improving the resilience of vulnerable coastal communities to climate change related impacts in Viet Nam,https://cdn.climatepolicyradar.org/navigator/VNM/2016/improving-the-resilience-of-vulnerable-coastal-communities-to-climate-change-related-impacts-in-viet-nam_ed8f26181158e46801f5eed33bcafeef.pdf,2016-06-30T00:00:00Z,Gender assessment for FP013: Improving the resilience of vulnerable coastal communities to climate change related impacts in Viet Nam,VNM,FP013,https://climateprojectexplorer.org/document/improving-the-resilience-of-vulnerable-coastal-communities-to-climate-change-related-impacts-in-viet-nam_202f,https://www.greenclimate.fund/sites/default/files/document/gender-assessment-fp013-undp-vietnam.pdf,application/pdf,ed8f26181158e46801f5eed33bcafeef,GCF.family.FP013.13490,2016,out_of_scope_geo
GCF.document.FP013_13490.6183,Improving the resilience of vulnerable coastal communities to climate change related impacts in Viet Nam — Gender action plan for FP013: Improving the resilience of vulnerable coastal communities to climate change related impacts in Viet Nam,https://cdn.climatepolicyradar.org/navigator/VNM/2016/improving-the-resilience-of-vulnerable-coastal-communities-to-climate-change-related-impacts-in-viet-nam_f00e54ddd09b308f3e4dcd14f449e257.pdf,2016-06-30T00:00:00Z,Gender action plan for FP013: Improving the resilience of vulnerable coastal communities to climate change related impacts in Viet Nam,VNM,FP013,https://climateprojectexplorer.org/document/improving-the-resilience-of-vulnerable-coastal-communities-to-climate-change-related-impacts-in-viet-nam_202f,https://www.greenclimate.fund/sites/default/files/document/gender-action-plan-fp013-undp-vietnam.pdf,application/pdf,f00e54ddd09b308f3e4dcd14f449e257,GCF.family.FP013.13490,2016,out_of_scope_geo
GCF.document.FP013_13490.11510,Improving the resilience of vulnerable coastal communities to climate change related impacts in Viet Nam — 2019 Annual Performance Report for FP013: Improving the resilience of vulnerable coastal communities to climate change related impacts in Viet Nam,https://cdn.climatepolicyradar.org/navigator/VNM/2016/improving-the-resilience-of-vulnerable-coastal-communities-to-climate-change-related-impacts-in-viet-nam_895edc42ff7f16922482a2bb9c0dd570.pdf,2016-06-30T00:00:00Z,Performance report,VNM,FP013,https://climateprojectexplorer.org/document/improving-the-resilience-of-vulnerable-coastal-communities-to-climate-change-related-impacts-in-viet-nam_202f,https://www.greenclimate.fund/sites/default/files/document/fp013-2019apr.pdf,application/pdf,895edc42ff7f16922482a2bb9c0dd570,GCF.family.FP013.13490,2016,out_of_scope_geo
GCF.document.FP013_13490.12693,Improving the resilience of vulnerable coastal communities to climate change related impacts in Viet Nam — 2020 Annual Performance Report for FP013:	Improving the resilience of vulnerable coastal communities to climate change related impacts in Viet Nam,https://cdn.climatepolicyradar.org/navigator/VNM/2016/improving-the-resilience-of-vulnerable-coastal-communities-to-climate-change-related-impacts-in-viet-nam_b2880cf9ce2544a48bd9b508f9b29add.pdf,2016-06-30T00:00:00Z,Performance report,VNM,FP013,https://climateprojectexplorer.org/document/improving-the-resilience-of-vulnerable-coastal-communities-to-climate-change-related-impacts-in-viet-nam_202f,https://www.greenclimate.fund/sites/default/files/document/fp013-annual-performance-report-cy2020-disclosable.pdf,application/pdf,b2880cf9ce2544a48bd9b508f9b29add,GCF.family.FP013.13490,2016,out_of_scope_geo
GCF.document.FP013_13490.14199,Improving the resilience of vulnerable coastal communities to climate change related impacts in Viet Nam — 2018 Annual Performance Report for FP013: Improving the resilience of vulnerable coastal communities to climate change related impacts in Viet Nam,https://cdn.climatepolicyradar.org/navigator/VNM/2016/improving-the-resilience-of-vulnerable-coastal-communities-to-climate-change-related-impacts-in-viet-nam_241cd9dd5ea1c414024e2d552fae9a40.pdf,2016-06-30T00:00:00Z,Performance report,VNM,FP013,https://climateprojectexplorer.org/document/improving-the-resilience-of-vulnerable-coastal-communities-to-climate-change-related-impacts-in-viet-nam_202f,https://www.greenclimate.fund/sites/default/files/document/fp013-2018apr.pdf,application/pdf,241cd9dd5ea1c414024e2d552fae9a40,GCF.family.FP013.13490,2016,out_of_scope_geo
GCF.document.FP013_13490.14246,Improving the resilience of vulnerable coastal communities to climate change related impacts in Viet Nam — 2017 Annual Performance Report for FP013: Improving the resilience of vulnerable coastal communities to climate change related impacts in Viet Nam,https://cdn.climatepolicyradar.org/navigator/VNM/2016/improving-the-resilience-of-vulnerable-coastal-communities-to-climate-change-related-impacts-in-viet-nam_6223abb2f8973541f0da259a132d801b.pdf,2016-06-30T00:00:00Z,Performance report,VNM,FP013,https://climateprojectexplorer.org/document/improving-the-resilience-of-vulnerable-coastal-communities-to-climate-change-related-impacts-in-viet-nam_202f,https://www.greenclimate.fund/sites/default/files/document/fp013-2017apr.pdf,application/pdf,6223abb2f8973541f0da259a132d801b,GCF.family.FP013.13490,2016,out_of_scope_geo
GCF.document.FP013_13490.6306,Improving the resilience of vulnerable coastal communities to climate change related impacts in Viet Nam — Improving the resilience of vulnerable coastal communities to climate change related impacts in Viet Nam,https://cdn.climatepolicyradar.org/navigator/VNM/2016/improving-the-resilience-of-vulnerable-coastal-communities-to-climate-change-related-impacts-in-viet-nam_b0bdfd806023b83123e1a6260490e060.pdf,2016-06-30T00:00:00Z,Improving the resilience of vulnerable coastal communities to climate change related impacts in Viet Nam,VNM,FP013,https://climateprojectexplorer.org/document/improving-the-resilience-of-vulnerable-coastal-communities-to-climate-change-related-impacts-in-viet-nam_202f,https://www.greenclimate.fund/sites/default/files/document/funding-proposal-fp013-undp-viet-nam.pdf,application/pdf,b0bdfd806023b83123e1a6260490e060,GCF.family.FP013.13490,2016,out_of_scope_geo
GCF.document.FP013_13490.16362,Improving the resilience of vulnerable coastal communities to climate change related impacts in Viet Nam — 2022 Annual Performance Report for FP013: Improving the resilience of vulnerable coastal communities to climate change related impacts in Viet Nam,https://cdn.climatepolicyradar.org/navigator/VNM/2016/improving-the-resilience-of-vulnerable-coastal-communities-to-climate-change-related-impacts-in-viet-nam_19d788e5d30739aebbba20558075e735.pdf,2016-06-30T00:00:00Z,Performance report,VNM,FP013,https://climateprojectexplorer.org/document/improving-the-resilience-of-vulnerable-coastal-communities-to-climate-change-related-impacts-in-viet-nam_202f,https://www.greenclimate.fund/sites/default/files/document/fp013-annual-performance-report-cy2022-v.pdf,application/pdf,19d788e5d30739aebbba20558075e735,GCF.family.FP013.13490,2016,out_of_scope_geo
GCF.document.FP013_13490.14495,Improving the resilience of vulnerable coastal communities to climate change related impacts in Viet Nam — 2021 Annual Performance Report for FP013: Improving the resilience of vulnerable coastal communities to climate change related impacts in Viet Nam,https://cdn.climatepolicyradar.org/navigator/VNM/2016/improving-the-resilience-of-vulnerable-coastal-communities-to-climate-change-related-impacts-in-viet-nam_029baa9d1ec6a5e25b26c275ebda9cd4.pdf,2016-06-30T00:00:00Z,Performance report,VNM,FP013,https://climateprojectexplorer.org/document/improving-the-resilience-of-vulnerable-coastal-communities-to-climate-change-related-impacts-in-viet-nam_202f,https://www.greenclimate.fund/sites/default/files/document/fp013-annual-performance-report-cy2021.pdf,application/pdf,029baa9d1ec6a5e25b26c275ebda9cd4,GCF.family.FP013.13490,2016,out_of_scope_geo
GCF.document.FP013_13490.20001,Improving the resilience of vulnerable coastal communities to climate change related impacts in Viet Nam — 2023 Annual Performance Report for FP013: Improving the resilience of vulnerable coastal communities to climate change related impacts in Viet Nam,https://cdn.climatepolicyradar.org/navigator/VNM/2016/improving-the-resilience-of-vulnerable-coastal-communities-to-climate-change-related-impacts-in-viet-nam_e44d846e1a1bfe3ad95394cec242722b.pdf,2016-06-30T00:00:00Z,Performance report,VNM,FP013,https://climateprojectexplorer.org/document/improving-the-resilience-of-vulnerable-coastal-communities-to-climate-change-related-impacts-in-viet-nam_202f,https://www.greenclimate.fund/sites/default/files/document/fp013-annual-performance-report-cy2023.pdf,application/pdf,e44d846e1a1bfe3ad95394cec242722b,GCF.family.FP013.13490,2016,out_of_scope_geo
GCF.document.FP013_13490.21546,Improving the resilience of vulnerable coastal communities to climate change related impacts in Viet Nam — Final evaluation report for FP013: Improving the resilience of vulnerable coastal communities to climate change related impacts in Viet Nam,https://cdn.climatepolicyradar.org/navigator/VNM/2016/improving-the-resilience-of-vulnerable-coastal-communities-to-climate-change-related-impacts-in-viet-nam_3c61ec18f8adf729b1338a43a132dc88.pdf,2016-06-30T00:00:00Z,Final evaluation,VNM,FP013,https://climateprojectexplorer.org/document/improving-the-resilience-of-vulnerable-coastal-communities-to-climate-change-related-impacts-in-viet-nam_202f,https://www.greenclimate.fund/sites/default/files/document/fp013-final-evaluation-report-pub.pdf,application/pdf,3c61ec18f8adf729b1338a43a132dc88,GCF.family.FP013.13490,2016,out_of_scope_geo
GCF.document.FP013_13490.21587,Improving the resilience of vulnerable coastal communities to climate change related impacts in Viet Nam — Interim evaluation report for FP013: Improving the resilience of vulnerable coastal communities to climate change related impacts in Viet Nam,https://cdn.climatepolicyradar.org/navigator/VNM/2016/improving-the-resilience-of-vulnerable-coastal-communities-to-climate-change-related-impacts-in-viet-nam_54c57556d6c6769b4fe18f02048e6e9a.pdf,2016-06-30T00:00:00Z,Interim evaluation report for FP013: Improving the resilience of vulnerable coastal communities to climate change related impacts in Viet Nam,VNM,FP013,https://climateprojectexplorer.org/document/improving-the-resilience-of-vulnerable-coastal-communities-to-climate-change-related-impacts-in-viet-nam_202f,https://www.greenclimate.fund/sites/default/files/document/fp013-interim-evaluation-report-pub.pdf,application/pdf,54c57556d6c6769b4fe18f02048e6e9a,GCF.family.FP013.13490,2016,out_of_scope_geo
GCF.document.FP023_14620.6135,Climate Resilient Agriculture in three of the Vulnerable Extreme northern crop growing regions (CRAVE) — Gender assessment for FP023: Climate Resilient Agriculture in three of the Vulnerable Extreme northern crop growing regions (CRAVE),https://cdn.climatepolicyradar.org/navigator/NAM/2016/climate-resilient-agriculture-in-three-of-the-vulnerable-extreme-northern-crop-growing-regions-crave_a2aeb92036311a9e5ef421ad1a8887d5.pdf,2016-10-14T00:00:00Z,Gender assessment for FP023: Climate Resilient Agriculture in three of the Vulnerable Extreme northern crop growing regions (CRAVE),NAM,FP023,https://climateprojectexplorer.org/document/climate-resilient-agriculture-in-three-of-the-vulnerable-extreme-northern-crop-growing-regions-crave_360c,https://www.greenclimate.fund/sites/default/files/document/gender-assessment-fp023-eif-namibia.pdf,application/pdf,a2aeb92036311a9e5ef421ad1a8887d5,GCF.family.FP023.14620,2016,parked
GCF.document.FP023_14620.6193,Climate Resilient Agriculture in three of the Vulnerable Extreme northern crop growing regions (CRAVE) — Gender action plan for FP023: Climate Resilient Agriculture in three of the Vulnerable Extreme northern crop growing regions (CRAVE),https://cdn.climatepolicyradar.org/navigator/NAM/2016/climate-resilient-agriculture-in-three-of-the-vulnerable-extreme-northern-crop-growing-regions-crave_47526ddefee82b772370a629e4f8ced2.pdf,2016-10-14T00:00:00Z,Gender action plan for FP023: Climate Resilient Agriculture in three of the Vulnerable Extreme northern crop growing regions (CRAVE),NAM,FP023,https://climateprojectexplorer.org/document/climate-resilient-agriculture-in-three-of-the-vulnerable-extreme-northern-crop-growing-regions-crave_360c,https://www.greenclimate.fund/sites/default/files/document/gender-action-plan-fp023-eif-namibia.pdf,application/pdf,47526ddefee82b772370a629e4f8ced2,GCF.family.FP023.14620,2016,parked
GCF.document.FP023_14620.11490,Climate Resilient Agriculture in three of the Vulnerable Extreme northern crop growing regions (CRAVE) — 2019 Annual Performance Report for FP023: Climate Resilient Agriculture in three of the Vulnerable Extreme northern crop growing regions (CRAVE),https://cdn.climatepolicyradar.org/navigator/NAM/2016/climate-resilient-agriculture-in-three-of-the-vulnerable-extreme-northern-crop-growing-regions-crave_793e266dd4d8fdcd0dd106fb0e9436b5.pdf,2016-10-14T00:00:00Z,Performance report,NAM,FP023,https://climateprojectexplorer.org/document/climate-resilient-agriculture-in-three-of-the-vulnerable-extreme-northern-crop-growing-regions-crave_360c,https://www.greenclimate.fund/sites/default/files/document/fp023-2019apr.pdf,application/pdf,793e266dd4d8fdcd0dd106fb0e9436b5,GCF.family.FP023.14620,2016,parked_progress
GCF.document.FP023_14620.12623,Climate Resilient Agriculture in three of the Vulnerable Extreme northern crop growing regions (CRAVE) — 2020 Annual Performance Report for FP023: Climate Resilient Agriculture in three of the Vulnerable Extreme northern crop growing regions (CRAVE),https://cdn.climatepolicyradar.org/navigator/NAM/2016/climate-resilient-agriculture-in-three-of-the-vulnerable-extreme-northern-crop-growing-regions-crave_e9eb8638c6c0dd3099eb9edc469a93da.pdf,2016-10-14T00:00:00Z,Performance report,NAM,FP023,https://climateprojectexplorer.org/document/climate-resilient-agriculture-in-three-of-the-vulnerable-extreme-northern-crop-growing-regions-crave_360c,https://www.greenclimate.fund/sites/default/files/document/fp023-annual-performance-report-cy2020.pdf,application/pdf,e9eb8638c6c0dd3099eb9edc469a93da,GCF.family.FP023.14620,2016,parked_progress
GCF.document.FP023_14620.14647,Climate Resilient Agriculture in three of the Vulnerable Extreme northern crop growing regions (CRAVE) — 2018 Annual Performance Report for FP023: Climate Resilient Agriculture in three of the Vulnerable Extreme northern crop growing regions (CRAVE),https://cdn.climatepolicyradar.org/navigator/NAM/2016/climate-resilient-agriculture-in-three-of-the-vulnerable-extreme-northern-crop-growing-regions-crave_d6e03207be5fdb3f0fc47aacea1228ca.pdf,2016-10-14T00:00:00Z,Performance report,NAM,FP023,https://climateprojectexplorer.org/document/climate-resilient-agriculture-in-three-of-the-vulnerable-extreme-northern-crop-growing-regions-crave_360c,https://www.greenclimate.fund/sites/default/files/document/2018apr-fp023.pdf,application/pdf,d6e03207be5fdb3f0fc47aacea1228ca,GCF.family.FP023.14620,2016,parked_progress
GCF.document.FP023_14620.14673,Climate Resilient Agriculture in three of the Vulnerable Extreme northern crop growing regions (CRAVE) — 2021 Annual Performance Report for FP023: Climate Resilient Agriculture in three of the Vulnerable Extreme northern crop growing regions (CRAVE),https://cdn.climatepolicyradar.org/navigator/NAM/2016/climate-resilient-agriculture-in-three-of-the-vulnerable-extreme-northern-crop-growing-regions-crave_11d4aed1752857ffe57f3982fb60a300.pdf,2016-10-14T00:00:00Z,Performance report,NAM,FP023,https://climateprojectexplorer.org/document/climate-resilient-agriculture-in-three-of-the-vulnerable-extreme-northern-crop-growing-regions-crave_360c,https://www.greenclimate.fund/sites/default/files/document/fp023-annual-performance-report-cy2021-v.pdf,application/pdf,11d4aed1752857ffe57f3982fb60a300,GCF.family.FP023.14620,2016,parked_progress
GCF.document.FP023_14620.6297,Climate Resilient Agriculture in three of the Vulnerable Extreme northern crop growing regions (CRAVE) — Climate Resilient Agriculture in three of the Vulnerable Extreme northern crop-growing regions (CRAVE),https://cdn.climatepolicyradar.org/navigator/NAM/2016/climate-resilient-agriculture-in-three-of-the-vulnerable-extreme-northern-crop-growing-regions-crave_16c480760f6b20a669b300d5fdb7b1e6.pdf,2016-10-14T00:00:00Z,Climate Resilient Agriculture in three of the Vulnerable Extreme northern crop-growing regions (CRAVE),NAM,FP023,https://climateprojectexplorer.org/document/climate-resilient-agriculture-in-three-of-the-vulnerable-extreme-northern-crop-growing-regions-crave_360c,https://www.greenclimate.fund/sites/default/files/document/funding-proposal-fp023-eif-namibia.pdf,application/pdf,16c480760f6b20a669b300d5fdb7b1e6,GCF.family.FP023.14620,2016,parked
GCF.document.FP023_14620.16364,Climate Resilient Agriculture in three of the Vulnerable Extreme northern crop growing regions (CRAVE) — 2022 Annual Performance Report for FP023: Climate Resilient Agriculture in three of the Vulnerable Extreme northern crop growing regions (CRAVE),https://cdn.climatepolicyradar.org/navigator/NAM/2016/climate-resilient-agriculture-in-three-of-the-vulnerable-extreme-northern-crop-growing-regions-crave_a9c597a1d3343b51be04952a17baea84.pdf,2016-10-14T00:00:00Z,Performance report,NAM,FP023,https://climateprojectexplorer.org/document/climate-resilient-agriculture-in-three-of-the-vulnerable-extreme-northern-crop-growing-regions-crave_360c,https://www.greenclimate.fund/sites/default/files/document/fp023-annual-performance-report-cy2022-v.pdf,application/pdf,a9c597a1d3343b51be04952a17baea84,GCF.family.FP023.14620,2016,parked_progress
GCF.document.FP023_14620.21518,Climate Resilient Agriculture in three of the Vulnerable Extreme northern crop growing regions (CRAVE) — Interim evaluation report for FP023: Climate Resilient Agriculture in three of the Vulnerable Extreme northern crop growing regions (CRAVE),https://cdn.climatepolicyradar.org/navigator/NAM/2016/climate-resilient-agriculture-in-three-of-the-vulnerable-extreme-northern-crop-growing-regions-crave_a5f1b715dcd0e3b1eabd6677452fd65e.pdf,2016-10-14T00:00:00Z,Interim evaluation report for FP023: Climate Resilient Agriculture in three of the Vulnerable Extreme northern crop growing regions (CRAVE),NAM,FP023,https://climateprojectexplorer.org/document/climate-resilient-agriculture-in-three-of-the-vulnerable-extreme-northern-crop-growing-regions-crave_360c,https://www.greenclimate.fund/sites/default/files/document/fp023-interim-evaluation-report-pub.pdf,application/pdf,a5f1b715dcd0e3b1eabd6677452fd65e,GCF.family.FP023.14620,2016,parked
GCF.document.FP023_14620.21548,Climate Resilient Agriculture in three of the Vulnerable Extreme northern crop growing regions (CRAVE) — Final evaluation report for FP023: Climate Resilient Agriculture in three of the Vulnerable Extreme northern crop growing regions (CRAVE),https://cdn.climatepolicyradar.org/navigator/NAM/2016/climate-resilient-agriculture-in-three-of-the-vulnerable-extreme-northern-crop-growing-regions-crave_fef03b6d1bd0e54bc53b784a2206498a.pdf,2016-10-14T00:00:00Z,Final evaluation,NAM,FP023,https://climateprojectexplorer.org/document/climate-resilient-agriculture-in-three-of-the-vulnerable-extreme-northern-crop-growing-regions-crave_360c,https://www.greenclimate.fund/sites/default/files/document/fp023-final-evaluation-report-pub.pdf,application/pdf,fef03b6d1bd0e54bc53b784a2206498a,GCF.family.FP023.14620,2016,kept
GCF.document.FP049_14920.6319,Building the climate resilience of food insecure smallholder farmers through integrated management of climate risk (R4) — Building the climate resilience of food insecure smallholder farmers through integrated management of climate risks the R4 Rural Resilience Initiative),https://cdn.climatepolicyradar.org/navigator/SEN/2017/building-the-climate-resilience-of-food-insecure-smallholder-farmers-through-integrated-management-of-climate-risk-r4_8476aa81e3b13d10b439ebd5320334e1.pdf,2017-10-02T00:00:00Z,Building the climate resilience of food insecure smallholder farmers through integrated management of climate risks the R4 Rural Resilience Initiative),SEN,FP049,https://climateprojectexplorer.org/document/building-the-climate-resilience-of-food-insecure-smallholder-farmers-through-integrated-management-of-climate-risk-r4_f39a,https://www.greenclimate.fund/sites/default/files/document/funding-proposal-fp049-wfp-senegal.pdf,application/pdf,8476aa81e3b13d10b439ebd5320334e1,GCF.family.FP049.14920,2017,parked
GCF.document.FP049_14920.6153,Building the climate resilience of food insecure smallholder farmers through integrated management of climate risk (R4) — Gender assessment for FP049: Building the climate resilience of food insecure smallholder farmers through integrated management of climate risk (R4),https://cdn.climatepolicyradar.org/navigator/SEN/2017/building-the-climate-resilience-of-food-insecure-smallholder-farmers-through-integrated-management-of-climate-risk-r4_a3b8d517d7d2ef6a626d968a31866ade.pdf,2017-10-02T00:00:00Z,Gender assessment for FP049: Building the climate resilience of food insecure smallholder farmers through integrated management of climate risk (R4),SEN,FP049,https://climateprojectexplorer.org/document/building-the-climate-resilience-of-food-insecure-smallholder-farmers-through-integrated-management-of-climate-risk-r4_f39a,https://www.greenclimate.fund/sites/default/files/document/gender-assessment-fp049-wfp-senegal.pdf,application/pdf,a3b8d517d7d2ef6a626d968a31866ade,GCF.family.FP049.14920,2017,parked
GCF.document.FP049_14920.6212,Building the climate resilience of food insecure smallholder farmers through integrated management of climate risk (R4) — Gender action plan for FP049: Building the climate resilience of food insecure smallholder farmers through integrated management of climate risk (R4),https://cdn.climatepolicyradar.org/navigator/SEN/2017/building-the-climate-resilience-of-food-insecure-smallholder-farmers-through-integrated-management-of-climate-risk-r4_b32fd25a3b9498b2986eb0aaa63e907f.pdf,2017-10-02T00:00:00Z,Gender action plan for FP049: Building the climate resilience of food insecure smallholder farmers through integrated management of climate risk (R4),SEN,FP049,https://climateprojectexplorer.org/document/building-the-climate-resilience-of-food-insecure-smallholder-farmers-through-integrated-management-of-climate-risk-r4_f39a,https://www.greenclimate.fund/sites/default/files/document/gender-action-plan-fp049-wfp-senegal.pdf,application/pdf,b32fd25a3b9498b2986eb0aaa63e907f,GCF.family.FP049.14920,2017,parked
GCF.document.FP049_14920.12676,Building the climate resilience of food insecure smallholder farmers through integrated management of climate risk (R4) — 2020 Annual Performance Report for FP049: Building the climate resilience of food insecure smallholder farmers through integrated management of climate risk (R4),https://cdn.climatepolicyradar.org/navigator/SEN/2017/building-the-climate-resilience-of-food-insecure-smallholder-farmers-through-integrated-management-of-climate-risk-r4_54ddcc1bb9b426f8fdedc43aa4b967ee.pdf,2017-10-02T00:00:00Z,Performance report,SEN,FP049,https://climateprojectexplorer.org/document/building-the-climate-resilience-of-food-insecure-smallholder-farmers-through-integrated-management-of-climate-risk-r4_f39a,https://www.greenclimate.fund/sites/default/files/document/fp049-annual-performance-report-cy2020.pdf,application/pdf,54ddcc1bb9b426f8fdedc43aa4b967ee,GCF.family.FP049.14920,2017,parked_progress
GCF.document.FP049_14920.14502,Building the climate resilience of food insecure smallholder farmers through integrated management of climate risk (R4) — 2021 Annual Performance Report for FP049: Building the climate resilience of food insecure smallholder farmers through integrated management of climate risk (R4),https://cdn.climatepolicyradar.org/navigator/SEN/2017/building-the-climate-resilience-of-food-insecure-smallholder-farmers-through-integrated-management-of-climate-risk-r4_3763c4803b63c10ee8a056b9ab7c3436.pdf,2017-10-02T00:00:00Z,Performance report,SEN,FP049,https://climateprojectexplorer.org/document/building-the-climate-resilience-of-food-insecure-smallholder-farmers-through-integrated-management-of-climate-risk-r4_f39a,https://www.greenclimate.fund/sites/default/files/document/fp049-annual-performance-report-cy2021.pdf,application/pdf,3763c4803b63c10ee8a056b9ab7c3436,GCF.family.FP049.14920,2017,parked_progress
GCF.document.FP049_14920.15806,Building the climate resilience of food insecure smallholder farmers through integrated management of climate risk (R4) — 2022 Annual Performance Report for FP049: Building the climate resilience of food insecure smallholder farmers through integrated management of climate risk (R4),https://cdn.climatepolicyradar.org/navigator/SEN/2017/building-the-climate-resilience-of-food-insecure-smallholder-farmers-through-integrated-management-of-climate-risk-r4_9673d65e9c7343bb7d2a995b16530e8a.pdf,2017-10-02T00:00:00Z,Performance report,SEN,FP049,https://climateprojectexplorer.org/document/building-the-climate-resilience-of-food-insecure-smallholder-farmers-through-integrated-management-of-climate-risk-r4_f39a,https://www.greenclimate.fund/sites/default/files/document/fp049-annual-performance-report-cy2022-v.pdf,application/pdf,9673d65e9c7343bb7d2a995b16530e8a,GCF.family.FP049.14920,2017,parked_progress
GCF.document.FP049_14920.19988,Building the climate resilience of food insecure smallholder farmers through integrated management of climate risk (R4) — 2023 Annual Performance Report for FP049: Building the climate resilience of food insecure smallholder farmers through integrated management of climate risk (R4),https://cdn.climatepolicyradar.org/navigator/SEN/2017/building-the-climate-resilience-of-food-insecure-smallholder-farmers-through-integrated-management-of-climate-risk-r4_a2f04f6175a5e745b2146d81327a5516.pdf,2017-10-02T00:00:00Z,Performance report,SEN,FP049,https://climateprojectexplorer.org/document/building-the-climate-resilience-of-food-insecure-smallholder-farmers-through-integrated-management-of-climate-risk-r4_f39a,https://www.greenclimate.fund/sites/default/files/document/fp049-annual-performance-report-cy2023.pdf,application/pdf,a2f04f6175a5e745b2146d81327a5516,GCF.family.FP049.14920,2017,parked_progress
GCF.document.FP049_14920.21523,Building the climate resilience of food insecure smallholder farmers through integrated management of climate risk (R4) — Interim evaluation report for FP049: Building the climate resilience of food insecure smallholder farmers through integrated management of climate risk (R4),https://cdn.climatepolicyradar.org/navigator/SEN/2017/building-the-climate-resilience-of-food-insecure-smallholder-farmers-through-integrated-management-of-climate-risk-r4_fe0ea1c02f152219040da2eed878abac.pdf,2017-10-02T00:00:00Z,Interim evaluation report for FP049: Building the climate resilience of food insecure smallholder farmers through integrated management of climate risk (R4),SEN,FP049,https://climateprojectexplorer.org/document/building-the-climate-resilience-of-food-insecure-smallholder-farmers-through-integrated-management-of-climate-risk-r4_f39a,https://www.greenclimate.fund/sites/default/files/document/fp049-interim-evaluation-report-pub.pdf,application/pdf,fe0ea1c02f152219040da2eed878abac,GCF.family.FP049.14920,2017,parked
GCF.document.FP049_14920.21551,Building the climate resilience of food insecure smallholder farmers through integrated management of climate risk (R4) — Final evaluation report for FP049: Building the climate resilience of food insecure smallholder farmers through integrated management of climate risk (R4),https://cdn.climatepolicyradar.org/navigator/SEN/2017/building-the-climate-resilience-of-food-insecure-smallholder-farmers-through-integrated-management-of-climate-risk-r4_f38bfda7646439086f82abe3164aec84.pdf,2017-10-02T00:00:00Z,Final evaluation,SEN,FP049,https://climateprojectexplorer.org/document/building-the-climate-resilience-of-food-insecure-smallholder-farmers-through-integrated-management-of-climate-risk-r4_f39a,https://www.greenclimate.fund/sites/default/files/document/fp049-final-evaluation-report-pub.pdf,application/pdf,f38bfda7646439086f82abe3164aec84,GCF.family.FP049.14920,2017,kept
GCF.document.FP160_14960.12147,Monrovia Metropolitan Climate Resilience Project — Monrovia Metropolitan Climate Resilience Project,https://cdn.climatepolicyradar.org/navigator/LBR/2021/monrovia-metropolitan-climate-resilience-project_61f2d2d3223361320f4d92ee8467fba5.pdf,2021-03-19T00:00:00Z,Monrovia Metropolitan Climate Resilience Project,LBR,FP160,https://climateprojectexplorer.org/document/monrovia-metropolitan-climate-resilience-project_6165,https://www.greenclimate.fund/sites/default/files/document/funding-proposal-fp160.pdf,application/pdf,61f2d2d3223361320f4d92ee8467fba5,GCF.family.FP160.14960,2021,parked
GCF.document.FP160_14960.12111,Monrovia Metropolitan Climate Resilience Project — Gender action plan for FP160: Monrovia Metropolitan Climate Resilience Project,https://cdn.climatepolicyradar.org/navigator/LBR/2021/monrovia-metropolitan-climate-resilience-project_24bdcec12d2797715f50074164bedb9e.pdf,2021-03-19T00:00:00Z,Gender action plan for FP160: Monrovia Metropolitan Climate Resilience Project,LBR,FP160,https://climateprojectexplorer.org/document/monrovia-metropolitan-climate-resilience-project_6165,https://www.greenclimate.fund/sites/default/files/document/fp160-gender-action-plan.pdf,application/pdf,24bdcec12d2797715f50074164bedb9e,GCF.family.FP160.14960,2021,parked
GCF.document.FP160_14960.14691,Monrovia Metropolitan Climate Resilience Project — 2021 Annual Performance Report for FP160: Monrovia Metropolitan Climate Resilience Project,https://cdn.climatepolicyradar.org/navigator/LBR/2021/monrovia-metropolitan-climate-resilience-project_3c315b81cb21e8f1aaa328cc81463369.pdf,2021-03-19T00:00:00Z,Performance report,LBR,FP160,https://climateprojectexplorer.org/document/monrovia-metropolitan-climate-resilience-project_6165,https://www.greenclimate.fund/sites/default/files/document/fp160-annual-performance-report-cy2021-v.pdf,application/pdf,3c315b81cb21e8f1aaa328cc81463369,GCF.family.FP160.14960,2021,parked_progress
GCF.document.FP160_14960.16325,Monrovia Metropolitan Climate Resilience Project — 2022 Annual Performance Report for FP160: Monrovia Metropolitan Climate Resilience Project,https://cdn.climatepolicyradar.org/navigator/LBR/2021/monrovia-metropolitan-climate-resilience-project_161bdb1753638a2d1e2aec5fb9424af3.pdf,2021-03-19T00:00:00Z,Performance report,LBR,FP160,https://climateprojectexplorer.org/document/monrovia-metropolitan-climate-resilience-project_6165,https://www.greenclimate.fund/sites/default/files/document/fp160-annual-performance-report-cy2022-v.pdf,application/pdf,161bdb1753638a2d1e2aec5fb9424af3,GCF.family.FP160.14960,2021,parked_progress
GCF.document.FP160_14960.12125,Monrovia Metropolitan Climate Resilience Project — Gender assessment for FP160: Monrovia Metropolitan Climate Resilience Project,https://cdn.climatepolicyradar.org/navigator/LBR/2021/monrovia-metropolitan-climate-resilience-project_8b6345f51adb1692cb3a154b0ac4f9da.pdf,2021-03-19T00:00:00Z,Gender assessment for FP160: Monrovia Metropolitan Climate Resilience Project,LBR,FP160,https://climateprojectexplorer.org/document/monrovia-metropolitan-climate-resilience-project_6165,https://www.greenclimate.fund/sites/default/files/document/fp160-gender-assessment.pdf,application/pdf,8b6345f51adb1692cb3a154b0ac4f9da,GCF.family.FP160.14960,2021,parked
GCF.document.FP160_14960.20036,Monrovia Metropolitan Climate Resilience Project — 2023 Annual Performance Report for FP160: Monrovia Metropolitan Climate Resilience Project,https://cdn.climatepolicyradar.org/navigator/LBR/2021/monrovia-metropolitan-climate-resilience-project_3c39993f4d272fd7ad8e6ea454225fd4.pdf,2021-03-19T00:00:00Z,Performance report,LBR,FP160,https://climateprojectexplorer.org/document/monrovia-metropolitan-climate-resilience-project_6165,https://www.greenclimate.fund/sites/default/files/document/fp160-annual-performance-report-cy2023.pdf,application/pdf,3c39993f4d272fd7ad8e6ea454225fd4,GCF.family.FP160.14960,2021,parked_progress
GCF.document.FP160_14960.21539,Monrovia Metropolitan Climate Resilience Project — Interim evaluation report for FP160: Monrovia Metropolitan Climate Resilience Project,https://cdn.climatepolicyradar.org/navigator/LBR/2021/monrovia-metropolitan-climate-resilience-project_a220e28e45cd5db8d1d0a9252fa291ca.pdf,2021-03-19T00:00:00Z,Interim evaluation report for FP160: Monrovia Metropolitan Climate Resilience Project,LBR,FP160,https://climateprojectexplorer.org/document/monrovia-metropolitan-climate-resilience-project_6165,https://www.greenclimate.fund/sites/default/files/document/fp160-interim-evaluation-report-pub.pdf,application/pdf,a220e28e45cd5db8d1d0a9252fa291ca,GCF.family.FP160.14960,2021,parked
GCF.document.FP160_14960.21142,Monrovia Metropolitan Climate Resilience Project — 2024 Annual Performance Report for FP160: Monrovia Metropolitan Climate Resilience Project,https://cdn.climatepolicyradar.org/navigator/LBR/2021/monrovia-metropolitan-climate-resilience-project_e8be8c43d053752b607d31dbd8ffdd26.pdf,2021-03-19T00:00:00Z,Performance report,LBR,FP160,https://climateprojectexplorer.org/document/monrovia-metropolitan-climate-resilience-project_6165,https://www.greenclimate.fund/sites/default/files/document/fp160-50857-annual-performance-report-cy2024-v6.pdf,application/pdf,e8be8c43d053752b607d31dbd8ffdd26,GCF.family.FP160.14960,2021,parked_progress
GCF.document.FP015_14020.6696,Tuvalu Coastal Adaptation Project (TCAP) — Gender assessment for FP015: Tuvalu Coastal Adaptation Project (TCAP),https://cdn.climatepolicyradar.org/navigator/TUV/2016/tuvalu-coastal-adaptation-project-tcap_6c718fb4750263e29a3ba02cea155054.pdf,2016-06-30T00:00:00Z,Gender assessment for FP015: Tuvalu Coastal Adaptation Project (TCAP),TUV,FP015,https://climateprojectexplorer.org/document/tuvalu-coastal-adaptation-project-tcap_3fd4,https://www.greenclimate.fund/sites/default/files/document/gender-assessment-fp015-undp-tuvalu.pdf,application/pdf,6c718fb4750263e29a3ba02cea155054,GCF.family.FP015.14020,2016,out_of_scope_geo
GCF.document.FP015_14020.9982,Tuvalu Coastal Adaptation Project (TCAP) — Gender action plan for FP015: Tuvalu Coastal Adaptation Project,https://cdn.climatepolicyradar.org/navigator/TUV/2016/tuvalu-coastal-adaptation-project-tcap_8f611f5fbab9fe572c2e655186a7f9ee.pdf,2016-06-30T00:00:00Z,Gender action plan for FP015: Tuvalu Coastal Adaptation Project,TUV,FP015,https://climateprojectexplorer.org/document/tuvalu-coastal-adaptation-project-tcap_3fd4,https://www.greenclimate.fund/sites/default/files/document/gender-action-plan-fp015-undp-tuvalu_0.pdf,application/pdf,8f611f5fbab9fe572c2e655186a7f9ee,GCF.family.FP015.14020,2016,out_of_scope_geo
GCF.document.FP015_14020.11511,Tuvalu Coastal Adaptation Project (TCAP) — 2019 Annual Performance Report for FP015: Tuvalu Coastal Adaptation Project (TCAP),https://cdn.climatepolicyradar.org/navigator/TUV/2016/tuvalu-coastal-adaptation-project-tcap_59ffe7b8abf21b82092b4737357e8bf5.pdf,2016-06-30T00:00:00Z,Performance report,TUV,FP015,https://climateprojectexplorer.org/document/tuvalu-coastal-adaptation-project-tcap_3fd4,https://www.greenclimate.fund/sites/default/files/document/fp015-2019apr.pdf,application/pdf,59ffe7b8abf21b82092b4737357e8bf5,GCF.family.FP015.14020,2016,out_of_scope_geo
GCF.document.FP015_14020.12695,Tuvalu Coastal Adaptation Project (TCAP) — 2020 Annual Performance Report for FP015: Tuvalu Coastal Adaptation Project (TCAP),https://cdn.climatepolicyradar.org/navigator/TUV/2016/tuvalu-coastal-adaptation-project-tcap_25d78f08ca17b02d0b2f8189539b04fd.pdf,2016-06-30T00:00:00Z,Performance report,TUV,FP015,https://climateprojectexplorer.org/document/tuvalu-coastal-adaptation-project-tcap_3fd4,https://www.greenclimate.fund/sites/default/files/document/fp015-annual-performance-report-cy2020-disclosable.pdf,application/pdf,25d78f08ca17b02d0b2f8189539b04fd,GCF.family.FP015.14020,2016,out_of_scope_geo
GCF.document.FP015_14020.14200,Tuvalu Coastal Adaptation Project (TCAP) — 2018 Annual Performance Report for FP015: Tuvalu Coastal Adaptation Project (TCAP),https://cdn.climatepolicyradar.org/navigator/TUV/2016/tuvalu-coastal-adaptation-project-tcap_d0913890e6a1ff32b08b06bba5af9e51.pdf,2016-06-30T00:00:00Z,Performance report,TUV,FP015,https://climateprojectexplorer.org/document/tuvalu-coastal-adaptation-project-tcap_3fd4,https://www.greenclimate.fund/sites/default/files/document/fp015-2018apr.pdf,application/pdf,d0913890e6a1ff32b08b06bba5af9e51,GCF.family.FP015.14020,2016,out_of_scope_geo
GCF.document.FP015_14020.14247,Tuvalu Coastal Adaptation Project (TCAP) — 2017 Annual Performance Report for FP015: Tuvalu Coastal Adaptation Project (TCAP),https://cdn.climatepolicyradar.org/navigator/TUV/2016/tuvalu-coastal-adaptation-project-tcap_d7b4da2833d83f2ff6b5c0bdd6b7053b.pdf,2016-06-30T00:00:00Z,Performance report,TUV,FP015,https://climateprojectexplorer.org/document/tuvalu-coastal-adaptation-project-tcap_3fd4,https://www.greenclimate.fund/sites/default/files/document/fp015-2017apr.pdf,application/pdf,d7b4da2833d83f2ff6b5c0bdd6b7053b,GCF.family.FP015.14020,2016,out_of_scope_geo
GCF.document.FP015_14020.14496,Tuvalu Coastal Adaptation Project (TCAP) — 2021 Annual Performance Report for FP015: Tuvalu Coastal Adaptation Project (TCAP),https://cdn.climatepolicyradar.org/navigator/TUV/2016/tuvalu-coastal-adaptation-project-tcap_2807b169b156f9b09c5a018d2cfd52d9.pdf,2016-06-30T00:00:00Z,Performance report,TUV,FP015,https://climateprojectexplorer.org/document/tuvalu-coastal-adaptation-project-tcap_3fd4,https://www.greenclimate.fund/sites/default/files/document/fp015-annual-performance-report-cy2021.pdf,application/pdf,2807b169b156f9b09c5a018d2cfd52d9,GCF.family.FP015.14020,2016,out_of_scope_geo
GCF.document.FP015_14020.6304,Tuvalu Coastal Adaptation Project (TCAP) — Tuvalu coastal adaptation project,https://cdn.climatepolicyradar.org/navigator/TUV/2016/tuvalu-coastal-adaptation-project-tcap_ff64644143852dbac557611105b3e08f.pdf,2016-06-30T00:00:00Z,Tuvalu coastal adaptation project,TUV,FP015,https://climateprojectexplorer.org/document/tuvalu-coastal-adaptation-project-tcap_3fd4,https://www.greenclimate.fund/sites/default/files/document/funding-proposal-fp015-undp-tuvalu.pdf,application/pdf,ff64644143852dbac557611105b3e08f,GCF.family.FP015.14020,2016,out_of_scope_geo
GCF.document.FP015_14020.15800,Tuvalu Coastal Adaptation Project (TCAP) — 2022 Annual Performance Report for FP015: Tuvalu Coastal Adaptation Project (TCAP),https://cdn.climatepolicyradar.org/navigator/TUV/2016/tuvalu-coastal-adaptation-project-tcap_933d875425bc6bc9b28551c5ba6a1c7e.pdf,2016-06-30T00:00:00Z,Performance report,TUV,FP015,https://climateprojectexplorer.org/document/tuvalu-coastal-adaptation-project-tcap_3fd4,https://www.greenclimate.fund/sites/default/files/document/fp015-annual-performance-report-cy2022-v.pdf,application/pdf,933d875425bc6bc9b28551c5ba6a1c7e,GCF.family.FP015.14020,2016,out_of_scope_geo
GCF.document.FP015_14020.19987,Tuvalu Coastal Adaptation Project (TCAP) — 2023 Annual Performance Report for FP015: Tuvalu Coastal Adaptation Project (TCAP),https://cdn.climatepolicyradar.org/navigator/TUV/2016/tuvalu-coastal-adaptation-project-tcap_b200c541f7f4116999e7c478a76ece24.pdf,2016-06-30T00:00:00Z,Performance report,TUV,FP015,https://climateprojectexplorer.org/document/tuvalu-coastal-adaptation-project-tcap_3fd4,https://www.greenclimate.fund/sites/default/files/document/fp015-annual-performance-report-cy2023.pdf,application/pdf,b200c541f7f4116999e7c478a76ece24,GCF.family.FP015.14020,2016,out_of_scope_geo
GCF.document.FP015_14020.21514,Tuvalu Coastal Adaptation Project (TCAP) — Interim evaluation report for FP015: Tuvalu Coastal Adaptation Project (TCAP),https://cdn.climatepolicyradar.org/navigator/TUV/2016/tuvalu-coastal-adaptation-project-tcap_de640288e8cbfa0d141c7395be2b526b.pdf,2016-06-30T00:00:00Z,Interim evaluation report for FP015: Tuvalu Coastal Adaptation Project (TCAP),TUV,FP015,https://climateprojectexplorer.org/document/tuvalu-coastal-adaptation-project-tcap_3fd4,https://www.greenclimate.fund/sites/default/files/document/fp015-interim-evaluation-report-pub.pdf,application/pdf,de640288e8cbfa0d141c7395be2b526b,GCF.family.FP015.14020,2016,out_of_scope_geo
GCF.document.FP137_16460.11395,Ghana Shea Landscape Emission Reductions Project — Ghana Shea Landscape Emission Reductions Project,https://cdn.climatepolicyradar.org/navigator/GHA/2018/ghana-shea-landscape-emission-reductions-project_4c75f6cbdfc2cb04090f38227de388ce.pdf,2018-01-01T00:00:00Z,Ghana Shea Landscape Emission Reductions Project,GHA,FP137,https://climateprojectexplorer.org/document/ghana-shea-landscape-emission-reductions-project_105d,https://www.greenclimate.fund/sites/default/files/document/fp137-undp-ghana_0.pdf,application/pdf,4c75f6cbdfc2cb04090f38227de388ce,GCF.family.FP137.16460,2018,parked
GCF.document.FP137_16460.11423,Ghana Shea Landscape Emission Reductions Project — Gender assessment for FP137: Ghana Shea Landscape Emission Reductions Project,https://cdn.climatepolicyradar.org/navigator/GHA/2018/ghana-shea-landscape-emission-reductions-project_bd9134e61d7e6808b8f850bc5a71464e.pdf,2018-01-01T00:00:00Z,Gender assessment for FP137: Ghana Shea Landscape Emission Reductions Project,GHA,FP137,https://climateprojectexplorer.org/document/ghana-shea-landscape-emission-reductions-project_105d,https://www.greenclimate.fund/sites/default/files/document/fp137-gender-assessment.pdf,application/pdf,bd9134e61d7e6808b8f850bc5a71464e,GCF.family.FP137.16460,2018,parked
GCF.document.FP137_16460.11422,Ghana Shea Landscape Emission Reductions Project — Gender action plan for FP137: Ghana Shea Landscape Emission Reductions Project,https://cdn.climatepolicyradar.org/navigator/GHA/2018/ghana-shea-landscape-emission-reductions-project_10989f83733f7dfc55b29a6b38960947.pdf,2018-01-01T00:00:00Z,Gender action plan for FP137: Ghana Shea Landscape Emission Reductions Project,GHA,FP137,https://climateprojectexplorer.org/document/ghana-shea-landscape-emission-reductions-project_105d,https://www.greenclimate.fund/sites/default/files/document/fp137-gender-action-plan.pdf,application/pdf,10989f83733f7dfc55b29a6b38960947,GCF.family.FP137.16460,2018,parked
GCF.document.FP137_16460.14522,Ghana Shea Landscape Emission Reductions Project — 2021 Annual Performance Report for FP137: Ghana Shea Landscape Emission Reductions Project,https://cdn.climatepolicyradar.org/navigator/GHA/2018/ghana-shea-landscape-emission-reductions-project_a5cf1715d54385be21ac5c6ad4a1d24b.pdf,2018-01-01T00:00:00Z,Performance report,GHA,FP137,https://climateprojectexplorer.org/document/ghana-shea-landscape-emission-reductions-project_105d,https://www.greenclimate.fund/sites/default/files/document/fp137-annual-performance-report-cy2021.pdf,application/pdf,a5cf1715d54385be21ac5c6ad4a1d24b,GCF.family.FP137.16460,2018,parked_progress
GCF.document.FP137_16460.15829,Ghana Shea Landscape Emission Reductions Project — 2022 Annual Performance Report for FP137: Ghana Shea Landscape Emission Reductions Project,https://cdn.climatepolicyradar.org/navigator/GHA/2018/ghana-shea-landscape-emission-reductions-project_34c08867035c3e804374e8aa36eb58d0.pdf,2018-01-01T00:00:00Z,Performance report,GHA,FP137,https://climateprojectexplorer.org/document/ghana-shea-landscape-emission-reductions-project_105d,https://www.greenclimate.fund/sites/default/files/document/fp137-annual-performance-report-cy2022-v.pdf,application/pdf,34c08867035c3e804374e8aa36eb58d0,GCF.family.FP137.16460,2018,parked_progress
GCF.document.FP137_16460.21128,Ghana Shea Landscape Emission Reductions Project — 2024 Annual Performance Report for FP137: Ghana Shea Landscape Emission Reductions Project,https://cdn.climatepolicyradar.org/navigator/GHA/2020/ghana-shea-landscape-emission-reductions-project_a67278e2f42e866ef3df7e4f46348c2f.pdf,2018-01-01T00:00:00Z,Performance report,GHA,FP137,https://climateprojectexplorer.org/document/ghana-shea-landscape-emission-reductions-project_105d,https://www.greenclimate.fund/sites/default/files/document/fp137-50837-annual-performance-report-cy2024-v4.pdf,application/pdf,a67278e2f42e866ef3df7e4f46348c2f,GCF.family.FP137.16460,2018,parked_progress
GCF.document.FP137_16460.21538,Ghana Shea Landscape Emission Reductions Project — Interim evaluation report for FP137: Ghana Shea Landscape Emission Reductions Project,https://cdn.climatepolicyradar.org/navigator/GHA/2020/ghana-shea-landscape-emission-reductions-project_42d741f99f316d49194ed096079007d4.pdf,2018-01-01T00:00:00Z,Interim evaluation report for FP137: Ghana Shea Landscape Emission Reductions Project,GHA,FP137,https://climateprojectexplorer.org/document/ghana-shea-landscape-emission-reductions-project_105d,https://www.greenclimate.fund/sites/default/files/document/fp137-interim-evaluation-report-pub.pdf,application/pdf,42d741f99f316d49194ed096079007d4,GCF.family.FP137.16460,2018,parked
GCF.document.FP137_16460.17517,Ghana Shea Landscape Emission Reductions Project — 2023 Annual Performance Report for FP137: Ghana Shea Landscape Emission Reductions Project,https://cdn.climatepolicyradar.org/navigator/GHA/2020/ghana-shea-landscape-emission-reductions-project_fdb8d9f5bda543c271447fedfddbc4e4.pdf,2018-01-01T00:00:00Z,Performance report,GHA,FP137,https://climateprojectexplorer.org/document/ghana-shea-landscape-emission-reductions-project_105d,https://www.greenclimate.fund/sites/default/files/document/fp137-annual-performance-report-cy2023.pdf,application/pdf,fdb8d9f5bda543c271447fedfddbc4e4,GCF.family.FP137.16460,2018,parked_progress
GCF.document.FP073_13410.6356,Strengthening Climate Resilience of Rural Communities in Northern Rwanda — Strengthening climate resilience of rural communities in Northern Rwanda,https://cdn.climatepolicyradar.org/navigator/RWA/2018/strengthening-climate-resilience-of-rural-communities-in-northern-rwanda_8c4d8fa86985de4f1373aa83b77e1e69.pdf,2018-03-01T00:00:00Z,Strengthening climate resilience of rural communities in Northern Rwanda,RWA,FP073,https://climateprojectexplorer.org/document/strengthening-climate-resilience-of-rural-communities-in-northern-rwanda_a5d2,https://www.greenclimate.fund/sites/default/files/document/funding-proposal-fp073-ministry-environment-rwanda.pdf,application/pdf,8c4d8fa86985de4f1373aa83b77e1e69,GCF.family.FP073.13410,2018,parked
GCF.document.FP073_13410.6223,Strengthening Climate Resilience of Rural Communities in Northern Rwanda — Gender action plan for FP073: Strengthening Climate Resilience of Rural Communities in Northern Rwanda,https://cdn.climatepolicyradar.org/navigator/RWA/2018/strengthening-climate-resilience-of-rural-communities-in-northern-rwanda_96e70b00baf254d7a9fe6916873e55bb.pdf,2018-03-01T00:00:00Z,Gender action plan for FP073: Strengthening Climate Resilience of Rural Communities in Northern Rwanda,RWA,FP073,https://climateprojectexplorer.org/document/strengthening-climate-resilience-of-rural-communities-in-northern-rwanda_a5d2,https://www.greenclimate.fund/sites/default/files/document/gender-action-plan-fp073-minirena-rwanda.pdf,application/pdf,96e70b00baf254d7a9fe6916873e55bb,GCF.family.FP073.13410,2018,parked
GCF.document.FP073_13410.11502,Strengthening Climate Resilience of Rural Communities in Northern Rwanda — 2019 Annual Performance Report for FP073: Strengthening Climate Resilience of Rural Communities in Northern Rwanda,https://cdn.climatepolicyradar.org/navigator/RWA/2018/strengthening-climate-resilience-of-rural-communities-in-northern-rwanda_19775ad532a84e993ca5475502e243b0.pdf,2018-03-01T00:00:00Z,Performance report,RWA,FP073,https://climateprojectexplorer.org/document/strengthening-climate-resilience-of-rural-communities-in-northern-rwanda_a5d2,https://www.greenclimate.fund/sites/default/files/document/fp073-2019apr.pdf,application/pdf,19775ad532a84e993ca5475502e243b0,GCF.family.FP073.13410,2018,parked_progress
GCF.document.FP073_13410.12683,Strengthening Climate Resilience of Rural Communities in Northern Rwanda — 2020 Annual Performance Report for FP073: Strengthening Climate Resilience of Rural Communities in Northern Rwanda,https://cdn.climatepolicyradar.org/navigator/RWA/2018/strengthening-climate-resilience-of-rural-communities-in-northern-rwanda_f87fe56a6ddafc736f8b4958f09732e1.pdf,2018-03-01T00:00:00Z,Performance report,RWA,FP073,https://climateprojectexplorer.org/document/strengthening-climate-resilience-of-rural-communities-in-northern-rwanda_a5d2,https://www.greenclimate.fund/sites/default/files/document/fp073-annual-performance-report-cy2020.pdf,application/pdf,f87fe56a6ddafc736f8b4958f09732e1,GCF.family.FP073.13410,2018,parked_progress
GCF.document.FP073_13410.14681,Strengthening Climate Resilience of Rural Communities in Northern Rwanda — 2021 Annual Performance Report for FP073: Strengthening Climate Resilience of Rural Communities in Northern Rwanda,https://cdn.climatepolicyradar.org/navigator/RWA/2018/strengthening-climate-resilience-of-rural-communities-in-northern-rwanda_d62ee02293121832e3b79f3854a2004f.pdf,2018-03-01T00:00:00Z,Performance report,RWA,FP073,https://climateprojectexplorer.org/document/strengthening-climate-resilience-of-rural-communities-in-northern-rwanda_a5d2,https://www.greenclimate.fund/sites/default/files/document/fp073-annual-performance-report-cy2021-v.pdf,application/pdf,d62ee02293121832e3b79f3854a2004f,GCF.family.FP073.13410,2018,parked_progress
GCF.document.FP073_13410.16347,Strengthening Climate Resilience of Rural Communities in Northern Rwanda — 2022 Annual Performance Report for FP073: Strengthening Climate Resilience of Rural Communities in Northern Rwanda,https://cdn.climatepolicyradar.org/navigator/RWA/2018/strengthening-climate-resilience-of-rural-communities-in-northern-rwanda_481a8d9a9b6f3c914c811088535cd8b2.pdf,2018-03-01T00:00:00Z,Performance report,RWA,FP073,https://climateprojectexplorer.org/document/strengthening-climate-resilience-of-rural-communities-in-northern-rwanda_a5d2,https://www.greenclimate.fund/sites/default/files/document/fp073-annual-performance-report-cy2022-v_0.pdf,application/pdf,481a8d9a9b6f3c914c811088535cd8b2,GCF.family.FP073.13410,2018,parked_progress
GCF.document.FP073_13410.20054,Strengthening Climate Resilience of Rural Communities in Northern Rwanda — 2023 Annual Performance Report for FP073: Strengthening Climate Resilience of Rural Communities in Northern Rwanda,https://cdn.climatepolicyradar.org/navigator/RWA/2018/strengthening-climate-resilience-of-rural-communities-in-northern-rwanda_ac703e9850a5f884b9f93693fdd2d816.pdf,2018-03-01T00:00:00Z,Performance report,RWA,FP073,https://climateprojectexplorer.org/document/strengthening-climate-resilience-of-rural-communities-in-northern-rwanda_a5d2,https://www.greenclimate.fund/sites/default/files/document/fp073-annual-performance-report-cy2023.pdf,application/pdf,ac703e9850a5f884b9f93693fdd2d816,GCF.family.FP073.13410,2018,parked_progress
GCF.document.FP073_13410.21245,Strengthening Climate Resilience of Rural Communities in Northern Rwanda — Interim evaluation report for FP073: Strengthening Climate Resilience of Rural Communities in Northern Rwanda,https://cdn.climatepolicyradar.org/navigator/RWA/2018/strengthening-climate-resilience-of-rural-communities-in-northern-rwanda_7e397f4f2de5ca59b3acc674f9270eba.pdf,2018-03-01T00:00:00Z,Interim evaluation report for FP073: Strengthening Climate Resilience of Rural Communities in Northern Rwanda,RWA,FP073,https://climateprojectexplorer.org/document/strengthening-climate-resilience-of-rural-communities-in-northern-rwanda_a5d2,https://www.greenclimate.fund/sites/default/files/document/fp073-interim-evaluation-report-pub.pdf,application/pdf,7e397f4f2de5ca59b3acc674f9270eba,GCF.family.FP073.13410,2018,parked
GCF.document.FP043_14320.6328,The Saïss Water Conservation Project — Saïss water conservation project,https://cdn.climatepolicyradar.org/navigator/MAR/2017/the-saiss-water-conservation-project_a0c15875c79f8e22820b573335f82d52.pdf,2017-04-06T00:00:00Z,Saïss water conservation project,MAR,FP043,https://climateprojectexplorer.org/document/the-saiss-water-conservation-project_fa6c,https://www.greenclimate.fund/sites/default/files/document/funding-proposal-fp043-ebrd-morocco.pdf,application/pdf,a0c15875c79f8e22820b573335f82d52,GCF.family.FP043.14320,2017,parked
GCF.document.FP043_14320.6147,The Saïss Water Conservation Project — Gender assessment for FP043: The Saïss Water Conservation Project,https://cdn.climatepolicyradar.org/navigator/MAR/2017/the-saiss-water-conservation-project_8051d7950afde4bc80121a37f27a27f0.pdf,2017-04-06T00:00:00Z,Gender assessment for FP043: The Saïss Water Conservation Project,MAR,FP043,https://climateprojectexplorer.org/document/the-saiss-water-conservation-project_fa6c,https://www.greenclimate.fund/sites/default/files/document/gender-assessment-fp043-ebrd-morocco.pdf,application/pdf,8051d7950afde4bc80121a37f27a27f0,GCF.family.FP043.14320,2017,parked
GCF.document.FP043_14320.6203,The Saïss Water Conservation Project — Gender action plan for FP043: The Saïss Water Conservation Project,https://cdn.climatepolicyradar.org/navigator/MAR/2017/the-saiss-water-conservation-project_2f89b32f41384ed3f33b1426a78e4dd2.pdf,2017-04-06T00:00:00Z,Gender action plan for FP043: The Saïss Water Conservation Project,MAR,FP043,https://climateprojectexplorer.org/document/the-saiss-water-conservation-project_fa6c,https://www.greenclimate.fund/sites/default/files/document/gender-action-plan-fp043-ebrd-morocco.pdf,application/pdf,2f89b32f41384ed3f33b1426a78e4dd2,GCF.family.FP043.14320,2017,parked
GCF.document.FP043_14320.21575,The Saïss Water Conservation Project — 2024 Annual Performance Report for FP043: Saïss Water Conservation Project,https://cdn.climatepolicyradar.org/navigator/MAR/2017/the-saiss-water-conservation-project_115257ee91b1eab465af0ac797a9fc2f.pdf,2017-04-06T00:00:00Z,Performance report,MAR,FP043,https://climateprojectexplorer.org/document/the-saiss-water-conservation-project_fa6c,https://www.greenclimate.fund/sites/default/files/document/fp043-apr-2024-public-version.pdf,application/pdf,115257ee91b1eab465af0ac797a9fc2f,GCF.family.FP043.14320,2017,parked_progress
GCF.document.FP043_14320.21594,The Saïss Water Conservation Project — Interim evaluation report for FP043: The Saïss Water Conservation Project,https://cdn.climatepolicyradar.org/navigator/MAR/2017/the-saiss-water-conservation-project_17b9525e8a571f07289bbb08db0ed7b6.pdf,2017-04-06T00:00:00Z,Interim evaluation report for FP043: The Saïss Water Conservation Project,MAR,FP043,https://climateprojectexplorer.org/document/the-saiss-water-conservation-project_fa6c,https://www.greenclimate.fund/sites/default/files/document/fp043-interim-evaluation-report-pub.pdf,application/pdf,17b9525e8a571f07289bbb08db0ed7b6,GCF.family.FP043.14320,2017,parked
GCF.document.FP103_19770.9925,Promotion of Climate-Friendly Cooking: Kenya and Senegal — Gender assessment for FP103: Promotion of Climate-Friendly Cooking: Kenya and Senegal,https://cdn.climatepolicyradar.org/navigator/KEN/2019/promotion-of-climate-friendly-cooking-kenya-and-senegal_2de708a4bfae87e38db5a83d55712b46.pdf,2019-02-28T00:00:00Z,Gender assessment for FP103: Promotion of Climate-Friendly Cooking: Kenya and Senegal,KEN;SEN,FP103,https://climateprojectexplorer.org/document/promotion-of-climate-friendly-cooking-kenya-and-senegal_8a72,https://www.greenclimate.fund/sites/default/files/document/gender-assessment-fp103-giz-kenya.pdf,application/pdf,2de708a4bfae87e38db5a83d55712b46,GCF.family.FP103.19770,2019,parked
GCF.document.FP103_19770.9978,Promotion of Climate-Friendly Cooking: Kenya and Senegal — Gender action plan for FP103: Promotion of Climate-Friendly Cooking: Kenya and Senegal,https://cdn.climatepolicyradar.org/navigator/KEN/2019/promotion-of-climate-friendly-cooking-kenya-and-senegal_c9c0ba8b341e9b053fcdc6eb014da4d3.pdf,2019-02-28T00:00:00Z,Gender action plan for FP103: Promotion of Climate-Friendly Cooking: Kenya and Senegal,KEN;SEN,FP103,https://climateprojectexplorer.org/document/promotion-of-climate-friendly-cooking-kenya-and-senegal_8a72,https://www.greenclimate.fund/sites/default/files/document/gender-action-plan-fp103-giz-kenya.pdf,application/pdf,c9c0ba8b341e9b053fcdc6eb014da4d3,GCF.family.FP103.19770,2019,parked
GCF.document.FP103_19770.12626,Promotion of Climate-Friendly Cooking: Kenya and Senegal — 2020 Annual Performance Report for FP103: Promotion of Climate-Friendly Cooking: Kenya and Senegal,https://cdn.climatepolicyradar.org/navigator/KEN/2019/promotion-of-climate-friendly-cooking-kenya-and-senegal_a62ddc6f2493a8ec0d9cda40909610e7.pdf,2019-02-28T00:00:00Z,Performance report,KEN;SEN,FP103,https://climateprojectexplorer.org/document/promotion-of-climate-friendly-cooking-kenya-and-senegal_8a72,https://www.greenclimate.fund/sites/default/files/document/fp103-annual-performance-report-cy2020.pdf,application/pdf,a62ddc6f2493a8ec0d9cda40909610e7,GCF.family.FP103.19770,2019,parked_progress
GCF.document.FP103_19770.14511,Promotion of Climate-Friendly Cooking: Kenya and Senegal — 2021 Annual Performance Report for FP103: Promotion of Climate-Friendly Cooking: Kenya and Senegal,https://cdn.climatepolicyradar.org/navigator/KEN/2019/promotion-of-climate-friendly-cooking-kenya-and-senegal_1afaa69048cc8617b52793db6e8b483e.pdf,2019-02-28T00:00:00Z,Performance report,KEN;SEN,FP103,https://climateprojectexplorer.org/document/promotion-of-climate-friendly-cooking-kenya-and-senegal_8a72,https://www.greenclimate.fund/sites/default/files/document/fp103-annual-performance-report-cy2021.pdf,application/pdf,1afaa69048cc8617b52793db6e8b483e,GCF.family.FP103.19770,2019,parked_progress
GCF.document.FP103_19770.5563,Promotion of Climate-Friendly Cooking: Kenya and Senegal — Promotion of climate-friendly cooking: Kenya and Senegal,https://cdn.climatepolicyradar.org/navigator/KEN/2019/promotion-of-climate-friendly-cooking-kenya-and-senegal_69066dd000bda0548a9814e7e1f7dd4e.pdf,2019-02-28T00:00:00Z,Promotion of climate-friendly cooking: Kenya and Senegal,KEN;SEN,FP103,https://climateprojectexplorer.org/document/promotion-of-climate-friendly-cooking-kenya-and-senegal_8a72,https://www.greenclimate.fund/sites/default/files/document/funding-proposal-fp103-giz-kenya-senegal.pdf,application/pdf,69066dd000bda0548a9814e7e1f7dd4e,GCF.family.FP103.19770,2019,parked
GCF.document.FP103_19770.15817,Promotion of Climate-Friendly Cooking: Kenya and Senegal — 2022 Annual Performance Report for FP103: Promotion of Climate-Friendly Cooking: Kenya and Senegal,https://cdn.climatepolicyradar.org/navigator/KEN/2019/promotion-of-climate-friendly-cooking-kenya-and-senegal_9c80a27dc3afcf995730b23e40f44b31.pdf,2019-02-28T00:00:00Z,Performance report,KEN;SEN,FP103,https://climateprojectexplorer.org/document/promotion-of-climate-friendly-cooking-kenya-and-senegal_8a72,https://www.greenclimate.fund/sites/default/files/document/fp103-annual-performance-report-cy2022-v.pdf,application/pdf,9c80a27dc3afcf995730b23e40f44b31,GCF.family.FP103.19770,2019,parked_progress
GCF.document.FP103_19770.20056,Promotion of Climate-Friendly Cooking: Kenya and Senegal — 2023 Annual Performance Report for FP103: Promotion of Climate-Friendly Cooking: Kenya and Senegal,https://cdn.climatepolicyradar.org/navigator/KEN/2019/promotion-of-climate-friendly-cooking-kenya-and-senegal_4f9ec76f66a3bbbbf5eda8d16c5d5a7d.pdf,2019-02-28T00:00:00Z,Performance report,KEN;SEN,FP103,https://climateprojectexplorer.org/document/promotion-of-climate-friendly-cooking-kenya-and-senegal_8a72,https://www.greenclimate.fund/sites/default/files/document/fp103-annual-performance-report-cy2023.pdf,application/pdf,4f9ec76f66a3bbbbf5eda8d16c5d5a7d,GCF.family.FP103.19770,2019,parked_progress
GCF.document.FP103_19770.21107,Promotion of Climate-Friendly Cooking: Kenya and Senegal — 2024 Annual Performance Report for FP103: Promotion of Climate-Friendly Cooking: Kenya and Senegal,https://cdn.climatepolicyradar.org/navigator/KEN/2019/promotion-of-climate-friendly-cooking-kenya-and-senegal_aa01ea71896b477391ab2e153792e3b9.pdf,2019-02-28T00:00:00Z,Performance report,KEN;SEN,FP103,https://climateprojectexplorer.org/document/promotion-of-climate-friendly-cooking-kenya-and-senegal_8a72,https://www.greenclimate.fund/sites/default/files/document/fp103-50807-annual-performance-report-cy2024-v4.pdf,application/pdf,aa01ea71896b477391ab2e153792e3b9,GCF.family.FP103.19770,2019,parked_progress
GCF.document.FP103_19770.21250,Promotion of Climate-Friendly Cooking: Kenya and Senegal — Interim evaluation report for FP103: Promotion of Climate-Friendly Cooking: Kenya and Senegal,https://cdn.climatepolicyradar.org/navigator/KEN/2019/promotion-of-climate-friendly-cooking-kenya-and-senegal_54218c353085807281e38edc0758f4ad.pdf,2019-02-28T00:00:00Z,Interim evaluation report for FP103: Promotion of Climate-Friendly Cooking: Kenya and Senegal,KEN;SEN,FP103,https://climateprojectexplorer.org/document/promotion-of-climate-friendly-cooking-kenya-and-senegal_8a72,https://www.greenclimate.fund/sites/default/files/document/fp103-interim-evaluation-report-pub.pdf,application/pdf,54218c353085807281e38edc0758f4ad,GCF.family.FP103.19770,2019,parked
GCF.document.FP117_20250.10265,Implementation of the Lao PDR Emission Reductions Programme through improved governance and sustainable forest landscape management — Implementation of the Lao PDR Emission Reductions Programme through improved governance and sustainable forest landscape management,https://cdn.climatepolicyradar.org/navigator/LAO/2019/implementation-of-the-lao-pdr-emission-reductions-programme-through-improved-governance-and-sustainable-forest-landscape-management_809666298dbb502259472a4661e38c2e.pdf,2019-11-14T00:00:00Z,Implementation of the Lao PDR Emission Reductions Programme through improved governance and sustainable forest landscape management,LAO,FP117,https://climateprojectexplorer.org/document/implementation-of-the-lao-pdr-emission-reductions-programme-through-improved-governance-and-sustainable-forest-landscape-management_935b,https://www.greenclimate.fund/sites/default/files/document/funding-proposal-fp117-giz-laos.pdf,application/pdf,809666298dbb502259472a4661e38c2e,GCF.family.FP117.20250,2019,out_of_scope_geo
GCF.document.FP117_20250.10782,Implementation of the Lao PDR Emission Reductions Programme through improved governance and sustainable forest landscape management — Gender assessment for FP117: Implementation of the Lao PDR Emission Reductions Programme through improved governance and sustainable forest landscape management,https://cdn.climatepolicyradar.org/navigator/LAO/2019/implementation-of-the-lao-pdr-emission-reductions-programme-through-improved-governance-and-sustainable-forest-landscape-management_fc5d0768ce99d2d36bf415d3ca2765a6.pdf,2019-11-14T00:00:00Z,Gender assessment for FP117: Implementation of the Lao PDR Emission Reductions Programme through improved governance and sustainable forest landscape management,LAO,FP117,https://climateprojectexplorer.org/document/implementation-of-the-lao-pdr-emission-reductions-programme-through-improved-governance-and-sustainable-forest-landscape-management_935b,https://www.greenclimate.fund/sites/default/files/document/fp117-ga.pdf,application/pdf,fc5d0768ce99d2d36bf415d3ca2765a6,GCF.family.FP117.20250,2019,out_of_scope_geo
GCF.document.FP117_20250.10777,Implementation of the Lao PDR Emission Reductions Programme through improved governance and sustainable forest landscape management — Gender action plan for FP117: Implementation of the Lao PDR Emission Reductions Programme through improved governance and sustainable forest landscape management,https://cdn.climatepolicyradar.org/navigator/LAO/2019/implementation-of-the-lao-pdr-emission-reductions-programme-through-improved-governance-and-sustainable-forest-landscape-management_fc9ec89aa0363a099194ecba6b902c26.pdf,2019-11-14T00:00:00Z,Gender action plan for FP117: Implementation of the Lao PDR Emission Reductions Programme through improved governance and sustainable forest landscape management,LAO,FP117,https://climateprojectexplorer.org/document/implementation-of-the-lao-pdr-emission-reductions-programme-through-improved-governance-and-sustainable-forest-landscape-management_935b,https://www.greenclimate.fund/sites/default/files/document/gap-fp117.pdf,application/pdf,fc9ec89aa0363a099194ecba6b902c26,GCF.family.FP117.20250,2019,out_of_scope_geo
GCF.document.FP117_20250.12629,Implementation of the Lao PDR Emission Reductions Programme through improved governance and sustainable forest landscape management — 2020 Annual Performance Report for FP117: Implementation of the Lao PDR Emission Reductions Programme through improved governance and sustainable forest landscape management,https://cdn.climatepolicyradar.org/navigator/LAO/2019/implementation-of-the-lao-pdr-emission-reductions-programme-through-improved-governance-and-sustainable-forest-landscape-management_71eb7db6e6e6dd6f6047d354501b3208.pdf,2019-11-14T00:00:00Z,Performance report,LAO,FP117,https://climateprojectexplorer.org/document/implementation-of-the-lao-pdr-emission-reductions-programme-through-improved-governance-and-sustainable-forest-landscape-management_935b,https://www.greenclimate.fund/sites/default/files/document/fp117-annual-performance-report-cy2020.pdf,application/pdf,71eb7db6e6e6dd6f6047d354501b3208,GCF.family.FP117.20250,2019,out_of_scope_geo
GCF.document.FP117_20250.14685,Implementation of the Lao PDR Emission Reductions Programme through improved governance and sustainable forest landscape management — 2021 Annual Performance Report for FP117: Implementation of the Lao PDR Emission Reductions Programme through improved governance and sustainable forest landscape management,https://cdn.climatepolicyradar.org/navigator/LAO/2019/implementation-of-the-lao-pdr-emission-reductions-programme-through-improved-governance-and-sustainable-forest-landscape-management_dcfa5f172aa7b21a87d063a2132bfedd.pdf,2019-11-14T00:00:00Z,Performance report,LAO,FP117,https://climateprojectexplorer.org/document/implementation-of-the-lao-pdr-emission-reductions-programme-through-improved-governance-and-sustainable-forest-landscape-management_935b,https://www.greenclimate.fund/sites/default/files/document/fp117-annual-performance-report-cy2021-v.pdf,application/pdf,dcfa5f172aa7b21a87d063a2132bfedd,GCF.family.FP117.20250,2019,out_of_scope_geo
GCF.document.FP117_20250.16337,Implementation of the Lao PDR Emission Reductions Programme through improved governance and sustainable forest landscape management — 2022 Annual Performance Report for FP117: Implementation of the Lao PDR Emission Reductions Programme through improved governance and sustainable forest landscape management,https://cdn.climatepolicyradar.org/navigator/LAO/2019/implementation-of-the-lao-pdr-emission-reductions-programme-through-improved-governance-and-sustainable-forest-landscape-management_3a94086e8ac7d2e5d151d373d1ed0c5d.pdf,2019-11-14T00:00:00Z,Performance report,LAO,FP117,https://climateprojectexplorer.org/document/implementation-of-the-lao-pdr-emission-reductions-programme-through-improved-governance-and-sustainable-forest-landscape-management_935b,https://www.greenclimate.fund/sites/default/files/document/fp117-annual-performance-report-cy2022-v.pdf,application/pdf,3a94086e8ac7d2e5d151d373d1ed0c5d,GCF.family.FP117.20250,2019,out_of_scope_geo
GCF.document.FP117_20250.21115,Implementation of the Lao PDR Emission Reductions Programme through improved governance and sustainable forest landscape management — 2024 Annual Performance Report for FP117: Implementation of the Lao PDR Emission Reductions Programme through improved governance and sustainable forest landscape management,https://cdn.climatepolicyradar.org/navigator/LAO/2019/implementation-of-the-lao-pdr-emission-reductions-programme-through-improved-governance-and-sustainable-forest-landscape-management_115427c65e2af77f31070e905f5ff742.pdf,2019-11-14T00:00:00Z,Performance report,LAO,FP117,https://climateprojectexplorer.org/document/implementation-of-the-lao-pdr-emission-reductions-programme-through-improved-governance-and-sustainable-forest-landscape-management_935b,https://www.greenclimate.fund/sites/default/files/document/fp117-50819-annual-performance-report-cy2024-v2.pdf,application/pdf,115427c65e2af77f31070e905f5ff742,GCF.family.FP117.20250,2019,out_of_scope_geo
GCF.document.FP117_20250.21251,Implementation of the Lao PDR Emission Reductions Programme through improved governance and sustainable forest landscape management — Interim evaluation report for FP117: Implementation of the Lao PDR Emission Reductions Programme through improved governance and sustainable forest landscape management,https://cdn.climatepolicyradar.org/navigator/LAO/2019/implementation-of-the-lao-pdr-emission-reductions-programme-through-improved-governance-and-sustainable-forest-landscape-management_46040a4ca6e5859caf7365a9e93efa27.pdf,2019-11-14T00:00:00Z,Interim evaluation report for FP117: Implementation of the Lao PDR Emission Reductions Programme through improved governance and sustainable forest landscape management,LAO,FP117,https://climateprojectexplorer.org/document/implementation-of-the-lao-pdr-emission-reductions-programme-through-improved-governance-and-sustainable-forest-landscape-management_935b,https://www.greenclimate.fund/sites/default/files/document/fp117-interim-evaluation-report-pub.pdf,application/pdf,46040a4ca6e5859caf7365a9e93efa27,GCF.family.FP117.20250,2019,out_of_scope_geo
GCF.document.FP070_16180.6225,Global Clean Cooking Program – Bangladesh — Gender action plan for FP070: Global Clean Cooking Program – Bangladesh,https://cdn.climatepolicyradar.org/navigator/BGD/2018/global-clean-cooking-program-bangladesh_c35618cb78cd89bdcfe36d3ddc4a4473.pdf,2018-03-01T00:00:00Z,Gender action plan for FP070: Global Clean Cooking Program – Bangladesh,BGD,FP070,https://climateprojectexplorer.org/document/global-clean-cooking-program-bangladesh_dc2f,https://www.greenclimate.fund/sites/default/files/document/gender-action-plan-fp070-world-bank-bangladesh.pdf,application/pdf,c35618cb78cd89bdcfe36d3ddc4a4473,GCF.family.FP070.16180,2018,out_of_scope_geo
GCF.document.FP070_16180.11531,Global Clean Cooking Program – Bangladesh — 2019 Annual Performance Report for FP070: Global Clean Cooking Program – Bangladesh,https://cdn.climatepolicyradar.org/navigator/BGD/2018/global-clean-cooking-program-bangladesh_522a30838b6cd93e36cebdff07839524.pdf,2018-03-01T00:00:00Z,Performance report,BGD,FP070,https://climateprojectexplorer.org/document/global-clean-cooking-program-bangladesh_dc2f,https://www.greenclimate.fund/sites/default/files/document/fp070-2019apr.pdf,application/pdf,522a30838b6cd93e36cebdff07839524,GCF.family.FP070.16180,2018,out_of_scope_geo
GCF.document.FP070_16180.12640,Global Clean Cooking Program – Bangladesh — 2020 Annual Performance Report for FP070: Global Clean Cooking Program – Bangladesh,https://cdn.climatepolicyradar.org/navigator/BGD/2018/global-clean-cooking-program-bangladesh_ef968496665beb4777da6b10904fbd89.pdf,2018-03-01T00:00:00Z,Performance report,BGD,FP070,https://climateprojectexplorer.org/document/global-clean-cooking-program-bangladesh_dc2f,https://www.greenclimate.fund/sites/default/files/document/fp070-annual-performance-report-cy2020-disclosable.pdf,application/pdf,ef968496665beb4777da6b10904fbd89,GCF.family.FP070.16180,2018,out_of_scope_geo
GCF.document.FP070_16180.6359,Global Clean Cooking Program – Bangladesh — Global clean cooking program: Bangladesh,https://cdn.climatepolicyradar.org/navigator/BGD/2018/global-clean-cooking-program-bangladesh_f8eab71d65829c5093a921fe57da6508.pdf,2018-03-01T00:00:00Z,Global clean cooking program: Bangladesh,BGD,FP070,https://climateprojectexplorer.org/document/global-clean-cooking-program-bangladesh_dc2f,https://www.greenclimate.fund/sites/default/files/document/funding-proposal-fp070-world-bank-bangladesh.pdf,application/pdf,f8eab71d65829c5093a921fe57da6508,GCF.family.FP070.16180,2018,out_of_scope_geo
GCF.document.FP070_16180.6168,Global Clean Cooking Program – Bangladesh — Gender assessment for FP070: Global Clean Cooking Program – Bangladesh,https://cdn.climatepolicyradar.org/navigator/BGD/2018/global-clean-cooking-program-bangladesh_3c8dccf6103298e3132e7cfab8129f88.pdf,2018-03-01T00:00:00Z,Gender assessment for FP070: Global Clean Cooking Program – Bangladesh,BGD,FP070,https://climateprojectexplorer.org/document/global-clean-cooking-program-bangladesh_dc2f,https://www.greenclimate.fund/sites/default/files/document/gender-assessment-fp070-world-bank-bangladesh.pdf,application/pdf,3c8dccf6103298e3132e7cfab8129f88,GCF.family.FP070.16180,2018,out_of_scope_geo
GCF.document.FP070_16180.16378,Global Clean Cooking Program – Bangladesh — 2022 Annual Performance Report for FP070: Global Clean Cooking Program – Bangladesh,https://cdn.climatepolicyradar.org/navigator/BGD/2018/global-clean-cooking-program-bangladesh_23f86557d025547ec8536dd87e81181d.pdf,2018-03-01T00:00:00Z,Performance report,BGD,FP070,https://climateprojectexplorer.org/document/global-clean-cooking-program-bangladesh_dc2f,https://www.greenclimate.fund/sites/default/files/document/disclosable-fp070-annual-performance-report-cy2022-v.pdf,application/pdf,23f86557d025547ec8536dd87e81181d,GCF.family.FP070.16180,2018,out_of_scope_geo
GCF.document.FP070_16180.20012,Global Clean Cooking Program – Bangladesh — 2023 Annual Performance Report for FP070: Global Clean Cooking Program – Bangladesh,https://cdn.climatepolicyradar.org/navigator/BGD/2018/global-clean-cooking-program-bangladesh_c34babf64ca235017c5eef9b20e51aab.pdf,2018-03-01T00:00:00Z,Performance report,BGD,FP070,https://climateprojectexplorer.org/document/global-clean-cooking-program-bangladesh_dc2f,https://www.greenclimate.fund/sites/default/files/document/fp070-annual-performance-report-cy2023.pdf,application/pdf,c34babf64ca235017c5eef9b20e51aab,GCF.family.FP070.16180,2018,out_of_scope_geo
GCF.document.FP070_16180.21244,Global Clean Cooking Program – Bangladesh — Interim evaluation report for FP070: Global Clean Cooking Program – Bangladesh,https://cdn.climatepolicyradar.org/navigator/BGD/2018/global-clean-cooking-program-bangladesh_0d089e4f1d06b8ec1b96a2e882dc88d4.pdf,2018-03-01T00:00:00Z,Interim evaluation report for FP070: Global Clean Cooking Program – Bangladesh,BGD,FP070,https://climateprojectexplorer.org/document/global-clean-cooking-program-bangladesh_dc2f,https://www.greenclimate.fund/sites/default/files/document/fp070-interim-evaluation-report-pub.pdf,application/pdf,0d089e4f1d06b8ec1b96a2e882dc88d4,GCF.family.FP070.16180,2018,out_of_scope_geo
GCF.document.FP036_14970.6138,Pacific Islands Renewable Energy Investment Program — Gender assessment for FP036: Pacific Islands Renewable Energy Investment Program,https://cdn.climatepolicyradar.org/navigator/PNG/2016/pacific-islands-renewable-energy-investment-program_88b598d0679a192fe1c92886f78418a9.pdf,2016-12-15T00:00:00Z,Gender assessment for FP036: Pacific Islands Renewable Energy Investment Program,COK;MHL;FSM;NRU;PNG;WSM;TON,FP036,https://climateprojectexplorer.org/document/pacific-islands-renewable-energy-investment-program_99f3,https://www.greenclimate.fund/sites/default/files/document/gender-assessment-fp036-adb-cook-islands-marshall-islands-micronesia-nauru-papua-new-guinea-samoa.pdf,application/pdf,88b598d0679a192fe1c92886f78418a9,GCF.family.FP036.14970,2016,out_of_scope_geo
GCF.document.FP036_14970.6197,Pacific Islands Renewable Energy Investment Program — Gender action plan for FP036: Pacific Islands Renewable Energy Investment Program,https://cdn.climatepolicyradar.org/navigator/PNG/2016/pacific-islands-renewable-energy-investment-program_8ee7519393128b2e5632d1ab394cce23.pdf,2016-12-15T00:00:00Z,Gender action plan for FP036: Pacific Islands Renewable Energy Investment Program,COK;MHL;FSM;NRU;PNG;WSM;TON,FP036,https://climateprojectexplorer.org/document/pacific-islands-renewable-energy-investment-program_99f3,https://www.greenclimate.fund/sites/default/files/document/gender-action-plan-fp036-adb-cook-islands-marshall-islands-micronesia-nauru-papua-new-guinea-samoa.pdf,application/pdf,8ee7519393128b2e5632d1ab394cce23,GCF.family.FP036.14970,2016,out_of_scope_geo
GCF.document.FP036_14970.6291,Pacific Islands Renewable Energy Investment Program — Pacific Islands renewable energy investment programme,https://cdn.climatepolicyradar.org/navigator/PNG/2016/pacific-islands-renewable-energy-investment-program_a8f8b70902cceb49c2a671ab4102a9a1.pdf,2016-12-15T00:00:00Z,Pacific Islands renewable energy investment programme,COK;MHL;FSM;NRU;PNG;WSM;TON,FP036,https://climateprojectexplorer.org/document/pacific-islands-renewable-energy-investment-program_99f3,https://www.greenclimate.fund/sites/default/files/document/funding-proposal-fp036-adb-cook-islands.pdf,application/pdf,a8f8b70902cceb49c2a671ab4102a9a1,GCF.family.FP036.14970,2016,out_of_scope_geo
GCF.document.FP036_14970.21521,Pacific Islands Renewable Energy Investment Program — Interim evaluation report for FP036: Pacific Islands Renewable Energy Investment Program,https://cdn.climatepolicyradar.org/navigator/COK/2016/pacific-islands-renewable-energy-investment-program_21085a0f9aec45dc65d691f287f76751.pdf,2016-12-15T00:00:00Z,Interim evaluation report for FP036: Pacific Islands Renewable Energy Investment Program,COK;MHL;FSM;NRU;PNG;WSM;TON,FP036,https://climateprojectexplorer.org/document/pacific-islands-renewable-energy-investment-program_99f3,https://www.greenclimate.fund/sites/default/files/document/fp036-interim-evaluation-report-pub.pdf,application/pdf,21085a0f9aec45dc65d691f287f76751,GCF.family.FP036.14970,2016,out_of_scope_geo
GCF.document.FP069_13340.6357,"Enhancing adaptive capacities of coastal communities, especially women, to cope with climate change induced salinity — Enhancing adaptive capacities of coastal communities, especially women, to cope with climate change induced salinity",https://cdn.climatepolicyradar.org/navigator/BGD/2018/enhancing-adaptive-capacities-of-coastal-communities-especially-women-to-cope-with-climate-change-induced-salinity_a8ee8c5275b8af97883cca69d4f27b91.pdf,2018-03-01T00:00:00Z,"Enhancing adaptive capacities of coastal communities, especially women, to cope with climate change induced salinity",BGD,FP069,https://climateprojectexplorer.org/document/enhancing-adaptive-capacities-of-coastal-communities-especially-women-to-cope-with-climate-change-induced-salinity_2a84,https://www.greenclimate.fund/sites/default/files/document/funding-proposal-fp069-undp-bangladesh.pdf,application/pdf,a8ee8c5275b8af97883cca69d4f27b91,GCF.family.FP069.13340,2018,out_of_scope_geo
GCF.document.FP069_13340.6166,"Enhancing adaptive capacities of coastal communities, especially women, to cope with climate change induced salinity — Gender assessment for FP069: Enhancing adaptive capacities of coastal communities, especially women, to cope with climate change induced salinity",https://cdn.climatepolicyradar.org/navigator/BGD/2018/enhancing-adaptive-capacities-of-coastal-communities-especially-women-to-cope-with-climate-change-induced-salinity_5a8998d4776c5536d1dc37ff38acfcf7.pdf,2018-03-01T00:00:00Z,"Gender assessment for FP069: Enhancing adaptive capacities of coastal communities, especially women, to cope with climate change induced salinity",BGD,FP069,https://climateprojectexplorer.org/document/enhancing-adaptive-capacities-of-coastal-communities-especially-women-to-cope-with-climate-change-induced-salinity_2a84,https://www.greenclimate.fund/sites/default/files/document/gender-assessment-fp069-undp-bangladesh.pdf,application/pdf,5a8998d4776c5536d1dc37ff38acfcf7,GCF.family.FP069.13340,2018,out_of_scope_geo
GCF.document.FP069_13340.6746,"Enhancing adaptive capacities of coastal communities, especially women, to cope with climate change induced salinity — Gender action plan for FP069: Enhancing adaptive capacities of coastal communities, especially women, to cope with climate change induced salinity",https://cdn.climatepolicyradar.org/navigator/BGD/2018/enhancing-adaptive-capacities-of-coastal-communities-especially-women-to-cope-with-climate-change-induced-salinity_9d09fb48e99268ba40bf068ae1a7a7fd.pdf,2018-03-01T00:00:00Z,"Gender action plan for FP069: Enhancing adaptive capacities of coastal communities, especially women, to cope with climate change induced salinity",BGD,FP069,https://climateprojectexplorer.org/document/enhancing-adaptive-capacities-of-coastal-communities-especially-women-to-cope-with-climate-change-induced-salinity_2a84,https://www.greenclimate.fund/sites/default/files/document/gender-action-plan-fp069-undp-bangladesh.pdf,application/pdf,9d09fb48e99268ba40bf068ae1a7a7fd,GCF.family.FP069.13340,2018,out_of_scope_geo
GCF.document.FP069_13340.11522,"Enhancing adaptive capacities of coastal communities, especially women, to cope with climate change induced salinity — 2019 Annual Performance Report for FP069: Enhancing adaptive capacities of coastal communities, especially women, to cope with climate change induced salinity",https://cdn.climatepolicyradar.org/navigator/BGD/2018/enhancing-adaptive-capacities-of-coastal-communities-especially-women-to-cope-with-climate-change-induced-salinity_86e27a0a855556cfdecb844971a4e3a1.pdf,2018-03-01T00:00:00Z,Performance report,BGD,FP069,https://climateprojectexplorer.org/document/enhancing-adaptive-capacities-of-coastal-communities-especially-women-to-cope-with-climate-change-induced-salinity_2a84,https://www.greenclimate.fund/sites/default/files/document/fp069-2019apr.pdf,application/pdf,86e27a0a855556cfdecb844971a4e3a1,GCF.family.FP069.13340,2018,out_of_scope_geo
GCF.document.FP069_13340.12659,"Enhancing adaptive capacities of coastal communities, especially women, to cope with climate change induced salinity — 2020 Annual Performance Report for FP069: Enhancing adaptive capacities of coastal communities, especially women, to cope with climate change induced salinity",https://cdn.climatepolicyradar.org/navigator/BGD/2018/enhancing-adaptive-capacities-of-coastal-communities-especially-women-to-cope-with-climate-change-induced-salinity_a207f225031e23c5c00a4665d8965214.pdf,2018-03-01T00:00:00Z,Performance report,BGD,FP069,https://climateprojectexplorer.org/document/enhancing-adaptive-capacities-of-coastal-communities-especially-women-to-cope-with-climate-change-induced-salinity_2a84,https://www.greenclimate.fund/sites/default/files/document/fp069-annual-performance-report-cy2020-disclosable.pdf,application/pdf,a207f225031e23c5c00a4665d8965214,GCF.family.FP069.13340,2018,out_of_scope_geo
GCF.document.FP069_13340.14215,"Enhancing adaptive capacities of coastal communities, especially women, to cope with climate change induced salinity — 2018 Annual Performance Report for FP069: Enhancing adaptive capacities of coastal communities, especially women, to cope with climate change induced salinity",https://cdn.climatepolicyradar.org/navigator/BGD/2018/enhancing-adaptive-capacities-of-coastal-communities-especially-women-to-cope-with-climate-change-induced-salinity_ad38b3c3596c0462fb16f843b5d78956.pdf,2018-03-01T00:00:00Z,Performance report,BGD,FP069,https://climateprojectexplorer.org/document/enhancing-adaptive-capacities-of-coastal-communities-especially-women-to-cope-with-climate-change-induced-salinity_2a84,https://www.greenclimate.fund/sites/default/files/document/fp069-2018apr.pdf,application/pdf,ad38b3c3596c0462fb16f843b5d78956,GCF.family.FP069.13340,2018,out_of_scope_geo
GCF.document.FP069_13340.14953,"Enhancing adaptive capacities of coastal communities, especially women, to cope with climate change induced salinity — 2021 Annual Performance Report for FP069: Enhancing adaptive capacities of coastal communities, especially women, to cope with climate change induced salinity",https://cdn.climatepolicyradar.org/navigator/BGD/2018/enhancing-adaptive-capacities-of-coastal-communities-especially-women-to-cope-with-climate-change-induced-salinity_52379b4b07949586f4a5dccccfd5ec9a.pdf,2018-03-01T00:00:00Z,Performance report,BGD,FP069,https://climateprojectexplorer.org/document/enhancing-adaptive-capacities-of-coastal-communities-especially-women-to-cope-with-climate-change-induced-salinity_2a84,https://www.greenclimate.fund/sites/default/files/document/fp069-annual-performance-report-cy2021-v.pdf,application/pdf,52379b4b07949586f4a5dccccfd5ec9a,GCF.family.FP069.13340,2018,out_of_scope_geo
GCF.document.FP069_13340.16305,"Enhancing adaptive capacities of coastal communities, especially women, to cope with climate change induced salinity — 2022 Annual Performance Report for FP069: Enhancing adaptive capacities of coastal communities, especially women, to cope with climate change induced salinity",https://cdn.climatepolicyradar.org/navigator/BGD/2018/enhancing-adaptive-capacities-of-coastal-communities-especially-women-to-cope-with-climate-change-induced-salinity_0f620e31f962d870cf19d38bac20d7cd.pdf,2018-03-01T00:00:00Z,Performance report,BGD,FP069,https://climateprojectexplorer.org/document/enhancing-adaptive-capacities-of-coastal-communities-especially-women-to-cope-with-climate-change-induced-salinity_2a84,https://www.greenclimate.fund/sites/default/files/document/fp069-annual-performance-report-cy2022-v.pdf,application/pdf,0f620e31f962d870cf19d38bac20d7cd,GCF.family.FP069.13340,2018,out_of_scope_geo
GCF.document.FP069_13340.18182,"Enhancing adaptive capacities of coastal communities, especially women, to cope with climate change induced salinity — 2023 Annual Performance Report for FP069: Enhancing adaptive capacities of coastal communities, especially women, to cope with climate change induced salinity",https://cdn.climatepolicyradar.org/navigator/BGD/2018/enhancing-adaptive-capacities-of-coastal-communities-especially-women-to-cope-with-climate-change-induced-salinity_abdba1b96ec1cce8983498d55fed0b0f.pdf,2018-03-01T00:00:00Z,Performance report,BGD,FP069,https://climateprojectexplorer.org/document/enhancing-adaptive-capacities-of-coastal-communities-especially-women-to-cope-with-climate-change-induced-salinity_2a84,https://www.greenclimate.fund/sites/default/files/document/fp069-annual-performance-report-cy2023.pdf,application/pdf,abdba1b96ec1cce8983498d55fed0b0f,GCF.family.FP069.13340,2018,out_of_scope_geo
GCF.document.FP069_13340.21087,"Enhancing adaptive capacities of coastal communities, especially women, to cope with climate change induced salinity — 2024 Annual Performance Report for FP069: Enhancing adaptive capacities of coastal communities, especially women, to cope with climate change induced salinity",https://cdn.climatepolicyradar.org/navigator/BGD/2018/enhancing-adaptive-capacities-of-coastal-communities-especially-women-to-cope-with-climate-change-induced-salinity_3e76b8b63f0552ee91ac8d0dd9128717.pdf,2018-03-01T00:00:00Z,Performance report,BGD,FP069,https://climateprojectexplorer.org/document/enhancing-adaptive-capacities-of-coastal-communities-especially-women-to-cope-with-climate-change-induced-salinity_2a84,https://www.greenclimate.fund/sites/default/files/document/fp069-50775-annual-performance-report-cy2024-v2.pdf,application/pdf,3e76b8b63f0552ee91ac8d0dd9128717,GCF.family.FP069.13340,2018,out_of_scope_geo
GCF.document.FP069_13340.21528,"Enhancing adaptive capacities of coastal communities, especially women, to cope with climate change induced salinity — Interim evaluation report for FP069: Enhancing adaptive capacities of coastal communities, especially women, to cope with climate change induced salinity",https://cdn.climatepolicyradar.org/navigator/BGD/2018/enhancing-adaptive-capacities-of-coastal-communities-especially-women-to-cope-with-climate-change-induced-salinity_362ccfcae7d84ba9d65c2791d376b178.pdf,2018-03-01T00:00:00Z,"Interim evaluation report for FP069: Enhancing adaptive capacities of coastal communities, especially women, to cope with climate change induced salinity",BGD,FP069,https://climateprojectexplorer.org/document/enhancing-adaptive-capacities-of-coastal-communities-especially-women-to-cope-with-climate-change-induced-salinity_2a84,https://www.greenclimate.fund/sites/default/files/document/fp069-interim-evaluation-report-pub.pdf,application/pdf,362ccfcae7d84ba9d65c2791d376b178,GCF.family.FP069.13340,2018,out_of_scope_geo
GCF.document.FP022_14350.14646,Development of arganiculture orchards in degraded environment (DARED) — 2018 Annual Performance Report for FP022: Development of arganiculture orchards in degraded environment (DARED),https://cdn.climatepolicyradar.org/navigator/MAR/2016/development-of-arganiculture-orchards-in-degraded-environment-dared_f8f86d66995cc24ce5a9bf819f8c380d.pdf,2016-10-14T00:00:00Z,Performance report,MAR,FP022,https://climateprojectexplorer.org/document/development-of-arganiculture-orchards-in-degraded-environment-dared_7421,https://www.greenclimate.fund/sites/default/files/document/2018apr-fp022.pdf,application/pdf,f8f86d66995cc24ce5a9bf819f8c380d,GCF.family.FP022.14350,2016,parked_progress
GCF.document.FP022_14350.14649,Development of arganiculture orchards in degraded environment (DARED) — 2019 Annual Performance Report for FP022: Development of arganiculture orchards in degraded environment (DARED),https://cdn.climatepolicyradar.org/navigator/MAR/2016/development-of-arganiculture-orchards-in-degraded-environment-dared_085010069f49bc2b49eb1f4e5a90ea99.pdf,2016-10-14T00:00:00Z,Performance report,MAR,FP022,https://climateprojectexplorer.org/document/development-of-arganiculture-orchards-in-degraded-environment-dared_7421,https://www.greenclimate.fund/sites/default/files/document/2019apr-fp022.pdf,application/pdf,085010069f49bc2b49eb1f4e5a90ea99,GCF.family.FP022.14350,2016,parked_progress
GCF.document.FP022_14350.14951,Development of arganiculture orchards in degraded environment (DARED) — 2021 Annual Performance Report for FP022: Development of arganiculture orchards in degraded environment (DARED),https://cdn.climatepolicyradar.org/navigator/MAR/2016/development-of-arganiculture-orchards-in-degraded-environment-dared_4bbe799720eeb8dde8c9199b44c335fd.pdf,2016-10-14T00:00:00Z,Performance report,MAR,FP022,https://climateprojectexplorer.org/document/development-of-arganiculture-orchards-in-degraded-environment-dared_7421,https://www.greenclimate.fund/sites/default/files/document/fp022-annual-performance-report-cy2021-v.pdf,application/pdf,4bbe799720eeb8dde8c9199b44c335fd,GCF.family.FP022.14350,2016,parked_progress
GCF.document.FP022_14350.6298,Development of arganiculture orchards in degraded environment (DARED) — Development of Argan orchards in Degraded Environment (DARED),https://cdn.climatepolicyradar.org/navigator/MAR/2016/development-of-arganiculture-orchards-in-degraded-environment-dared_006878c8517302be149b0a77b62e595c.pdf,2016-10-14T00:00:00Z,Development of Argan orchards in Degraded Environment (DARED),MAR,FP022,https://climateprojectexplorer.org/document/development-of-arganiculture-orchards-in-degraded-environment-dared_7421,https://www.greenclimate.fund/sites/default/files/document/funding-proposal-fp022-ada-morocco.pdf,application/pdf,006878c8517302be149b0a77b62e595c,GCF.family.FP022.14350,2016,parked
GCF.document.FP022_14350.16363,Development of arganiculture orchards in degraded environment (DARED) — 2022 Annual Performance Report for FP022: Development of arganiculture orchards in degraded environment (DARED),https://cdn.climatepolicyradar.org/navigator/MAR/2016/development-of-arganiculture-orchards-in-degraded-environment-dared_dc4b87d338dd8fcbd1a790d73476c437.pdf,2016-10-14T00:00:00Z,Performance report,MAR,FP022,https://climateprojectexplorer.org/document/development-of-arganiculture-orchards-in-degraded-environment-dared_7421,https://www.greenclimate.fund/sites/default/files/document/fp022-annual-performance-report-cy2022-v.pdf,application/pdf,dc4b87d338dd8fcbd1a790d73476c437,GCF.family.FP022.14350,2016,parked_progress
GCF.document.FP022_14350.12622,Development of arganiculture orchards in degraded environment (DARED) — 2020 Annual Performance Report for FP022: Development of arganiculture orchards in degraded environment (DARED),https://cdn.climatepolicyradar.org/navigator/MAR/2016/development-of-arganiculture-orchards-in-degraded-environment-dared_6325cc05b35abaf6aaf0849968d05781.pdf,2016-10-14T00:00:00Z,Performance report,MAR,FP022,https://climateprojectexplorer.org/document/development-of-arganiculture-orchards-in-degraded-environment-dared_7421,https://www.greenclimate.fund/sites/default/files/document/fp022-annual-performance-report-cy2020.pdf,application/pdf,6325cc05b35abaf6aaf0849968d05781,GCF.family.FP022.14350,2016,parked_progress
GCF.document.FP022_14350.21237,Development of arganiculture orchards in degraded environment (DARED) — Interim evaluation report for FP022: Development of arganiculture orchards in degraded environment (DARED),https://cdn.climatepolicyradar.org/navigator/MAR/2016/development-of-arganiculture-orchards-in-degraded-environment-dared_d16e493597631fca4d7b063bc3d50147.pdf,2016-10-14T00:00:00Z,Interim evaluation report for FP022: Development of arganiculture orchards in degraded environment (DARED),MAR,FP022,https://climateprojectexplorer.org/document/development-of-arganiculture-orchards-in-degraded-environment-dared_7421,https://www.greenclimate.fund/sites/default/files/document/fp022-interim-evaluation-report-pub.pdf,application/pdf,d16e493597631fca4d7b063bc3d50147,GCF.family.FP022.14350,2016,parked
GCF.document.FP022_14350.21072,Development of arganiculture orchards in degraded environment (DARED) — 2024 Annual Performance Report for FP022: Development of arganiculture orchards in degraded environment (DARED),https://cdn.climatepolicyradar.org/navigator/MAR/2016/development-of-arganiculture-orchards-in-degraded-environment-dared_473c4faaa5f2403b046be733dc9a0c48.pdf,2016-10-14T00:00:00Z,Performance report,MAR,FP022,https://climateprojectexplorer.org/document/development-of-arganiculture-orchards-in-degraded-environment-dared_7421,https://www.greenclimate.fund/sites/default/files/document/fp022-50737-annual-performance-report-cy2024-v5.pdf,application/pdf,473c4faaa5f2403b046be733dc9a0c48,GCF.family.FP022.14350,2016,parked_progress
GCF.document.SAP015_22670.11399,Promoting zero-deforestation cocoa production for reducing emissions in Côte d’Ivoire (PROMIRE) — Promoting zero-deforestation cocoa production for reducing emissions in Côte d’Ivoire (PROMIRE),https://cdn.climatepolicyradar.org/navigator/CIV/2020/promoting-zero-deforestation-cocoa-production-for-reducing-emissions-in-cote-divoire-promire_05689878ac5ed09f905a11b20d7f2859.pdf,2020-08-21T00:00:00Z,Promoting zero-deforestation cocoa production for reducing emissions in Côte d’Ivoire (PROMIRE),CIV,SAP015,https://climateprojectexplorer.org/document/promoting-zero-deforestation-cocoa-production-for-reducing-emissions-in-cote-divoire-promire_3325,https://www.greenclimate.fund/sites/default/files/document/sap015-fao-cote-divoire.pdf,application/pdf,05689878ac5ed09f905a11b20d7f2859,GCF.family.SAP015.22670,2020,parked
GCF.document.SAP015_22670.11431,Promoting zero-deforestation cocoa production for reducing emissions in Côte d’Ivoire (PROMIRE) — Gender assessment for SAP015: Promoting zero-deforestation cocoa production for reducing emissions in Côte d’Ivoire (PROMIRE),https://cdn.climatepolicyradar.org/navigator/CIV/2020/promoting-zero-deforestation-cocoa-production-for-reducing-emissions-in-cote-divoire-promire_6addf6ccf7663a617cb0644ff270e020.pdf,2020-08-21T00:00:00Z,Gender assessment for SAP015: Promoting zero-deforestation cocoa production for reducing emissions in Côte d’Ivoire (PROMIRE),CIV,SAP015,https://climateprojectexplorer.org/document/promoting-zero-deforestation-cocoa-production-for-reducing-emissions-in-cote-divoire-promire_3325,https://www.greenclimate.fund/sites/default/files/document/sap015-gender-assessment.pdf,application/pdf,6addf6ccf7663a617cb0644ff270e020,GCF.family.SAP015.22670,2020,parked
GCF.document.SAP015_22670.11430,Promoting zero-deforestation cocoa production for reducing emissions in Côte d’Ivoire (PROMIRE) — Gender action plan for SAP015: Promoting zero-deforestation cocoa production for reducing emissions in Côte d’Ivoire (PROMIRE),https://cdn.climatepolicyradar.org/navigator/CIV/2020/promoting-zero-deforestation-cocoa-production-for-reducing-emissions-in-cote-divoire-promire_b8d327cf84fa8e04287fa2791f608dfe.pdf,2020-08-21T00:00:00Z,Gender action plan for SAP015: Promoting zero-deforestation cocoa production for reducing emissions in Côte d’Ivoire (PROMIRE),CIV,SAP015,https://climateprojectexplorer.org/document/promoting-zero-deforestation-cocoa-production-for-reducing-emissions-in-cote-divoire-promire_3325,https://www.greenclimate.fund/sites/default/files/document/sap015-gender-action-plan.pdf,application/pdf,b8d327cf84fa8e04287fa2791f608dfe,GCF.family.SAP015.22670,2020,parked
GCF.document.SAP015_22670.14956,Promoting zero-deforestation cocoa production for reducing emissions in Côte d’Ivoire (PROMIRE) — 2021 Annual Performance Report for SAP015: Promoting zero-deforestation cocoa production for reducing emissions in Côte d’Ivoire (PROMIRE),https://cdn.climatepolicyradar.org/navigator/CIV/2020/promoting-zero-deforestation-cocoa-production-for-reducing-emissions-in-cote-divoire-promire_0e759fde512ef12771d196540ea9b0c0.pdf,2020-08-21T00:00:00Z,Performance report,CIV,SAP015,https://climateprojectexplorer.org/document/promoting-zero-deforestation-cocoa-production-for-reducing-emissions-in-cote-divoire-promire_3325,https://www.greenclimate.fund/sites/default/files/document/sap015-annual-performance-report-cy2021-v.pdf,application/pdf,0e759fde512ef12771d196540ea9b0c0,GCF.family.SAP015.22670,2020,parked_progress
GCF.document.SAP015_22670.15848,Promoting zero-deforestation cocoa production for reducing emissions in Côte d’Ivoire (PROMIRE) — 2022 Annual Performance Report for SAP015: Promoting zero-deforestation cocoa production for reducing emissions in Côte d’Ivoire (PROMIRE),https://cdn.climatepolicyradar.org/navigator/CIV/2020/promoting-zero-deforestation-cocoa-production-for-reducing-emissions-in-cote-divoire-promire_f716a945bc02618a92486d48ba681dbf.pdf,2020-08-21T00:00:00Z,Performance report,CIV,SAP015,https://climateprojectexplorer.org/document/promoting-zero-deforestation-cocoa-production-for-reducing-emissions-in-cote-divoire-promire_3325,https://www.greenclimate.fund/sites/default/files/document/sap015-annual-performance-report-cy2022-v.pdf,application/pdf,f716a945bc02618a92486d48ba681dbf,GCF.family.SAP015.22670,2020,parked_progress
GCF.document.SAP015_22670.21190,Promoting zero-deforestation cocoa production for reducing emissions in Côte d’Ivoire (PROMIRE) — 2024 Annual Performance Report for SAP015: Promoting zero-deforestation cocoa production for reducing emissions in Côte d’Ivoire (PROMIRE),https://cdn.climatepolicyradar.org/navigator/CIV/2020/promoting-zero-deforestation-cocoa-production-for-reducing-emissions-in-cote-divoire-promire_5163e06ea752ae2671364d03fb682a41.pdf,2020-08-21T00:00:00Z,Performance report,CIV,SAP015,https://climateprojectexplorer.org/document/promoting-zero-deforestation-cocoa-production-for-reducing-emissions-in-cote-divoire-promire_3325,https://www.greenclimate.fund/sites/default/files/document/sap015-50931-annual-performance-report-cy2024-v3.pdf,application/pdf,5163e06ea752ae2671364d03fb682a41,GCF.family.SAP015.22670,2020,parked_progress
GCF.document.SAP015_22670.21256,Promoting zero-deforestation cocoa production for reducing emissions in Côte d’Ivoire (PROMIRE) — Interim evaluation report for SAP015: Promoting zero-deforestation cocoa production for reducing emissions in Côte d’Ivoire (PROMIRE),https://cdn.climatepolicyradar.org/navigator/CIV/2020/promoting-zero-deforestation-cocoa-production-for-reducing-emissions-in-cote-divoire-promire_51bead4b16fe9aea4657ec20c9b5e58a.pdf,2020-08-21T00:00:00Z,Interim evaluation report for SAP015: Promoting zero-deforestation cocoa production for reducing emissions in Côte d’Ivoire (PROMIRE),CIV,SAP015,https://climateprojectexplorer.org/document/promoting-zero-deforestation-cocoa-production-for-reducing-emissions-in-cote-divoire-promire_3325,https://www.greenclimate.fund/sites/default/files/document/sap015-interim-evaluation-report-pub.pdf,application/pdf,51bead4b16fe9aea4657ec20c9b5e58a,GCF.family.SAP015.22670,2020,parked
GCF.document.SAP015_22670.20046,Promoting zero-deforestation cocoa production for reducing emissions in Côte d’Ivoire (PROMIRE) — 2023 Annual Performance Report for SAP015: Promoting zero-deforestation cocoa production for reducing emissions in Côte d’Ivoire (PROMIRE),https://cdn.climatepolicyradar.org/navigator/CIV/2020/promoting-zero-deforestation-cocoa-production-for-reducing-emissions-in-cote-divoire-promire_f638f2b267b7e5882264ce183bba77f0.pdf,2020-08-21T00:00:00Z,Performance report,CIV,SAP015,https://climateprojectexplorer.org/document/promoting-zero-deforestation-cocoa-production-for-reducing-emissions-in-cote-divoire-promire_3325,https://www.greenclimate.fund/sites/default/files/document/sap015-annual-performance-report-cy2023.pdf,application/pdf,f638f2b267b7e5882264ce183bba77f0,GCF.family.SAP015.22670,2020,parked_progress
GCF.document.SAP002_14880.5557,Climate services and diversification of climate sensitive livelihoods to empower food insecure and vulnerable communities in the Kyrgyz Republic. — Climate services and diversification of climate sensitive livelihoods to empower food insecure and vulnerable communities in Kyrgyzstan,https://cdn.climatepolicyradar.org/navigator/KGZ/2018/climate-services-and-diversification-of-climate-sensitive-livelihoods-to-empower-food-insecure-and-vulnerable-communities-in-the-kyrgyz-republic_84689fd1602e9b526f966b8dae5134f2.pdf,2018-09-01T00:00:00Z,Climate services and diversification of climate sensitive livelihoods to empower food insecure and vulnerable communities in Kyrgyzstan,KGZ,SAP002,https://climateprojectexplorer.org/document/climate-services-and-diversification-of-climate-sensitive-livelihoods-to-empower-food-insecure-and-vulnerable-communities-in-the-kyrgyz-republic_c7dc,https://www.greenclimate.fund/sites/default/files/document/funding-proposal-sap002-wfp-kyrgyzstan.pdf,application/pdf,84689fd1602e9b526f966b8dae5134f2,GCF.family.SAP002.14880,2018,out_of_scope_geo
GCF.document.SAP002_14880.5762,Climate services and diversification of climate sensitive livelihoods to empower food insecure and vulnerable communities in the Kyrgyz Republic. — Gender assessment for SAP002: Climate services and diversification of climate sensitive livelihoods to empower food insecure and vulnerable communities in the Kyrgyz Republic.,https://cdn.climatepolicyradar.org/navigator/KGZ/2018/climate-services-and-diversification-of-climate-sensitive-livelihoods-to-empower-food-insecure-and-vulnerable-communities-in-the-kyrgyz-republic_f0702f935d4bd3573bf3db17d13978fb.pdf,2018-09-01T00:00:00Z,Gender assessment for SAP002: Climate services and diversification of climate sensitive livelihoods to empower food insecure and vulnerable communities in the Kyrgyz Republic.,KGZ,SAP002,https://climateprojectexplorer.org/document/climate-services-and-diversification-of-climate-sensitive-livelihoods-to-empower-food-insecure-and-vulnerable-communities-in-the-kyrgyz-republic_c7dc,https://www.greenclimate.fund/sites/default/files/document/gender-assessment-sap002-wfp-kyrgyz-republic.pdf,application/pdf,f0702f935d4bd3573bf3db17d13978fb,GCF.family.SAP002.14880,2018,out_of_scope_geo
GCF.document.SAP002_14880.5759,Climate services and diversification of climate sensitive livelihoods to empower food insecure and vulnerable communities in the Kyrgyz Republic. — Gender action plan for SAP002: Climate services and diversification of climate sensitive livelihoods to empower food insecure and vulnerable communities in the Kyrgyz Republic.,https://cdn.climatepolicyradar.org/navigator/KGZ/2018/climate-services-and-diversification-of-climate-sensitive-livelihoods-to-empower-food-insecure-and-vulnerable-communities-in-the-kyrgyz-republic_8619994529b68ad2ab30dab9f4e141e1.pdf,2018-09-01T00:00:00Z,Gender action plan for SAP002: Climate services and diversification of climate sensitive livelihoods to empower food insecure and vulnerable communities in the Kyrgyz Republic.,KGZ,SAP002,https://climateprojectexplorer.org/document/climate-services-and-diversification-of-climate-sensitive-livelihoods-to-empower-food-insecure-and-vulnerable-communities-in-the-kyrgyz-republic_c7dc,https://www.greenclimate.fund/sites/default/files/document/gender-action-plan-sap002-wfp-kyrgyz-republic.pdf,application/pdf,8619994529b68ad2ab30dab9f4e141e1,GCF.family.SAP002.14880,2018,out_of_scope_geo
GCF.document.SAP002_14880.15843,Climate services and diversification of climate sensitive livelihoods to empower food insecure and vulnerable communities in the Kyrgyz Republic. — 2022 Annual Performance Report for SAP002: Climate services and diversification of climate sensitive livelihoods to empower food insecure and vulnerable communities in the Kyrgyz Republic.,https://cdn.climatepolicyradar.org/navigator/KGZ/2018/climate-services-and-diversification-of-climate-sensitive-livelihoods-to-empower-food-insecure-and-vulnerable-communities-in-the-kyrgyz-republic_510d7a6848a57c731a0984375d851ec7.pdf,2018-09-01T00:00:00Z,Performance report,KGZ,SAP002,https://climateprojectexplorer.org/document/climate-services-and-diversification-of-climate-sensitive-livelihoods-to-empower-food-insecure-and-vulnerable-communities-in-the-kyrgyz-republic_c7dc,https://www.greenclimate.fund/sites/default/files/document/sap002-annual-performance-report-cy2022-v.pdf,application/pdf,510d7a6848a57c731a0984375d851ec7,GCF.family.SAP002.14880,2018,out_of_scope_geo
GCF.document.SAP002_14880.17456,Climate services and diversification of climate sensitive livelihoods to empower food insecure and vulnerable communities in the Kyrgyz Republic. — 2023 Annual Performance Report for SAP002: Climate services and diversification of climate sensitive livelihoods to empower food insecure and vulnerable communities in the Kyrgyz Republic,https://cdn.climatepolicyradar.org/navigator/KGZ/2018/climate-services-and-diversification-of-climate-sensitive-livelihoods-to-empower-food-insecure-and-vulnerable-communities-in-the-kyrgyz-republic_8cd95ad93f3cbe583c7c30b0c0c2e5cb.pdf,2018-09-01T00:00:00Z,Performance report,KGZ,SAP002,https://climateprojectexplorer.org/document/climate-services-and-diversification-of-climate-sensitive-livelihoods-to-empower-food-insecure-and-vulnerable-communities-in-the-kyrgyz-republic_c7dc,https://www.greenclimate.fund/sites/default/files/document/sap002-annual-performance-report-cy2023.pdf,application/pdf,8cd95ad93f3cbe583c7c30b0c0c2e5cb,GCF.family.SAP002.14880,2018,out_of_scope_geo
GCF.document.SAP002_14880.21182,Climate services and diversification of climate sensitive livelihoods to empower food insecure and vulnerable communities in the Kyrgyz Republic. — 2024 Annual Performance Report for SAP002: Climate services and diversification of climate sensitive livelihoods to empower food insecure and vulnerable communities in the Kyrgyz Republic.,https://cdn.climatepolicyradar.org/navigator/KGZ/2018/climate-services-and-diversification-of-climate-sensitive-livelihoods-to-empower-food-insecure-and-vulnerable-communities-in-the-kyrgyz-republic_7969bddbe96877d3de120f7881d3e629.pdf,2018-09-01T00:00:00Z,Performance report,KGZ,SAP002,https://climateprojectexplorer.org/document/climate-services-and-diversification-of-climate-sensitive-livelihoods-to-empower-food-insecure-and-vulnerable-communities-in-the-kyrgyz-republic_c7dc,https://www.greenclimate.fund/sites/default/files/document/sap002-50918-annual-performance-report-cy2024-v3.pdf,application/pdf,7969bddbe96877d3de120f7881d3e629,GCF.family.SAP002.14880,2018,out_of_scope_geo
GCF.document.SAP002_14880.21540,Climate services and diversification of climate sensitive livelihoods to empower food insecure and vulnerable communities in the Kyrgyz Republic. — Interim evaluation report for SAP002: Climate services and diversification of climate sensitive livelihoods to empower food insecure and vulnerable communities in the Kyrgyz Republic.,https://cdn.climatepolicyradar.org/navigator/KGZ/2018/climate-services-and-diversification-of-climate-sensitive-livelihoods-to-empower-food-insecure-and-vulnerable-communities-in-the-kyrgyz-republic_00d14560cd87baa56b847b683ae54b21.pdf,2018-09-01T00:00:00Z,Interim evaluation report for SAP002: Climate services and diversification of climate sensitive livelihoods to empower food insecure and vulnerable communities in the Kyrgyz Republic.,KGZ,SAP002,https://climateprojectexplorer.org/document/climate-services-and-diversification-of-climate-sensitive-livelihoods-to-empower-food-insecure-and-vulnerable-communities-in-the-kyrgyz-republic_c7dc,https://www.greenclimate.fund/sites/default/files/document/sap002-interim-evaluation-report-pub.pdf,application/pdf,00d14560cd87baa56b847b683ae54b21,GCF.family.SAP002.14880,2018,out_of_scope_geo
GCF.document.FP021_13840.6149,Senegal Integrated Urban Flood Management Project — Gender assessment for FP021: Senegal Integrated Urban Flood Management Project,https://cdn.climatepolicyradar.org/navigator/SEN/2016/senegal-integrated-urban-flood-management-project_69c42e54c6e8fb10e46e4150529537b3.pdf,2016-10-14T00:00:00Z,Gender assessment for FP021: Senegal Integrated Urban Flood Management Project,SEN,FP021,https://climateprojectexplorer.org/document/senegal-integrated-urban-flood-management-project_79de,https://www.greenclimate.fund/sites/default/files/document/gender-assessment-fp021-afd-senegal.pdf,application/pdf,69c42e54c6e8fb10e46e4150529537b3,GCF.family.FP021.13840,2016,parked
GCF.document.FP021_13840.11569,Senegal Integrated Urban Flood Management Project — 2019 Annual Performance Report for FP021: Senegal Integrated Urban Flood Management Project (SIUFMP),https://cdn.climatepolicyradar.org/navigator/SEN/2016/senegal-integrated-urban-flood-management-project_b51e7bd9d666f2ca1b85bcd032b133f1.pdf,2016-10-14T00:00:00Z,Performance report,SEN,FP021,https://climateprojectexplorer.org/document/senegal-integrated-urban-flood-management-project_79de,https://www.greenclimate.fund/sites/default/files/document/fp021-2019apr.pdf,application/pdf,b51e7bd9d666f2ca1b85bcd032b133f1,GCF.family.FP021.13840,2016,parked_progress
GCF.document.FP021_13840.14699,Senegal Integrated Urban Flood Management Project — 2018 Annual Performance Report for FP021: Senegal Integrated Urban Flood Management Project (SIUFMP),https://cdn.climatepolicyradar.org/navigator/SEN/2016/senegal-integrated-urban-flood-management-project_7a127889c36bef7c78c2da2b5beea919.pdf,2016-10-14T00:00:00Z,Performance report,SEN,FP021,https://climateprojectexplorer.org/document/senegal-integrated-urban-flood-management-project_79de,https://www.greenclimate.fund/sites/default/files/document/2018apr-fp021.pdf,application/pdf,7a127889c36bef7c78c2da2b5beea919,GCF.family.FP021.13840,2016,parked_progress
GCF.document.FP021_13840.13430,Senegal Integrated Urban Flood Management Project — 2020 Annual Performance Report for FP021: Senegal Integrated Urban Flood Management Project,https://cdn.climatepolicyradar.org/navigator/SEN/2016/senegal-integrated-urban-flood-management-project_40572c8a04e469eefbe44e372412144e.pdf,2016-10-14T00:00:00Z,Performance report,SEN,FP021,https://climateprojectexplorer.org/document/senegal-integrated-urban-flood-management-project_79de,https://www.greenclimate.fund/sites/default/files/document/fp021-annual-performance-report-2020.pdf,application/pdf,40572c8a04e469eefbe44e372412144e,GCF.family.FP021.13840,2016,parked_progress
GCF.document.FP021_13840.6299,Senegal Integrated Urban Flood Management Project — Senegal integrated urban flood management project,https://cdn.climatepolicyradar.org/navigator/SEN/2016/senegal-integrated-urban-flood-management-project_5021f6d440e6d789fdd3f34cda061025.pdf,2016-10-14T00:00:00Z,Senegal integrated urban flood management project,SEN,FP021,https://climateprojectexplorer.org/document/senegal-integrated-urban-flood-management-project_79de,https://www.greenclimate.fund/sites/default/files/document/funding-proposal-fp021-afd-senegal.pdf,application/pdf,5021f6d440e6d789fdd3f34cda061025,GCF.family.FP021.13840,2016,parked
GCF.document.FP021_13840.15853,Senegal Integrated Urban Flood Management Project — 2022 Annual Performance Report for FP021: Senegal Integrated Urban Flood Management Project,https://cdn.climatepolicyradar.org/navigator/SEN/2016/senegal-integrated-urban-flood-management-project_ca1eeb9a6c5134a3758170b31ff47516.pdf,2016-10-14T00:00:00Z,Performance report,SEN,FP021,https://climateprojectexplorer.org/document/senegal-integrated-urban-flood-management-project_79de,https://www.greenclimate.fund/sites/default/files/document/cy2022-apr-fp021-disclosable-version.pdf,application/pdf,ca1eeb9a6c5134a3758170b31ff47516,GCF.family.FP021.13840,2016,parked_progress
GCF.document.FP021_13840.17515,Senegal Integrated Urban Flood Management Project — 2023 Annual Performance Report for FP021: Senegal Integrated Urban Flood Management Project,https://cdn.climatepolicyradar.org/navigator/SEN/2016/senegal-integrated-urban-flood-management-project_00992acdaf3346e54586ffeef9a8ef72.pdf,2016-10-14T00:00:00Z,Performance report,SEN,FP021,https://climateprojectexplorer.org/document/senegal-integrated-urban-flood-management-project_79de,https://www.greenclimate.fund/sites/default/files/document/fp021-annual-performance-report-cy2023-disclosable-section.pdf,application/pdf,00992acdaf3346e54586ffeef9a8ef72,GCF.family.FP021.13840,2016,parked_progress
GCF.document.FP021_13840.21071,Senegal Integrated Urban Flood Management Project — 2024 Annual Performance Report for FP021: Senegal Integrated Urban Flood Management Project,https://cdn.climatepolicyradar.org/navigator/SEN/2016/senegal-integrated-urban-flood-management-project_bf3e4ef0476945dd23321c71d5665f21.pdf,2016-10-14T00:00:00Z,Performance report,SEN,FP021,https://climateprojectexplorer.org/document/senegal-integrated-urban-flood-management-project_79de,https://www.greenclimate.fund/sites/default/files/document/fp021-50736-annual-performance-report-cy2024-v4.pdf,application/pdf,bf3e4ef0476945dd23321c71d5665f21,GCF.family.FP021.13840,2016,parked_progress
GCF.document.FP021_13840.21588,Senegal Integrated Urban Flood Management Project — Interim evaluation report for FP021: Senegal Integrated Urban Flood Management Project,https://cdn.climatepolicyradar.org/navigator/SEN/2016/senegal-integrated-urban-flood-management-project_81075158837dfa026283086b7bf41325.pdf,2016-10-14T00:00:00Z,Interim evaluation report for FP021: Senegal Integrated Urban Flood Management Project,SEN,FP021,https://climateprojectexplorer.org/document/senegal-integrated-urban-flood-management-project_79de,https://www.greenclimate.fund/sites/default/files/document/fp021-interim-evaluation-report-pub.pdf,application/pdf,81075158837dfa026283086b7bf41325,GCF.family.FP021.13840,2016,parked
GCF.document.FP042_13850.6327,Irrigation development and adaptation of irrigated agriculture to climate change in semi-arid Morocco — Irrigation development and adaptation of irrigated agriculture to climate change in semi-arid Morocco,https://cdn.climatepolicyradar.org/navigator/MAR/2017/irrigation-development-and-adaptation-of-irrigated-agriculture-to-climate-change-in-semi-arid-morocco_e40e37e78b871525b2885ec5b6486a28.pdf,2017-04-06T00:00:00Z,Irrigation development and adaptation of irrigated agriculture to climate change in semi-arid Morocco,MAR,FP042,https://climateprojectexplorer.org/document/irrigation-development-and-adaptation-of-irrigated-agriculture-to-climate-change-in-semi-arid-morocco_10d4,https://www.greenclimate.fund/sites/default/files/document/funding-proposal-fp042-afd-morocco.pdf,application/pdf,e40e37e78b871525b2885ec5b6486a28,GCF.family.FP042.13850,2017,parked
GCF.document.FP042_13850.12467,Irrigation development and adaptation of irrigated agriculture to climate change in semi-arid Morocco — Gender action plan for FP042: Irrigation Development and Adaptation of Irrigated Agriculture to Climate Change in Semi-Arid Morrocco,https://cdn.climatepolicyradar.org/navigator/MAR/2017/irrigation-development-and-adaptation-of-irrigated-agriculture-to-climate-change-in-semi-arid-morocco_6a647cbaba64f554ab8e10f7b5ad3a46.pdf,2017-04-06T00:00:00Z,Gender action plan for FP042: Irrigation Development and Adaptation of Irrigated Agriculture to Climate Change in Semi-Arid Morrocco,MAR,FP042,https://climateprojectexplorer.org/document/irrigation-development-and-adaptation-of-irrigated-agriculture-to-climate-change-in-semi-arid-morocco_10d4,https://www.greenclimate.fund/sites/default/files/document/fp042-gender-action-plan.pdf,application/pdf,6a647cbaba64f554ab8e10f7b5ad3a46,GCF.family.FP042.13850,2017,parked
GCF.document.FP042_13850.11570,Irrigation development and adaptation of irrigated agriculture to climate change in semi-arid Morocco — 2019 Annual Performance Report for FP042: Irrigation development and adaptation of irrigated agriculture to climate change in semi-arid Morocco,https://cdn.climatepolicyradar.org/navigator/MAR/2017/irrigation-development-and-adaptation-of-irrigated-agriculture-to-climate-change-in-semi-arid-morocco_40f3b8540c6310e3e5e9781a72a57ecb.pdf,2017-04-06T00:00:00Z,Performance report,MAR,FP042,https://climateprojectexplorer.org/document/irrigation-development-and-adaptation-of-irrigated-agriculture-to-climate-change-in-semi-arid-morocco_10d4,https://www.greenclimate.fund/sites/default/files/document/fp042-2019apr.pdf,application/pdf,40f3b8540c6310e3e5e9781a72a57ecb,GCF.family.FP042.13850,2017,parked_progress
GCF.document.FP042_13850.13432,Irrigation development and adaptation of irrigated agriculture to climate change in semi-arid Morocco — 2020 Annual Performance Report for FP042: Irrigation development and adaptation of irrigated agriculture to climate change in semi-arid Morocco,https://cdn.climatepolicyradar.org/navigator/MAR/2017/irrigation-development-and-adaptation-of-irrigated-agriculture-to-climate-change-in-semi-arid-morocco_5a7ab884d4f582c1212a226088336afa.pdf,2017-04-06T00:00:00Z,Performance report,MAR,FP042,https://climateprojectexplorer.org/document/irrigation-development-and-adaptation-of-irrigated-agriculture-to-climate-change-in-semi-arid-morocco_10d4,https://www.greenclimate.fund/sites/default/files/document/fp042-annual-performance-report-2020.pdf,application/pdf,5a7ab884d4f582c1212a226088336afa,GCF.family.FP042.13850,2017,parked_progress
GCF.document.FP042_13850.6145,Irrigation development and adaptation of irrigated agriculture to climate change in semi-arid Morocco — Gender assessment for FP042: Irrigation development and adaptation of irrigated agriculture to climate change in semi-arid Morocco,https://cdn.climatepolicyradar.org/navigator/MAR/2017/irrigation-development-and-adaptation-of-irrigated-agriculture-to-climate-change-in-semi-arid-morocco_0a6c5f916ff30b625d6eade7efc66996.pdf,2017-04-06T00:00:00Z,Gender assessment for FP042: Irrigation development and adaptation of irrigated agriculture to climate change in semi-arid Morocco,MAR,FP042,https://climateprojectexplorer.org/document/irrigation-development-and-adaptation-of-irrigated-agriculture-to-climate-change-in-semi-arid-morocco_10d4,https://www.greenclimate.fund/sites/default/files/document/gender-assessment-fp042-afd-morocco.pdf,application/pdf,0a6c5f916ff30b625d6eade7efc66996,GCF.family.FP042.13850,2017,parked
GCF.document.FP042_13850.16373,Irrigation development and adaptation of irrigated agriculture to climate change in semi-arid Morocco — 2022 Annual Performance Report for FP042: Irrigation development and adaptation of irrigated agriculture to climate change in semi-arid Morocco,https://cdn.climatepolicyradar.org/navigator/MAR/2017/irrigation-development-and-adaptation-of-irrigated-agriculture-to-climate-change-in-semi-arid-morocco_6add0d829d52a04d3a60e7eb5390a2c2.pdf,2017-04-06T00:00:00Z,Performance report,MAR,FP042,https://climateprojectexplorer.org/document/irrigation-development-and-adaptation-of-irrigated-agriculture-to-climate-change-in-semi-arid-morocco_10d4,https://www.greenclimate.fund/sites/default/files/document/disclosable-fp042-annual-performance-report-cy2022-v.pdf,application/pdf,6add0d829d52a04d3a60e7eb5390a2c2,GCF.family.FP042.13850,2017,parked_progress
GCF.document.FP042_13850.20004,Irrigation development and adaptation of irrigated agriculture to climate change in semi-arid Morocco — 2023 Annual Performance Report for FP042: Irrigation development and adaptation of irrigated agriculture to climate change in semi-arid Morocco,https://cdn.climatepolicyradar.org/navigator/MAR/2017/irrigation-development-and-adaptation-of-irrigated-agriculture-to-climate-change-in-semi-arid-morocco_e0e33646aeed659e94d413fb3fa6b1d3.pdf,2017-04-06T00:00:00Z,Performance report,MAR,FP042,https://climateprojectexplorer.org/document/irrigation-development-and-adaptation-of-irrigated-agriculture-to-climate-change-in-semi-arid-morocco_10d4,https://www.greenclimate.fund/sites/default/files/document/fp042-annual-performance-report-cy2023.pdf,application/pdf,e0e33646aeed659e94d413fb3fa6b1d3,GCF.family.FP042.13850,2017,parked_progress
GCF.document.FP042_13850.21075,Irrigation development and adaptation of irrigated agriculture to climate change in semi-arid Morocco — 2024 Annual Performance Report for FP042: Irrigation development and adaptation of irrigated agriculture to climate change in semi-arid Morocco,https://cdn.climatepolicyradar.org/navigator/MAR/2017/irrigation-development-and-adaptation-of-irrigated-agriculture-to-climate-change-in-semi-arid-morocco_043c306a08570970f5a629136e3f1450.pdf,2017-04-06T00:00:00Z,Performance report,MAR,FP042,https://climateprojectexplorer.org/document/irrigation-development-and-adaptation-of-irrigated-agriculture-to-climate-change-in-semi-arid-morocco_10d4,https://www.greenclimate.fund/sites/default/files/document/fp042-50752-annual-performance-report-cy2024-v5.pdf,application/pdf,043c306a08570970f5a629136e3f1450,GCF.family.FP042.13850,2017,parked_progress
GCF.document.FP042_13850.21593,Irrigation development and adaptation of irrigated agriculture to climate change in semi-arid Morocco — Interim evaluation report for FP042: Irrigation development and adaptation of irrigated agriculture to climate change in semi-arid Morocco,https://cdn.climatepolicyradar.org/navigator/MAR/2017/irrigation-development-and-adaptation-of-irrigated-agriculture-to-climate-change-in-semi-arid-morocco_da454ca786777deda973c3d1b25bdd37.pdf,2017-04-06T00:00:00Z,Interim evaluation report for FP042: Irrigation development and adaptation of irrigated agriculture to climate change in semi-arid Morocco,MAR,FP042,https://climateprojectexplorer.org/document/irrigation-development-and-adaptation-of-irrigated-agriculture-to-climate-change-in-semi-arid-morocco_10d4,https://www.greenclimate.fund/sites/default/files/document/fp042-interim-evaluation-report-pub.pdf,application/pdf,da454ca786777deda973c3d1b25bdd37,GCF.family.FP042.13850,2017,parked
GCF.document.SAP005_19070.9964,Enhanced climate resilience of rural communities in central and north Benin through the implementation of ecosystem-based adaptation (EbA) in forest and agricultural landscapes — Gender action plan for SAP005: Enhanced climate resilience of rural communities in central and north Benin through the implementation of ecosystem-based adaptation (EbA) in forest and agricultural landscapes,https://cdn.climatepolicyradar.org/navigator/BEN/2019/enhanced-climate-resilience-of-rural-communities-in-central-and-north-benin-through-the-implementation-of-ecosystem-based-adaptation-eba-in-forest-and-agricultural-landscapes_96657ced6cb964b1aec7961dcd9467ad.pdf,2019-02-28T00:00:00Z,Gender action plan for SAP005: Enhanced climate resilience of rural communities in central and north Benin through the implementation of ecosystem-based adaptation (EbA) in forest and agricultural landscapes,BEN,SAP005,https://climateprojectexplorer.org/document/enhanced-climate-resilience-of-rural-communities-in-central-and-north-benin-through-the-implementation-of-ecosystem-based-adaptation-eba-in-forest-and-agricultural-landscapes_2e32,https://www.greenclimate.fund/sites/default/files/document/gender-action-plan-sap005-unep-benin.pdf,application/pdf,96657ced6cb964b1aec7961dcd9467ad,GCF.family.SAP005.19070,2019,parked
GCF.document.SAP005_19070.11528,Enhanced climate resilience of rural communities in central and north Benin through the implementation of ecosystem-based adaptation (EbA) in forest and agricultural landscapes — 2019 Annual Performance Report for SAP005: Enhanced climate resilience of rural communities in central and north Benin through the implementation of ecosystem-based adaptation (EbA) in forest and agricultural landscapes,https://cdn.climatepolicyradar.org/navigator/BEN/2019/enhanced-climate-resilience-of-rural-communities-in-central-and-north-benin-through-the-implementation-of-ecosystem-based-adaptation-eba-in-forest-and-agricultural-landscapes_91c5f7f4f200838c30d4ba66b60e95b8.pdf,2019-02-28T00:00:00Z,Performance report,BEN,SAP005,https://climateprojectexplorer.org/document/enhanced-climate-resilience-of-rural-communities-in-central-and-north-benin-through-the-implementation-of-ecosystem-based-adaptation-eba-in-forest-and-agricultural-landscapes_2e32,https://www.greenclimate.fund/sites/default/files/document/sap005-2019apr.pdf,application/pdf,91c5f7f4f200838c30d4ba66b60e95b8,GCF.family.SAP005.19070,2019,parked_progress
GCF.document.SAP005_19070.12636,Enhanced climate resilience of rural communities in central and north Benin through the implementation of ecosystem-based adaptation (EbA) in forest and agricultural landscapes — 2020 Annual Performance Report for SAP005: Enhanced climate resilience of rural communities in central and north Benin through the implementation of ecosystem-based adaptation (EbA) in forest and agricultural landscapes,https://cdn.climatepolicyradar.org/navigator/BEN/2019/enhanced-climate-resilience-of-rural-communities-in-central-and-north-benin-through-the-implementation-of-ecosystem-based-adaptation-eba-in-forest-and-agricultural-landscapes_b5028bdb00e838433498e33d0c1c94fe.pdf,2019-02-28T00:00:00Z,Performance report,BEN,SAP005,https://climateprojectexplorer.org/document/enhanced-climate-resilience-of-rural-communities-in-central-and-north-benin-through-the-implementation-of-ecosystem-based-adaptation-eba-in-forest-and-agricultural-landscapes_2e32,https://www.greenclimate.fund/sites/default/files/document/sap005-annual-performance-report-cy2020.pdf,application/pdf,b5028bdb00e838433498e33d0c1c94fe,GCF.family.SAP005.19070,2019,parked_progress
GCF.document.SAP005_19070.14528,Enhanced climate resilience of rural communities in central and north Benin through the implementation of ecosystem-based adaptation (EbA) in forest and agricultural landscapes — 2021 Annual Performance Report for SAP005: Enhanced climate resilience of rural communities in central and north Benin through the implementation of ecosystem-based adaptation (EbA) in forest and agricultural landscapes,https://cdn.climatepolicyradar.org/navigator/BEN/2019/enhanced-climate-resilience-of-rural-communities-in-central-and-north-benin-through-the-implementation-of-ecosystem-based-adaptation-eba-in-forest-and-agricultural-landscapes_6218c1719e839d4bda06d9ecdacdb4d0.pdf,2019-02-28T00:00:00Z,Performance report,BEN,SAP005,https://climateprojectexplorer.org/document/enhanced-climate-resilience-of-rural-communities-in-central-and-north-benin-through-the-implementation-of-ecosystem-based-adaptation-eba-in-forest-and-agricultural-landscapes_2e32,https://www.greenclimate.fund/sites/default/files/document/sap005-annual-performance-report-cy2021.pdf,application/pdf,6218c1719e839d4bda06d9ecdacdb4d0,GCF.family.SAP005.19070,2019,parked_progress
GCF.document.SAP005_19070.5562,Enhanced climate resilience of rural communities in central and north Benin through the implementation of ecosystem-based adaptation (EbA) in forest and agricultural landscapes — Enhanced climate resilience of rural communities in central and north Benin through the implementation of Ecosystem-based Adaptation (EbA) in forest and agricultural landscapes,https://cdn.climatepolicyradar.org/navigator/BEN/2019/enhanced-climate-resilience-of-rural-communities-in-central-and-north-benin-through-the-implementation-of-ecosystem-based-adaptation-eba-in-forest-and-agricultural-landscapes_ad277fc413c33de2f1ea6dd62f84b829.pdf,2019-02-28T00:00:00Z,Enhanced climate resilience of rural communities in central and north Benin through the implementation of Ecosystem-based Adaptation (EbA) in forest and agricultural landscapes,BEN,SAP005,https://climateprojectexplorer.org/document/enhanced-climate-resilience-of-rural-communities-in-central-and-north-benin-through-the-implementation-of-ecosystem-based-adaptation-eba-in-forest-and-agricultural-landscapes_2e32,https://www.greenclimate.fund/sites/default/files/document/funding-proposal-sap005-unep-benin.pdf,application/pdf,ad277fc413c33de2f1ea6dd62f84b829,GCF.family.SAP005.19070,2019,parked
GCF.document.SAP005_19070.15844,Enhanced climate resilience of rural communities in central and north Benin through the implementation of ecosystem-based adaptation (EbA) in forest and agricultural landscapes — 2022 Annual Performance Report for SAP005: Enhanced climate resilience of rural communities in central and north Benin through the implementation of ecosystem-based adaptation (EbA) in forest and agricultural landscapes,https://cdn.climatepolicyradar.org/navigator/BEN/2019/enhanced-climate-resilience-of-rural-communities-in-central-and-north-benin-through-the-implementation-of-ecosystem-based-adaptation-eba-in-forest-and-agricultural-landscapes_b52d1cdb73b4588a6f22c06870c800c1.pdf,2019-02-28T00:00:00Z,Performance report,BEN,SAP005,https://climateprojectexplorer.org/document/enhanced-climate-resilience-of-rural-communities-in-central-and-north-benin-through-the-implementation-of-ecosystem-based-adaptation-eba-in-forest-and-agricultural-landscapes_2e32,https://www.greenclimate.fund/sites/default/files/document/sap005-annual-performance-report-cy2022-v.pdf,application/pdf,b52d1cdb73b4588a6f22c06870c800c1,GCF.family.SAP005.19070,2019,parked_progress
GCF.document.SAP005_19070.9954,Enhanced climate resilience of rural communities in central and north Benin through the implementation of ecosystem-based adaptation (EbA) in forest and agricultural landscapes — Gender assessment for SAP005: Enhanced climate resilience of rural communities in central and north Benin through the implementation of ecosystem-based adaptation (EbA) in forest and agricultural landscapes,https://cdn.climatepolicyradar.org/navigator/BEN/2019/enhanced-climate-resilience-of-rural-communities-in-central-and-north-benin-through-the-implementation-of-ecosystem-based-adaptation-eba-in-forest-and-agricultural-landscapes_cfa7738bc9d55b9151a75f10fb30df8e.pdf,2019-02-28T00:00:00Z,Gender assessment for SAP005: Enhanced climate resilience of rural communities in central and north Benin through the implementation of ecosystem-based adaptation (EbA) in forest and agricultural landscapes,BEN,SAP005,https://climateprojectexplorer.org/document/enhanced-climate-resilience-of-rural-communities-in-central-and-north-benin-through-the-implementation-of-ecosystem-based-adaptation-eba-in-forest-and-agricultural-landscapes_2e32,https://www.greenclimate.fund/sites/default/files/document/gender-assessment-sap005-unep-benin.pdf,application/pdf,cfa7738bc9d55b9151a75f10fb30df8e,GCF.family.SAP005.19070,2019,parked
GCF.document.SAP005_19070.20041,Enhanced climate resilience of rural communities in central and north Benin through the implementation of ecosystem-based adaptation (EbA) in forest and agricultural landscapes — 2023 Annual Performance Report for SAP005: Enhanced climate resilience of rural communities in central and north Benin through the implementation of ecosystem-based adaptation (EbA) in forest and agricultural landscapes,https://cdn.climatepolicyradar.org/navigator/BEN/2019/enhanced-climate-resilience-of-rural-communities-in-central-and-north-benin-through-the-implementation-of-ecosystem-based-adaptation-eba-in-forest-and-agricultural-landscapes_5899e1e2952bb2058bdc550a220848ff.pdf,2019-02-28T00:00:00Z,Performance report,BEN,SAP005,https://climateprojectexplorer.org/document/enhanced-climate-resilience-of-rural-communities-in-central-and-north-benin-through-the-implementation-of-ecosystem-based-adaptation-eba-in-forest-and-agricultural-landscapes_2e32,https://www.greenclimate.fund/sites/default/files/document/sap005-annual-performance-report-cy2023.pdf,application/pdf,5899e1e2952bb2058bdc550a220848ff,GCF.family.SAP005.19070,2019,parked_progress
GCF.document.SAP005_19070.21184,Enhanced climate resilience of rural communities in central and north Benin through the implementation of ecosystem-based adaptation (EbA) in forest and agricultural landscapes — 2024 Annual Performance Report for SAP005: Enhanced climate resilience of rural communities in central and north Benin through the implementation of ecosystem-based adaptation (EbA) in forest and agricultural landscapes,https://cdn.climatepolicyradar.org/navigator/BEN/2019/enhanced-climate-resilience-of-rural-communities-in-central-and-north-benin-through-the-implementation-of-ecosystem-based-adaptation-eba-in-forest-and-agricultural-landscapes_bbb5369264c05736ebd02013788c4204.pdf,2019-02-28T00:00:00Z,Performance report,BEN,SAP005,https://climateprojectexplorer.org/document/enhanced-climate-resilience-of-rural-communities-in-central-and-north-benin-through-the-implementation-of-ecosystem-based-adaptation-eba-in-forest-and-agricultural-landscapes_2e32,https://www.greenclimate.fund/sites/default/files/document/sap005-50921-annual-performance-report-cy2024-v3.pdf,application/pdf,bbb5369264c05736ebd02013788c4204,GCF.family.SAP005.19070,2019,parked_progress
GCF.document.SAP005_19070.21254,Enhanced climate resilience of rural communities in central and north Benin through the implementation of ecosystem-based adaptation (EbA) in forest and agricultural landscapes — Interim evaluation report for SAP005: Enhanced climate resilience of rural communities in central and north Benin through the implementation of ecosystem-based adaptation (EbA) in forest and agricultural landscapes,https://cdn.climatepolicyradar.org/navigator/BEN/2019/enhanced-climate-resilience-of-rural-communities-in-central-and-north-benin-through-the-implementation-of-ecosystem-based-adaptation-eba-in-forest-and-agricultural-landscapes_cb117e9f20a8ef07ac03fa52b6e3b723.pdf,2019-02-28T00:00:00Z,Interim evaluation report for SAP005: Enhanced climate resilience of rural communities in central and north Benin through the implementation of ecosystem-based adaptation (EbA) in forest and agricultural landscapes,BEN,SAP005,https://climateprojectexplorer.org/document/enhanced-climate-resilience-of-rural-communities-in-central-and-north-benin-through-the-implementation-of-ecosystem-based-adaptation-eba-in-forest-and-agricultural-landscapes_2e32,https://www.greenclimate.fund/sites/default/files/document/sap005-interim-evaluation-report-pub.pdf,application/pdf,cb117e9f20a8ef07ac03fa52b6e3b723,GCF.family.SAP005.19070,2019,parked
GCF.document.FP074_14130.6172,Africa Hydromet Program – Strengthening Climate Resilience in Sub-Saharan Africa: Burkina Faso Country Project — Gender assessment for FP074: Africa Hydromet Program – Strengthening Climate Resilience in Sub-Saharan Africa: Burkina Faso Country Project,https://cdn.climatepolicyradar.org/navigator/BFA/2018/africa-hydromet-program-strengthening-climate-resilience-in-sub-saharan-africa-burkina-faso-country-project_3f4e78bbe52c79d5b2c7173ec86ee222.pdf,2018-03-01T00:00:00Z,Gender assessment for FP074: Africa Hydromet Program – Strengthening Climate Resilience in Sub-Saharan Africa: Burkina Faso Country Project,BFA,FP074,https://climateprojectexplorer.org/document/africa-hydromet-program-strengthening-climate-resilience-in-sub-saharan-africa-burkina-faso-country-project_dfad,https://www.greenclimate.fund/sites/default/files/document/gender-assessment-fp074-world-bank-burkina-faso.pdf,application/pdf,3f4e78bbe52c79d5b2c7173ec86ee222,GCF.family.FP074.14130,2018,parked
GCF.document.FP074_14130.6222,Africa Hydromet Program – Strengthening Climate Resilience in Sub-Saharan Africa: Burkina Faso Country Project — Gender action plan for FP074: Africa Hydromet Program – Strengthening Climate Resilience in Sub-Saharan Africa: Burkina Faso Country Project,https://cdn.climatepolicyradar.org/navigator/BFA/2018/africa-hydromet-program-strengthening-climate-resilience-in-sub-saharan-africa-burkina-faso-country-project_96291356b3b587e4157d549746f410d1.pdf,2018-03-01T00:00:00Z,Gender action plan for FP074: Africa Hydromet Program – Strengthening Climate Resilience in Sub-Saharan Africa: Burkina Faso Country Project,BFA,FP074,https://climateprojectexplorer.org/document/africa-hydromet-program-strengthening-climate-resilience-in-sub-saharan-africa-burkina-faso-country-project_dfad,https://www.greenclimate.fund/sites/default/files/document/gender-action-plan-fp074-world-bank-burkina-faso.pdf,application/pdf,96291356b3b587e4157d549746f410d1,GCF.family.FP074.14130,2018,parked
GCF.document.FP074_14130.12643,Africa Hydromet Program – Strengthening Climate Resilience in Sub-Saharan Africa: Burkina Faso Country Project — 2020 Annual Performance Report for FP074: Africa Hydromet Program – Strengthening Climate Resilience in Sub-Saharan Africa: Burkina Faso Country Project,https://cdn.climatepolicyradar.org/navigator/BFA/2018/africa-hydromet-program-strengthening-climate-resilience-in-sub-saharan-africa-burkina-faso-country-project_36c476c9b4de2eade23955cfe4156ad5.pdf,2018-03-01T00:00:00Z,Performance report,BFA,FP074,https://climateprojectexplorer.org/document/africa-hydromet-program-strengthening-climate-resilience-in-sub-saharan-africa-burkina-faso-country-project_dfad,https://www.greenclimate.fund/sites/default/files/document/fp074-annual-performance-report-cy2020-disclosable.pdf,application/pdf,36c476c9b4de2eade23955cfe4156ad5,GCF.family.FP074.14130,2018,parked_progress
GCF.document.FP074_14130.6341,Africa Hydromet Program – Strengthening Climate Resilience in Sub-Saharan Africa: Burkina Faso Country Project — Africa Hydromet Program: Strengthening climate resilience in Sub-Saharan Africa: Burkina Faso country project,https://cdn.climatepolicyradar.org/navigator/BFA/2018/africa-hydromet-program-strengthening-climate-resilience-in-sub-saharan-africa-burkina-faso-country-project_90a501688a2c83b9c909bebd43b3a923.pdf,2018-03-01T00:00:00Z,Africa Hydromet Program: Strengthening climate resilience in Sub-Saharan Africa: Burkina Faso country project,BFA,FP074,https://climateprojectexplorer.org/document/africa-hydromet-program-strengthening-climate-resilience-in-sub-saharan-africa-burkina-faso-country-project_dfad,https://www.greenclimate.fund/sites/default/files/document/funding-proposal-fp074-world-bank-burkina-faso.pdf,application/pdf,90a501688a2c83b9c909bebd43b3a923,GCF.family.FP074.14130,2018,parked
GCF.document.FP074_14130.16380,Africa Hydromet Program – Strengthening Climate Resilience in Sub-Saharan Africa: Burkina Faso Country Project — 2022 Annual Performance Report for FP074: Africa Hydromet Program – Strengthening Climate Resilience in Sub-Saharan Africa: Burkina Faso Country Project,https://cdn.climatepolicyradar.org/navigator/BFA/2018/africa-hydromet-program-strengthening-climate-resilience-in-sub-saharan-africa-burkina-faso-country-project_86125981bf418fa373c2abcec8f28e2d.pdf,2018-03-01T00:00:00Z,Performance report,BFA,FP074,https://climateprojectexplorer.org/document/africa-hydromet-program-strengthening-climate-resilience-in-sub-saharan-africa-burkina-faso-country-project_dfad,https://www.greenclimate.fund/sites/default/files/document/disclosable-fp074-annual-performance-report-cy2022-v.pdf,application/pdf,86125981bf418fa373c2abcec8f28e2d,GCF.family.FP074.14130,2018,parked_progress
GCF.document.FP074_14130.21246,Africa Hydromet Program – Strengthening Climate Resilience in Sub-Saharan Africa: Burkina Faso Country Project — Interim evaluation report for FP074: Africa Hydromet Program – Strengthening Climate Resilience in Sub-Saharan Africa: Burkina Faso Country Project,https://cdn.climatepolicyradar.org/navigator/BFA/2018/africa-hydromet-program-strengthening-climate-resilience-in-sub-saharan-africa-burkina-faso-country-project_8ec7a45f48079fd5e1600c371eaccc55.pdf,2018-03-01T00:00:00Z,Interim evaluation report for FP074: Africa Hydromet Program – Strengthening Climate Resilience in Sub-Saharan Africa: Burkina Faso Country Project,BFA,FP074,https://climateprojectexplorer.org/document/africa-hydromet-program-strengthening-climate-resilience-in-sub-saharan-africa-burkina-faso-country-project_dfad,https://www.greenclimate.fund/sites/default/files/document/fp074-interim-evaluation-report-pub.pdf,application/pdf,8ec7a45f48079fd5e1600c371eaccc55,GCF.family.FP074.14130,2018,parked
GCF.document.FP074_14130.19990,Africa Hydromet Program – Strengthening Climate Resilience in Sub-Saharan Africa: Burkina Faso Country Project — 2023 Annual Performance Report for FP074: Africa Hydromet Program – Strengthening Climate Resilience in Sub-Saharan Africa: Burkina Faso Country Project,https://cdn.climatepolicyradar.org/navigator/BFA/2018/africa-hydromet-program-strengthening-climate-resilience-in-sub-saharan-africa-burkina-faso-country-project_65f23719d4af773d2afb36f915927098.pdf,2018-03-01T00:00:00Z,Performance report,BFA,FP074,https://climateprojectexplorer.org/document/africa-hydromet-program-strengthening-climate-resilience-in-sub-saharan-africa-burkina-faso-country-project_dfad,https://www.greenclimate.fund/sites/default/files/document/fp074-annual-performance-report-cy2023-disclosable-sections.pdf,application/pdf,65f23719d4af773d2afb36f915927098,GCF.family.FP074.14130,2018,parked_progress
GCF.document.FP093_20220.5555,Yeleen Rural Electrification Project in Burkina Faso — Yeleen rural electrification project in Burkina Faso,https://cdn.climatepolicyradar.org/navigator/BFA/2018/yeleen-rural-electrification-project-in-burkina-faso_55672e210c09daf49da92a2a380a93a4.pdf,2018-10-20T00:00:00Z,Yeleen rural electrification project in Burkina Faso,BFA,FP093,https://climateprojectexplorer.org/document/yeleen-rural-electrification-project-in-burkina-faso_de7d,https://www.greenclimate.fund/sites/default/files/document/funding-proposal-fp093-afdb-burkina-faso.pdf,application/pdf,55672e210c09daf49da92a2a380a93a4,GCF.family.FP093.20220,2018,parked
GCF.document.FP093_20220.5782,Yeleen Rural Electrification Project in Burkina Faso — Gender assessment for FP093: Yeleen Rural Electrification Project in Burkina Faso,https://cdn.climatepolicyradar.org/navigator/BFA/2018/yeleen-rural-electrification-project-in-burkina-faso_d4fa762afe7a7d167c61e4c00dddcf00.pdf,2018-10-20T00:00:00Z,Gender assessment for FP093: Yeleen Rural Electrification Project in Burkina Faso,BFA,FP093,https://climateprojectexplorer.org/document/yeleen-rural-electrification-project-in-burkina-faso_de7d,https://www.greenclimate.fund/sites/default/files/document/gender-assessment-fp093-afdb-burkina-faso.pdf,application/pdf,d4fa762afe7a7d167c61e4c00dddcf00,GCF.family.FP093.20220,2018,parked
GCF.document.FP093_20220.5796,Yeleen Rural Electrification Project in Burkina Faso — Gender action plan for FP093: Yeleen Rural Electrification Project in Burkina Faso,https://cdn.climatepolicyradar.org/navigator/BFA/2018/yeleen-rural-electrification-project-in-burkina-faso_e896f45ff2f2de599a3a883c6b2b0797.pdf,2018-10-20T00:00:00Z,Gender action plan for FP093: Yeleen Rural Electrification Project in Burkina Faso,BFA,FP093,https://climateprojectexplorer.org/document/yeleen-rural-electrification-project-in-burkina-faso_de7d,https://www.greenclimate.fund/sites/default/files/document/gender-action-plan-fp093-afdb-burkina-faso.pdf,application/pdf,e896f45ff2f2de599a3a883c6b2b0797,GCF.family.FP093.20220,2018,parked
GCF.document.FP203_22830.15279,Heritage Colombia (HECO): Maximizing the Contributions of Sustainably Managed Landscapes in Colombia for Achievement of Climate Goals — Gender action plan for FP203: Heritage Colombia (HECO): Maximizing the Contributions of Sustainably Managed Landscapes in Colombia for Achievement of Climate Goals,https://cdn.climatepolicyradar.org/navigator/COL/2023/heritage-colombia-heco-maximizing-the-contributions-of-sustainably-managed-landscapes-in-colombia-for-achievement-of-climate-goals_a081323067163a7f996c0a0ca35f9a91.pdf,2023-03-16T00:00:00Z,Gender action plan for FP203: Heritage Colombia (HECO): Maximizing the Contributions of Sustainably Managed Landscapes in Colombia for Achievement of Climate Goals,COL,FP203,https://climateprojectexplorer.org/document/heritage-colombia-heco-maximizing-the-contributions-of-sustainably-managed-landscapes-in-colombia-for-achievement-of-climate-goals_e289,https://www.greenclimate.fund/sites/default/files/document/fp203-gender-action-plan.pdf,application/pdf,a081323067163a7f996c0a0ca35f9a91,GCF.family.FP203.22830,2023,out_of_scope_geo
GCF.document.FP203_22830.15225,Heritage Colombia (HECO): Maximizing the Contributions of Sustainably Managed Landscapes in Colombia for Achievement of Climate Goals — Heritage Colombia (HECO): Maximizing the Contributions of Sustainably Managed Landscapes in Colombia for Achievement of Climate Goals,https://cdn.climatepolicyradar.org/navigator/COL/2023/heritage-colombia-heco-maximizing-the-contributions-of-sustainably-managed-landscapes-in-colombia-for-achievement-of-climate-goals_2b3d5e23429bf55a1dc6c06a1ea1a6ea.pdf,2023-03-16T00:00:00Z,Heritage Colombia (HECO): Maximizing the Contributions of Sustainably Managed Landscapes in Colombia for Achievement of Climate Goals,COL,FP203,https://climateprojectexplorer.org/document/heritage-colombia-heco-maximizing-the-contributions-of-sustainably-managed-landscapes-in-colombia-for-achievement-of-climate-goals_e289,https://www.greenclimate.fund/sites/default/files/document/fp203-wwf-colombia_0.pdf,application/pdf,2b3d5e23429bf55a1dc6c06a1ea1a6ea,GCF.family.FP203.22830,2023,out_of_scope_geo
GCF.document.FP203_22830.15286,Heritage Colombia (HECO): Maximizing the Contributions of Sustainably Managed Landscapes in Colombia for Achievement of Climate Goals — Gender assessment for FP203: Heritage Colombia (HECO): Maximizing the Contributions of Sustainably Managed Landscapes in Colombia for Achievement of Climate Goals,https://cdn.climatepolicyradar.org/navigator/COL/2023/heritage-colombia-heco-maximizing-the-contributions-of-sustainably-managed-landscapes-in-colombia-for-achievement-of-climate-goals_ab6d01a9869874ac9c02c4eed72dbfe5.pdf,2023-03-16T00:00:00Z,Gender assessment for FP203: Heritage Colombia (HECO): Maximizing the Contributions of Sustainably Managed Landscapes in Colombia for Achievement of Climate Goals,COL,FP203,https://climateprojectexplorer.org/document/heritage-colombia-heco-maximizing-the-contributions-of-sustainably-managed-landscapes-in-colombia-for-achievement-of-climate-goals_e289,https://www.greenclimate.fund/sites/default/files/document/fp203-gender-assessment.pdf,application/pdf,ab6d01a9869874ac9c02c4eed72dbfe5,GCF.family.FP203.22830,2023,out_of_scope_geo
GCF.document.FP203_22830.21167,Heritage Colombia (HECO): Maximizing the Contributions of Sustainably Managed Landscapes in Colombia for Achievement of Climate Goals — 2024 Annual Performance Report for FP203: Heritage Colombia (HECO): Maximizing the Contributions of Sustainably Managed Landscapes in Colombia for Achievement of Climate Goals,https://cdn.climatepolicyradar.org/navigator/COL/2023/heritage-colombia-heco-maximizing-the-contributions-of-sustainably-managed-landscapes-in-colombia-for-achievement-of-climate-goals_4b1c79465c435c146271ce0afcc66b07.pdf,2023-03-16T00:00:00Z,Performance report,COL,FP203,https://climateprojectexplorer.org/document/heritage-colombia-heco-maximizing-the-contributions-of-sustainably-managed-landscapes-in-colombia-for-achievement-of-climate-goals_e289,https://www.greenclimate.fund/sites/default/files/document/fp203-50898-annual-performance-report-cy2024-v1.pdf,application/pdf,4b1c79465c435c146271ce0afcc66b07,GCF.family.FP203.22830,2023,out_of_scope_geo
GCF.document.SAP006_19080.9956,Building resilience of communities living in landscapes threatened under climate change through an ecosystems-based adaptation approach — Gender assessment for SAP006: Building resilience of communities living in landscapes threatened under climate change through an ecosystems-based adaptation approach,https://cdn.climatepolicyradar.org/navigator/NAM/2019/building-resilience-of-communities-living-in-landscapes-threatened-under-climate-change-through-an-ecosystems-based-adaptation-approach_1f663fdc362815b08778941629b12049.pdf,2019-02-28T00:00:00Z,Gender assessment for SAP006: Building resilience of communities living in landscapes threatened under climate change through an ecosystems-based adaptation approach,NAM,SAP006,https://climateprojectexplorer.org/document/building-resilience-of-communities-living-in-landscapes-threatened-under-climate-change-through-an-ecosystems-based-adaptation-approach_048e,https://www.greenclimate.fund/sites/default/files/document/gender-assessment-sap006-eif-namibia.pdf,application/pdf,1f663fdc362815b08778941629b12049,GCF.family.SAP006.19080,2019,parked
GCF.document.SAP006_19080.9965,Building resilience of communities living in landscapes threatened under climate change through an ecosystems-based adaptation approach — Gender action plan for SAP006: Building resilience of communities living in landscapes threatened under climate change through an ecosystemsbased adaptation approach,https://cdn.climatepolicyradar.org/navigator/NAM/2019/building-resilience-of-communities-living-in-landscapes-threatened-under-climate-change-through-an-ecosystems-based-adaptation-approach_d618e7851c1865e34f40f7d459734d8e.pdf,2019-02-28T00:00:00Z,Gender action plan for SAP006: Building resilience of communities living in landscapes threatened under climate change through an ecosystemsbased adaptation approach,NAM,SAP006,https://climateprojectexplorer.org/document/building-resilience-of-communities-living-in-landscapes-threatened-under-climate-change-through-an-ecosystems-based-adaptation-approach_048e,https://www.greenclimate.fund/sites/default/files/document/gender-action-plans-sap006-eif-namibia.pdf,application/pdf,d618e7851c1865e34f40f7d459734d8e,GCF.family.SAP006.19080,2019,parked
GCF.document.SAP006_19080.12637,Building resilience of communities living in landscapes threatened under climate change through an ecosystems-based adaptation approach — 2020 Annual Performance Report for SAP006: Building resilience of communities living in landscapes threatened under climate change through an ecosystems-based adaptation approach,https://cdn.climatepolicyradar.org/navigator/NAM/2019/building-resilience-of-communities-living-in-landscapes-threatened-under-climate-change-through-an-ecosystems-based-adaptation-approach_682d9b7890af7017f5180430ee904101.pdf,2019-02-28T00:00:00Z,Performance report,NAM,SAP006,https://climateprojectexplorer.org/document/building-resilience-of-communities-living-in-landscapes-threatened-under-climate-change-through-an-ecosystems-based-adaptation-approach_048e,https://www.greenclimate.fund/sites/default/files/document/sap006-annual-performance-report-cy2020.pdf,application/pdf,682d9b7890af7017f5180430ee904101,GCF.family.SAP006.19080,2019,parked_progress
GCF.document.SAP006_19080.14529,Building resilience of communities living in landscapes threatened under climate change through an ecosystems-based adaptation approach — 2021 Annual Performance Report for SAP006: Building resilience of communities living in landscapes threatened under climate change through an ecosystems-based adaptation approach,https://cdn.climatepolicyradar.org/navigator/NAM/2019/building-resilience-of-communities-living-in-landscapes-threatened-under-climate-change-through-an-ecosystems-based-adaptation-approach_9e2a3aa41a06ec36bce05f2a4d593a34.pdf,2019-02-28T00:00:00Z,Performance report,NAM,SAP006,https://climateprojectexplorer.org/document/building-resilience-of-communities-living-in-landscapes-threatened-under-climate-change-through-an-ecosystems-based-adaptation-approach_048e,https://www.greenclimate.fund/sites/default/files/document/sap006-annual-performance-report-cy2021.pdf,application/pdf,9e2a3aa41a06ec36bce05f2a4d593a34,GCF.family.SAP006.19080,2019,parked_progress
GCF.document.SAP006_19080.5568,Building resilience of communities living in landscapes threatened under climate change through an ecosystems-based adaptation approach — Building resilience of communities living in landscapes threatened under climate change through an Ecosystems-based Adaptation approach,https://cdn.climatepolicyradar.org/navigator/NAM/2019/building-resilience-of-communities-living-in-landscapes-threatened-under-climate-change-through-an-ecosystems-based-adaptation-approach_6f655f4030889a738c09de2198be0716.pdf,2019-02-28T00:00:00Z,Building resilience of communities living in landscapes threatened under climate change through an Ecosystems-based Adaptation approach,NAM,SAP006,https://climateprojectexplorer.org/document/building-resilience-of-communities-living-in-landscapes-threatened-under-climate-change-through-an-ecosystems-based-adaptation-approach_048e,https://www.greenclimate.fund/sites/default/files/document/funding-proposal-sap006-eif-namibia.pdf,application/pdf,6f655f4030889a738c09de2198be0716,GCF.family.SAP006.19080,2019,parked
GCF.document.SAP006_19080.15858,Building resilience of communities living in landscapes threatened under climate change through an ecosystems-based adaptation approach — 2022 Annual Performance Report for SAP006: Building resilience of communities living in landscapes threatened under climate change through an ecosystems-based adaptation approach,https://cdn.climatepolicyradar.org/navigator/NAM/2019/building-resilience-of-communities-living-in-landscapes-threatened-under-climate-change-through-an-ecosystems-based-adaptation-approach_f18bbcf3e7595c50501c3071e4810d31.pdf,2019-02-28T00:00:00Z,Performance report,NAM,SAP006,https://climateprojectexplorer.org/document/building-resilience-of-communities-living-in-landscapes-threatened-under-climate-change-through-an-ecosystems-based-adaptation-approach_048e,https://www.greenclimate.fund/sites/default/files/document/cy2022-apr-sap006-disclosable-version.pdf,application/pdf,f18bbcf3e7595c50501c3071e4810d31,GCF.family.SAP006.19080,2019,parked_progress
GCF.document.SAP006_19080.19985,Building resilience of communities living in landscapes threatened under climate change through an ecosystems-based adaptation approach — 2023 Annual Performance Report for SAP006: Building resilience of communities living in landscapes threatened under climate change through an ecosystems-based adaptation approach,https://cdn.climatepolicyradar.org/navigator/NAM/2019/building-resilience-of-communities-living-in-landscapes-threatened-under-climate-change-through-an-ecosystems-based-adaptation-approach_39e7a24976a6cad2b0ee6ac9fee71369.pdf,2019-02-28T00:00:00Z,Performance report,NAM,SAP006,https://climateprojectexplorer.org/document/building-resilience-of-communities-living-in-landscapes-threatened-under-climate-change-through-an-ecosystems-based-adaptation-approach_048e,https://www.greenclimate.fund/sites/default/files/document/sap006-annual-performance-report-cy2023.pdf,application/pdf,39e7a24976a6cad2b0ee6ac9fee71369,GCF.family.SAP006.19080,2019,parked_progress
GCF.document.SAP006_19080.21185,Building resilience of communities living in landscapes threatened under climate change through an ecosystems-based adaptation approach — 2024 Annual Performance Report for SAP006: Building resilience of communities living in landscapes threatened under climate change through an ecosystems-based adaptation approach,https://cdn.climatepolicyradar.org/navigator/NAM/2019/building-resilience-of-communities-living-in-landscapes-threatened-under-climate-change-through-an-ecosystems-based-adaptation-approach_e12171b3f71d4a84036bd0105b616938.pdf,2019-02-28T00:00:00Z,Performance report,NAM,SAP006,https://climateprojectexplorer.org/document/building-resilience-of-communities-living-in-landscapes-threatened-under-climate-change-through-an-ecosystems-based-adaptation-approach_048e,https://www.greenclimate.fund/sites/default/files/document/sap006-50922-annual-performance-report-cy2024-v2.pdf,application/pdf,e12171b3f71d4a84036bd0105b616938,GCF.family.SAP006.19080,2019,parked_progress
GCF.document.SAP006_19080.21541,Building resilience of communities living in landscapes threatened under climate change through an ecosystems-based adaptation approach — Interim evaluation report for SAP006: Building resilience of communities living in landscapes threatened under climate change through an ecosystems-based adaptation approach,https://cdn.climatepolicyradar.org/navigator/NAM/2019/building-resilience-of-communities-living-in-landscapes-threatened-under-climate-change-through-an-ecosystems-based-adaptation-approach_7d1ceee6d7e54fd82cfb1aaa76fe6a89.pdf,2019-02-28T00:00:00Z,Interim evaluation report for SAP006: Building resilience of communities living in landscapes threatened under climate change through an ecosystems-based adaptation approach,NAM,SAP006,https://climateprojectexplorer.org/document/building-resilience-of-communities-living-in-landscapes-threatened-under-climate-change-through-an-ecosystems-based-adaptation-approach_048e,https://www.greenclimate.fund/sites/default/files/document/sap006-interim-evaluation-report-pub.pdf,application/pdf,7d1ceee6d7e54fd82cfb1aaa76fe6a89,GCF.family.SAP006.19080,2019,parked
GCF.document.FP151_24780.11783,Global Subnational Climate Fund (SnCF Global) – Technical Assistance (TA) Facility — Technical Assistance (TA) Facility for the Global Subnational Climate Fund,https://cdn.climatepolicyradar.org/navigator/CRI/2020/global-subnational-climate-fund-sncf-global-technical-assistance-ta-facility_cac9f69ea7f5250789748fd520b80f01.pdf,2020-07-01T00:00:00Z,Technical Assistance (TA) Facility for the Global Subnational Climate Fund,ALB;JOR;LBN;MAR;TUN;CMR;CIV;GAB;KEN;MLI;MRT;MOZ;NGA;RWA;SEN;MNE;BFA;GIN;ZAF;TGO;UGA;BRA;CHL;CRI;DMA;DOM;ECU;SLV;GTM;HTI;HND;JAM;MEX;PAN;URY;KHM;FJI;IDN;MMR;BHS;COD;MKD,FP151,https://climateprojectexplorer.org/document/global-subnational-climate-fund-sncf-global-technical-assistance-ta-facility_85bd,https://www.greenclimate.fund/sites/default/files/document/funding-proposal-fp151.pdf,application/pdf,cac9f69ea7f5250789748fd520b80f01,GCF.family.FP151.24780,2020,parked
GCF.document.FP151_24780.11752,Global Subnational Climate Fund (SnCF Global) – Technical Assistance (TA) Facility — Gender assessment for FP151: Global Subnational Climate Fund (SnCF Global) – Technical Assistance (TA) Facility,https://cdn.climatepolicyradar.org/navigator/PAN/2020/global-subnational-climate-fund-sncf-global-technical-assistance-ta-facility_64c921f30ac53b2af2cf0a6b585cf486.pdf,2020-07-01T00:00:00Z,Gender assessment for FP151: Global Subnational Climate Fund (SnCF Global) – Technical Assistance (TA) Facility,ALB;JOR;LBN;MAR;TUN;CMR;CIV;GAB;KEN;MLI;MRT;MOZ;NGA;RWA;SEN;MNE;BFA;GIN;ZAF;TGO;UGA;BRA;CHL;CRI;DMA;DOM;ECU;SLV;GTM;HTI;HND;JAM;MEX;PAN;URY;KHM;FJI;IDN;MMR;BHS;COD;MKD,FP151,https://climateprojectexplorer.org/document/global-subnational-climate-fund-sncf-global-technical-assistance-ta-facility_85bd,https://www.greenclimate.fund/sites/default/files/document/fp151-gender-assessment.pdf,application/pdf,64c921f30ac53b2af2cf0a6b585cf486,GCF.family.FP151.24780,2020,parked
GCF.document.FP151_24780.11751,Global Subnational Climate Fund (SnCF Global) – Technical Assistance (TA) Facility — Gender action plan for FP151: Global Subnational Climate Fund (SnCF Global) – Technical Assistance (TA) Facility,https://cdn.climatepolicyradar.org/navigator/TUN/2020/global-subnational-climate-fund-sncf-global-technical-assistance-ta-facility_89b9efdd9534a97904ebbb37a371eb92.pdf,2020-07-01T00:00:00Z,Gender action plan for FP151: Global Subnational Climate Fund (SnCF Global) – Technical Assistance (TA) Facility,ALB;JOR;LBN;MAR;TUN;CMR;CIV;GAB;KEN;MLI;MRT;MOZ;NGA;RWA;SEN;MNE;BFA;GIN;ZAF;TGO;UGA;BRA;CHL;CRI;DMA;DOM;ECU;SLV;GTM;HTI;HND;JAM;MEX;PAN;URY;KHM;FJI;IDN;MMR;BHS;COD;MKD,FP151,https://climateprojectexplorer.org/document/global-subnational-climate-fund-sncf-global-technical-assistance-ta-facility_85bd,https://www.greenclimate.fund/sites/default/files/document/fp151-gender-action-plan.pdf,application/pdf,89b9efdd9534a97904ebbb37a371eb92,GCF.family.FP151.24780,2020,parked
GCF.document.FP151_24780.15423,Global Subnational Climate Fund (SnCF Global) – Technical Assistance (TA) Facility — 2021 Annual Performance Report for FP151: Global Subnational Climate Fund (SnCF Global) – Technical Assistance (TA) Facility,https://cdn.climatepolicyradar.org/navigator/CRI/2020/global-subnational-climate-fund-sncf-global-technical-assistance-ta-facility_d0c673ea8c50630a69245b0ca8f52fa7.pdf,2020-07-01T00:00:00Z,Performance report,ALB;JOR;LBN;MAR;TUN;CMR;CIV;GAB;KEN;MLI;MRT;MOZ;NGA;RWA;SEN;MNE;BFA;GIN;ZAF;TGO;UGA;BRA;CHL;CRI;DMA;DOM;ECU;SLV;GTM;HTI;HND;JAM;MEX;PAN;URY;KHM;FJI;IDN;MMR;BHS;COD;MKD,FP151,https://climateprojectexplorer.org/document/global-subnational-climate-fund-sncf-global-technical-assistance-ta-facility_85bd,https://www.greenclimate.fund/sites/default/files/document/fp151-annual-performance-report-cy2021-v.pdf,application/pdf,d0c673ea8c50630a69245b0ca8f52fa7,GCF.family.FP151.24780,2020,parked_progress
GCF.document.FP151_24780.15834,Global Subnational Climate Fund (SnCF Global) – Technical Assistance (TA) Facility — 2022 Annual Performance Report for FP151: Global Subnational Climate Fund (SnCF Global) – Technical Assistance (TA) Facility,https://cdn.climatepolicyradar.org/navigator/TGO/2020/global-subnational-climate-fund-sncf-global-technical-assistance-ta-facility_35961d79dcbfae0bcff3d4b900760166.pdf,2020-07-01T00:00:00Z,Performance report,ALB;JOR;LBN;MAR;TUN;CMR;CIV;GAB;KEN;MLI;MRT;MOZ;NGA;RWA;SEN;MNE;BFA;GIN;ZAF;TGO;UGA;BRA;CHL;CRI;DMA;DOM;ECU;SLV;GTM;HTI;HND;JAM;MEX;PAN;URY;KHM;FJI;IDN;MMR;BHS;COD;MKD,FP151,https://climateprojectexplorer.org/document/global-subnational-climate-fund-sncf-global-technical-assistance-ta-facility_85bd,https://www.greenclimate.fund/sites/default/files/document/fp151-annual-performance-report-cy2022-v.pdf,application/pdf,35961d79dcbfae0bcff3d4b900760166,GCF.family.FP151.24780,2020,parked_progress
GCF.document.FP151_24780.18188,Global Subnational Climate Fund (SnCF Global) – Technical Assistance (TA) Facility — 2023 Annual Performance Report for FP151: Global Subnational Climate Fund (SnCF Global) – Technical Assistance (TA) Facility,https://cdn.climatepolicyradar.org/navigator/ALB/2020/global-subnational-climate-fund-sncf-global-technical-assistance-ta-facility_6adf0fad29397152f19e9ae96da48157.pdf,2020-07-01T00:00:00Z,Performance report,ALB;JOR;LBN;MAR;TUN;CMR;CIV;GAB;KEN;MLI;MRT;MOZ;NGA;RWA;SEN;MNE;BFA;GIN;ZAF;TGO;UGA;BRA;CHL;CRI;DMA;DOM;ECU;SLV;GTM;HTI;HND;JAM;MEX;PAN;URY;KHM;FJI;IDN;MMR;BHS;COD;MKD,FP151,https://climateprojectexplorer.org/document/global-subnational-climate-fund-sncf-global-technical-assistance-ta-facility_85bd,https://www.greenclimate.fund/sites/default/files/document/fp151-annual-performance-report-cy2023.pdf,application/pdf,6adf0fad29397152f19e9ae96da48157,GCF.family.FP151.24780,2020,parked_progress
GCF.document.FP151_24780.21135,Global Subnational Climate Fund (SnCF Global) – Technical Assistance (TA) Facility — 2024 Annual Performance Report for FP151: Global Subnational Climate Fund (SnCF Global) – Technical Assistance (TA) Facility,https://cdn.climatepolicyradar.org/navigator/ALB/2020/global-subnational-climate-fund-sncf-global-technical-assistance-ta-facility_ec4119cb47dc7be882f407624cf6a79e.pdf,2020-07-01T00:00:00Z,Performance report,ALB;JOR;LBN;MAR;TUN;CMR;CIV;GAB;KEN;MLI;MRT;MOZ;NGA;RWA;SEN;MNE;BFA;GIN;ZAF;TGO;UGA;BRA;CHL;CRI;DMA;DOM;ECU;SLV;GTM;HTI;HND;JAM;MEX;PAN;URY;KHM;FJI;IDN;MMR;BHS;COD;MKD,FP151,https://climateprojectexplorer.org/document/global-subnational-climate-fund-sncf-global-technical-assistance-ta-facility_85bd,https://www.greenclimate.fund/sites/default/files/document/fp151-50850-annual-performance-report-cy2024-v1.pdf,application/pdf,ec4119cb47dc7be882f407624cf6a79e,GCF.family.FP151.24780,2020,parked_progress
GCF.document.FP121_22180.10269,REDD+ Results-based payments in Paraguay for the period 2015-2017 — REDD+ Results-based payments in Paraguay for the period 2015-2017,https://cdn.climatepolicyradar.org/navigator/PRY/2019/redd-results-based-payments-in-paraguay-for-the-period-2015-2017_5d7c7c730e37a00e5adfcec6781e74d3.pdf,2019-11-14T00:00:00Z,REDD+ Results-based payments in Paraguay for the period 2015-2017,PRY,FP121,https://climateprojectexplorer.org/document/redd-results-based-payments-in-paraguay-for-the-period-2015-2017_dbf9,https://www.greenclimate.fund/sites/default/files/document/funding-proposal-fp121-unep-paraguay.pdf,application/pdf,5d7c7c730e37a00e5adfcec6781e74d3,GCF.family.FP121.22180,2019,out_of_scope_geo
GCF.document.FP121_22180.10783,REDD+ Results-based payments in Paraguay for the period 2015-2017 — Gender action plan for FP121: REDD+ Results-based payments in Paraguay for the period 2015-2017,https://cdn.climatepolicyradar.org/navigator/PRY/2019/redd-results-based-payments-in-paraguay-for-the-period-2015-2017_53b7a5b39736fac05f1c12405496f52a.pdf,2019-11-14T00:00:00Z,Gender action plan for FP121: REDD+ Results-based payments in Paraguay for the period 2015-2017,PRY,FP121,https://climateprojectexplorer.org/document/redd-results-based-payments-in-paraguay-for-the-period-2015-2017_dbf9,https://www.greenclimate.fund/sites/default/files/document/gap-fp121.pdf,application/pdf,53b7a5b39736fac05f1c12405496f52a,GCF.family.FP121.22180,2019,out_of_scope_geo
GCF.document.FP121_22180.12632,REDD+ Results-based payments in Paraguay for the period 2015-2017 — 2020 Annual Performance Report for FP121: REDD+ Results-based payments in Paraguay for the period 2015-2017,https://cdn.climatepolicyradar.org/navigator/PRY/2019/redd-results-based-payments-in-paraguay-for-the-period-2015-2017_3f994b2db8fa4de2b63e30d9f42c4128.pdf,2019-11-14T00:00:00Z,Performance report,PRY,FP121,https://climateprojectexplorer.org/document/redd-results-based-payments-in-paraguay-for-the-period-2015-2017_dbf9,https://www.greenclimate.fund/sites/default/files/document/fp121-annual-performance-report-cy2020.pdf,application/pdf,3f994b2db8fa4de2b63e30d9f42c4128,GCF.family.FP121.22180,2019,out_of_scope_geo
GCF.document.FP121_22180.14687,REDD+ Results-based payments in Paraguay for the period 2015-2017 — 2021 Annual Performance Report for FP121: REDD+ Results-based payments in Paraguay for the period 2015-2017,https://cdn.climatepolicyradar.org/navigator/PRY/2019/redd-results-based-payments-in-paraguay-for-the-period-2015-2017_6dff359dabbed723909d4b82232e3d40.pdf,2019-11-14T00:00:00Z,Performance report,PRY,FP121,https://climateprojectexplorer.org/document/redd-results-based-payments-in-paraguay-for-the-period-2015-2017_dbf9,https://www.greenclimate.fund/sites/default/files/document/fp121-annual-performance-report-cy2021-v.pdf,application/pdf,6dff359dabbed723909d4b82232e3d40,GCF.family.FP121.22180,2019,out_of_scope_geo
GCF.document.FP121_22180.10789,REDD+ Results-based payments in Paraguay for the period 2015-2017 — Gender assessment for FP121: REDD+ Results-based payments in Paraguay for the period 2015-2017,https://cdn.climatepolicyradar.org/navigator/PRY/2019/redd-results-based-payments-in-paraguay-for-the-period-2015-2017_cc8e49ec0bb14b5ff13e5f099e096283.pdf,2019-11-14T00:00:00Z,Gender assessment for FP121: REDD+ Results-based payments in Paraguay for the period 2015-2017,PRY,FP121,https://climateprojectexplorer.org/document/redd-results-based-payments-in-paraguay-for-the-period-2015-2017_dbf9,https://www.greenclimate.fund/sites/default/files/document/fp121-ga.pdf,application/pdf,cc8e49ec0bb14b5ff13e5f099e096283,GCF.family.FP121.22180,2019,out_of_scope_geo
GCF.document.FP121_22180.16336,REDD+ Results-based payments in Paraguay for the period 2015-2017 — 2022 Annual Performance Report for FP121: REDD+ Results-based payments in Paraguay for the period 2015-2017,https://cdn.climatepolicyradar.org/navigator/PRY/2019/redd-results-based-payments-in-paraguay-for-the-period-2015-2017_399008809c0d4ab0e0b6283eeb6f309b.pdf,2019-11-14T00:00:00Z,Performance report,PRY,FP121,https://climateprojectexplorer.org/document/redd-results-based-payments-in-paraguay-for-the-period-2015-2017_dbf9,https://www.greenclimate.fund/sites/default/files/document/fp121-annual-performance-report-cy2022-v.pdf,application/pdf,399008809c0d4ab0e0b6283eeb6f309b,GCF.family.FP121.22180,2019,out_of_scope_geo
GCF.document.FP121_22180.19994,REDD+ Results-based payments in Paraguay for the period 2015-2017 — 2023 Annual Performance Report for FP121: REDD+ Results-based payments in Paraguay for the period 2015-2017,https://cdn.climatepolicyradar.org/navigator/PRY/2019/redd-results-based-payments-in-paraguay-for-the-period-2015-2017_49b51cb00c89d29e87eec7e06a02dcec.pdf,2019-11-14T00:00:00Z,Performance report,PRY,FP121,https://climateprojectexplorer.org/document/redd-results-based-payments-in-paraguay-for-the-period-2015-2017_dbf9,https://www.greenclimate.fund/sites/default/files/document/fp121-annual-performance-report-cy2023.pdf,application/pdf,49b51cb00c89d29e87eec7e06a02dcec,GCF.family.FP121.22180,2019,out_of_scope_geo
GCF.document.FP147_20710.11869,Enhancing Climate Information and Knowledge Services for resilience in 5 island countries of the Pacific Ocean — Enhancing Climate Information and Knowledge Services for resilience in 5 island countries of the Pacific Ocean,https://cdn.climatepolicyradar.org/navigator/PLW/2020/enhancing-climate-information-and-knowledge-services-for-resilience-in-5-island-countries-of-the-pacific-ocean_e285e8a8406b69c3d09ea7c5b651e1cb.pdf,2020-11-13T00:00:00Z,Enhancing Climate Information and Knowledge Services for resilience in 5 island countries of the Pacific Ocean,COK;MHL;NIU;PLW;TUV,FP147,https://climateprojectexplorer.org/document/enhancing-climate-information-and-knowledge-services-for-resilience-in-5-island-countries-of-the-pacific-ocean_57a2,https://www.greenclimate.fund/sites/default/files/document/fp147-unep-multiple-countries.pdf,application/pdf,e285e8a8406b69c3d09ea7c5b651e1cb,GCF.family.FP147.20710,2020,out_of_scope_geo
GCF.document.FP147_20710.11744,Enhancing Climate Information and Knowledge Services for resilience in 5 island countries of the Pacific Ocean — Gender assessment for FP147: Enhancing Climate Information and Knowledge Services for resilience in 5 island countries of the Pacific Ocean,https://cdn.climatepolicyradar.org/navigator/PLW/2020/enhancing-climate-information-and-knowledge-services-for-resilience-in-5-island-countries-of-the-pacific-ocean_801ee8d072452945a67a55f6b1fb2fab.pdf,2020-11-13T00:00:00Z,Gender assessment for FP147: Enhancing Climate Information and Knowledge Services for resilience in 5 island countries of the Pacific Ocean,COK;MHL;NIU;PLW;TUV,FP147,https://climateprojectexplorer.org/document/enhancing-climate-information-and-knowledge-services-for-resilience-in-5-island-countries-of-the-pacific-ocean_57a2,https://www.greenclimate.fund/sites/default/files/document/fp147-gender-assessment.pdf,application/pdf,801ee8d072452945a67a55f6b1fb2fab,GCF.family.FP147.20710,2020,out_of_scope_geo
GCF.document.FP147_20710.11743,Enhancing Climate Information and Knowledge Services for resilience in 5 island countries of the Pacific Ocean — Gender action plan for FP147: Enhancing Climate Information and Knowledge Services for resilience in 5 island countries of the Pacific Ocean,https://cdn.climatepolicyradar.org/navigator/PLW/2020/enhancing-climate-information-and-knowledge-services-for-resilience-in-5-island-countries-of-the-pacific-ocean_6d2ce4aac51cb5e17979cb20a81f8503.pdf,2020-11-13T00:00:00Z,Gender action plan for FP147: Enhancing Climate Information and Knowledge Services for resilience in 5 island countries of the Pacific Ocean,COK;MHL;NIU;PLW;TUV,FP147,https://climateprojectexplorer.org/document/enhancing-climate-information-and-knowledge-services-for-resilience-in-5-island-countries-of-the-pacific-ocean_57a2,https://www.greenclimate.fund/sites/default/files/document/fp147-gender-action-plan.pdf,application/pdf,6d2ce4aac51cb5e17979cb20a81f8503,GCF.family.FP147.20710,2020,out_of_scope_geo
GCF.document.FP147_20710.14525,Enhancing Climate Information and Knowledge Services for resilience in 5 island countries of the Pacific Ocean — 2021 Annual Performance Report for FP147: Enhancing Climate Information and Knowledge Services for resilience in 5 island countries of the Pacific Ocean,https://cdn.climatepolicyradar.org/navigator/PLW/2020/enhancing-climate-information-and-knowledge-services-for-resilience-in-5-island-countries-of-the-pacific-ocean_609827dc261d4324bfa12a01f679e67f.pdf,2020-11-13T00:00:00Z,Performance report,COK;MHL;NIU;PLW;TUV,FP147,https://climateprojectexplorer.org/document/enhancing-climate-information-and-knowledge-services-for-resilience-in-5-island-countries-of-the-pacific-ocean_57a2,https://www.greenclimate.fund/sites/default/files/document/fp147-annual-performance-report-cy2021.pdf,application/pdf,609827dc261d4324bfa12a01f679e67f,GCF.family.FP147.20710,2020,out_of_scope_geo
GCF.document.FP147_20710.15832,Enhancing Climate Information and Knowledge Services for resilience in 5 island countries of the Pacific Ocean — 2022 Annual Performance Report for FP147: Enhancing Climate Information and Knowledge Services for resilience in 5 island countries of the Pacific Ocean,https://cdn.climatepolicyradar.org/navigator/PLW/2020/enhancing-climate-information-and-knowledge-services-for-resilience-in-5-island-countries-of-the-pacific-ocean_6c62c83dc6efbbab680ee30e3cd1418a.pdf,2020-11-13T00:00:00Z,Performance report,COK;MHL;NIU;PLW;TUV,FP147,https://climateprojectexplorer.org/document/enhancing-climate-information-and-knowledge-services-for-resilience-in-5-island-countries-of-the-pacific-ocean_57a2,https://www.greenclimate.fund/sites/default/files/document/fp147-annual-performance-report-cy2022-v.pdf,application/pdf,6c62c83dc6efbbab680ee30e3cd1418a,GCF.family.FP147.20710,2020,out_of_scope_geo
GCF.document.FP147_20710.18189,Enhancing Climate Information and Knowledge Services for resilience in 5 island countries of the Pacific Ocean — 2023 Annual Performance Report for FP147: Enhancing Climate Information and Knowledge Services for resilience in 5 island countries of the Pacific Ocean,https://cdn.climatepolicyradar.org/navigator/COK/2020/enhancing-climate-information-and-knowledge-services-for-resilience-in-5-island-countries-of-the-pacific-ocean_b1ef9b41e4fef65123586aa758729317.pdf,2020-11-13T00:00:00Z,Performance report,COK;MHL;NIU;PLW;TUV,FP147,https://climateprojectexplorer.org/document/enhancing-climate-information-and-knowledge-services-for-resilience-in-5-island-countries-of-the-pacific-ocean_57a2,https://www.greenclimate.fund/sites/default/files/document/fp147-annual-performance-report-cy2023.pdf,application/pdf,b1ef9b41e4fef65123586aa758729317,GCF.family.FP147.20710,2020,out_of_scope_geo
GCF.document.FP147_20710.21253,Enhancing Climate Information and Knowledge Services for resilience in 5 island countries of the Pacific Ocean — Interim evaluation report for FP147: Enhancing Climate Information and Knowledge Services for resilience in 5 island countries of the Pacific Ocean,https://cdn.climatepolicyradar.org/navigator/COK/2020/enhancing-climate-information-and-knowledge-services-for-resilience-in-5-island-countries-of-the-pacific-ocean_df839ae9174e52e9e380fd402e962fa3.pdf,2020-11-13T00:00:00Z,Interim evaluation report for FP147: Enhancing Climate Information and Knowledge Services for resilience in 5 island countries of the Pacific Ocean,COK;MHL;NIU;PLW;TUV,FP147,https://climateprojectexplorer.org/document/enhancing-climate-information-and-knowledge-services-for-resilience-in-5-island-countries-of-the-pacific-ocean_57a2,https://www.greenclimate.fund/sites/default/files/document/fp147-interim-evaluation-report-pub.pdf,application/pdf,df839ae9174e52e9e380fd402e962fa3,GCF.family.FP147.20710,2020,out_of_scope_geo
GCF.document.FP147_20710.21132,Enhancing Climate Information and Knowledge Services for resilience in 5 island countries of the Pacific Ocean — 2024 Annual Performance Report for FP147: Enhancing Climate Information and Knowledge Services for resilience in 5 island countries of the Pacific Ocean,https://cdn.climatepolicyradar.org/navigator/COK/2020/enhancing-climate-information-and-knowledge-services-for-resilience-in-5-island-countries-of-the-pacific-ocean_4960b2d2f598edaf0de02307c637c277.pdf,2020-11-13T00:00:00Z,Performance report,COK;MHL;NIU;PLW;TUV,FP147,https://climateprojectexplorer.org/document/enhancing-climate-information-and-knowledge-services-for-resilience-in-5-island-countries-of-the-pacific-ocean_57a2,https://www.greenclimate.fund/sites/default/files/document/fp147-50846-annual-performance-report-cy2024-v2.pdf,application/pdf,4960b2d2f598edaf0de02307c637c277,GCF.family.FP147.20710,2020,out_of_scope_geo
GCF.document.SAP026_22740.15595,Extended Community Climate Change Project-Drought (ECCCP-Drought) — Extended Community Climate Change Project-Drought (ECCCP- Drought),https://cdn.climatepolicyradar.org/navigator/BGD/2023/extended-community-climate-change-project-drought-ecccp-drought_19a8abfe62ffc950ed68685a5fc78e7d.pdf,2023-07-13T00:00:00Z,Extended Community Climate Change Project-Drought (ECCCP- Drought),BGD,SAP026,https://climateprojectexplorer.org/document/extended-community-climate-change-project-drought-ecccp-drought_bea6,https://www.greenclimate.fund/sites/default/files/document/sap026-pksf-bangladesh.pdf,application/pdf,19a8abfe62ffc950ed68685a5fc78e7d,GCF.family.SAP026.22740,2023,out_of_scope_geo
GCF.document.SAP026_22740.15645,Extended Community Climate Change Project-Drought (ECCCP-Drought) — Gender action plan for SAP026: Extended Community Climate Change Project-Drought (ECCCP-Drought),https://cdn.climatepolicyradar.org/navigator/BGD/2023/extended-community-climate-change-project-drought-ecccp-drought_5ad333a57028c480138857ddc8395a23.pdf,2023-07-13T00:00:00Z,Gender action plan for SAP026: Extended Community Climate Change Project-Drought (ECCCP-Drought),BGD,SAP026,https://climateprojectexplorer.org/document/extended-community-climate-change-project-drought-ecccp-drought_bea6,https://www.greenclimate.fund/sites/default/files/document/sap026-gender-action-plan.pdf,application/pdf,5ad333a57028c480138857ddc8395a23,GCF.family.SAP026.22740,2023,out_of_scope_geo
GCF.document.SAP026_22740.15638,Extended Community Climate Change Project-Drought (ECCCP-Drought) — Gender assessment for SAP026: Extended Community Climate Change Project-Drought (ECCCP-Drought),https://cdn.climatepolicyradar.org/navigator/BGD/2023/extended-community-climate-change-project-drought-ecccp-drought_8501b9b16cfaf13755dde601c64ef775.pdf,2023-07-13T00:00:00Z,Gender assessment for SAP026: Extended Community Climate Change Project-Drought (ECCCP-Drought),BGD,SAP026,https://climateprojectexplorer.org/document/extended-community-climate-change-project-drought-ecccp-drought_bea6,https://www.greenclimate.fund/sites/default/files/document/sap026-gender-assessment.pdf,application/pdf,8501b9b16cfaf13755dde601c64ef775,GCF.family.SAP026.22740,2023,out_of_scope_geo
GCF.document.SAP026_22740.21196,Extended Community Climate Change Project-Drought (ECCCP-Drought) — 2024 Annual Performance Report for SAP026: Extended Community Climate Change Project-Drought (ECCCP-Drought),https://cdn.climatepolicyradar.org/navigator/BGD/2023/extended-community-climate-change-project-drought-ecccp-drought_b8b8458b3a5a722a055649708f0947f3.pdf,2023-07-13T00:00:00Z,Performance report,BGD,SAP026,https://climateprojectexplorer.org/document/extended-community-climate-change-project-drought-ecccp-drought_bea6,https://www.greenclimate.fund/sites/default/files/document/sap026-50941-annual-performance-report-cy2024-v7.pdf,application/pdf,b8b8458b3a5a722a055649708f0947f3,GCF.family.SAP026.22740,2023,out_of_scope_geo
GCF.document.FP091_18770.5784,South Tarawa Water Supply Project — Gender assessment for FP091: South Tarawa Water Supply Project,https://cdn.climatepolicyradar.org/navigator/KIR/2018/south-tarawa-water-supply-project_9877a6a7ab027834c3c43ac5e3aaed62.pdf,2018-10-20T00:00:00Z,Gender assessment for FP091: South Tarawa Water Supply Project,KIR,FP091,https://climateprojectexplorer.org/document/south-tarawa-water-supply-project_c755,https://www.greenclimate.fund/sites/default/files/document/gender-assessment-fp091-adb-kiribati.pdf,application/pdf,9877a6a7ab027834c3c43ac5e3aaed62,GCF.family.FP091.18770,2018,out_of_scope_geo
GCF.document.FP091_18770.5798,South Tarawa Water Supply Project — Gender action plan for FP091: South Tarawa Water Supply Project,https://cdn.climatepolicyradar.org/navigator/KIR/2018/south-tarawa-water-supply-project_4a4521e26f003a9a988e19da3c6bc15a.pdf,2018-10-20T00:00:00Z,Gender action plan for FP091: South Tarawa Water Supply Project,KIR,FP091,https://climateprojectexplorer.org/document/south-tarawa-water-supply-project_c755,https://www.greenclimate.fund/sites/default/files/document/gender-action-plan-fp091-adb-kiribati.pdf,application/pdf,4a4521e26f003a9a988e19da3c6bc15a,GCF.family.FP091.18770,2018,out_of_scope_geo
GCF.document.FP091_18770.5553,South Tarawa Water Supply Project — South Tarawa water supply project,https://cdn.climatepolicyradar.org/navigator/KIR/2018/south-tarawa-water-supply-project_99c333a08a193b91d607ee5666dca091.pdf,2018-10-20T00:00:00Z,South Tarawa water supply project,KIR,FP091,https://climateprojectexplorer.org/document/south-tarawa-water-supply-project_c755,https://www.greenclimate.fund/sites/default/files/document/funding-proposal-fp091-adb-kiribati.pdf,application/pdf,99c333a08a193b91d607ee5666dca091,GCF.family.FP091.18770,2018,out_of_scope_geo
GCF.document.FP091_18770.21099,South Tarawa Water Supply Project — 2024 Annual Performance Report for FP091: South Tarawa Water Supply Project,https://cdn.climatepolicyradar.org/navigator/KIR/2018/south-tarawa-water-supply-project_fdea8a92bb665af1290cfcf8a0379b7c.pdf,2018-10-20T00:00:00Z,Performance report,KIR,FP091,https://climateprojectexplorer.org/document/south-tarawa-water-supply-project_c755,https://www.greenclimate.fund/sites/default/files/document/fp091-50795-annual-performance-report-cy2024-v1.pdf,application/pdf,fdea8a92bb665af1290cfcf8a0379b7c,GCF.family.FP091.18770,2018,out_of_scope_geo
GCF.document.FP062_16320.6353,"Poverty, Reforestation, Energy and Climate Change Project (PROEZA) — Poverty, Reforestation, Energy and Climate Change project",https://cdn.climatepolicyradar.org/navigator/PRY/2018/poverty-reforestation-energy-and-climate-change-project-proeza_93b8a138fad3e23faae640a1245c665b.pdf,2018-03-01T00:00:00Z,"Poverty, Reforestation, Energy and Climate Change project",PRY,FP062,https://climateprojectexplorer.org/document/poverty-reforestation-energy-and-climate-change-project-proeza_1124,https://www.greenclimate.fund/sites/default/files/document/funding-proposal-fp062-fao-paraguay.pdf,application/pdf,93b8a138fad3e23faae640a1245c665b,GCF.family.FP062.16320,2018,out_of_scope_geo
GCF.document.FP062_16320.6163,"Poverty, Reforestation, Energy and Climate Change Project (PROEZA) — Gender assessment for FP062: Poverty, Reforestation, Energy and Climate Change Project (PROEZA)",https://cdn.climatepolicyradar.org/navigator/PRY/2018/poverty-reforestation-energy-and-climate-change-project-proeza_3573b5055448f1fd4392bf712c678057.pdf,2018-03-01T00:00:00Z,"Gender assessment for FP062: Poverty, Reforestation, Energy and Climate Change Project (PROEZA)",PRY,FP062,https://climateprojectexplorer.org/document/poverty-reforestation-energy-and-climate-change-project-proeza_1124,https://www.greenclimate.fund/sites/default/files/document/gender-assessment-fp062-fao-paraguay.pdf,application/pdf,3573b5055448f1fd4392bf712c678057,GCF.family.FP062.16320,2018,out_of_scope_geo
GCF.document.FP062_16320.6744,"Poverty, Reforestation, Energy and Climate Change Project (PROEZA) — Gender action plan for FP062: Poverty, Reforestation, Energy and Climate Change Project (PROEZA)",https://cdn.climatepolicyradar.org/navigator/PRY/2018/poverty-reforestation-energy-and-climate-change-project-proeza_6255285a6274a1441e72a02908bbc65a.pdf,2018-03-01T00:00:00Z,"Gender action plan for FP062: Poverty, Reforestation, Energy and Climate Change Project (PROEZA)",PRY,FP062,https://climateprojectexplorer.org/document/poverty-reforestation-energy-and-climate-change-project-proeza_1124,https://www.greenclimate.fund/sites/default/files/document/gender-action-plan-fp062-fao-paraguay.pdf,application/pdf,6255285a6274a1441e72a02908bbc65a,GCF.family.FP062.16320,2018,out_of_scope_geo
GCF.document.FP062_16320.12682,"Poverty, Reforestation, Energy and Climate Change Project (PROEZA) — 2020 Annual Performance Report for FP062: Poverty, Reforestation, Energy and Climate Change Project (PROEZA)",https://cdn.climatepolicyradar.org/navigator/PRY/2018/poverty-reforestation-energy-and-climate-change-project-proeza_c627f9d407cefd727f183639d39158ae.pdf,2018-03-01T00:00:00Z,Performance report,PRY,FP062,https://climateprojectexplorer.org/document/poverty-reforestation-energy-and-climate-change-project-proeza_1124,https://www.greenclimate.fund/sites/default/files/document/fp062-annual-performance-report-cy2020.pdf,application/pdf,c627f9d407cefd727f183639d39158ae,GCF.family.FP062.16320,2018,out_of_scope_geo
GCF.document.FP062_16320.14678,"Poverty, Reforestation, Energy and Climate Change Project (PROEZA) — 2021 Annual Performance Report for FP062: Poverty, Reforestation, Energy and Climate Change Project (PROEZA)",https://cdn.climatepolicyradar.org/navigator/PRY/2018/poverty-reforestation-energy-and-climate-change-project-proeza_ceab83c79cf915b92cfd73553f8cc512.pdf,2018-03-01T00:00:00Z,Performance report,PRY,FP062,https://climateprojectexplorer.org/document/poverty-reforestation-energy-and-climate-change-project-proeza_1124,https://www.greenclimate.fund/sites/default/files/document/fp062-annual-performance-report-cy2021-v.pdf,application/pdf,ceab83c79cf915b92cfd73553f8cc512,GCF.family.FP062.16320,2018,out_of_scope_geo
GCF.document.FP062_16320.16352,"Poverty, Reforestation, Energy and Climate Change Project (PROEZA) — 2022 Annual Performance Report for FP062: Poverty, Reforestation, Energy and Climate Change Project (PROEZA)",https://cdn.climatepolicyradar.org/navigator/PRY/2018/poverty-reforestation-energy-and-climate-change-project-proeza_cc68f73301634bb6bb21eaab0788ffa6.pdf,2018-03-01T00:00:00Z,Performance report,PRY,FP062,https://climateprojectexplorer.org/document/poverty-reforestation-energy-and-climate-change-project-proeza_1124,https://www.greenclimate.fund/sites/default/files/document/fp062-annual-performance-report-cy2022-v.pdf,application/pdf,cc68f73301634bb6bb21eaab0788ffa6,GCF.family.FP062.16320,2018,out_of_scope_geo
GCF.document.FP062_16320.17530,"Poverty, Reforestation, Energy and Climate Change Project (PROEZA) — 2023 Annual Performance Report for FP062: Poverty, Reforestation, Energy and Climate Change Project (PROEZA)",https://cdn.climatepolicyradar.org/navigator/PRY/2018/poverty-reforestation-energy-and-climate-change-project-proeza_342df33700a878efd9ece1460c4b2380.pdf,2018-03-01T00:00:00Z,Performance report,PRY,FP062,https://climateprojectexplorer.org/document/poverty-reforestation-energy-and-climate-change-project-proeza_1124,https://www.greenclimate.fund/sites/default/files/document/fp062-annual-performance-report-cy2023.pdf,application/pdf,342df33700a878efd9ece1460c4b2380,GCF.family.FP062.16320,2018,out_of_scope_geo
GCF.document.FP062_16320.21084,"Poverty, Reforestation, Energy and Climate Change Project (PROEZA) — 2024 Annual Performance Report for FP062: Poverty, Reforestation, Energy and Climate Change Project (PROEZA)",https://cdn.climatepolicyradar.org/navigator/PRY/2018/poverty-reforestation-energy-and-climate-change-project-proeza_fc83f49f1b90307966c58cad730076a0.pdf,2018-03-01T00:00:00Z,Performance report,PRY,FP062,https://climateprojectexplorer.org/document/poverty-reforestation-energy-and-climate-change-project-proeza_1124,https://www.greenclimate.fund/sites/default/files/document/fp062-50769-annual-performance-report-cy2024-v3.pdf,application/pdf,fc83f49f1b90307966c58cad730076a0,GCF.family.FP062.16320,2018,out_of_scope_geo
GCF.document.FP062_16320.21242,"Poverty, Reforestation, Energy and Climate Change Project (PROEZA) — Interim evaluation report for FP062: Poverty, Reforestation, Energy and Climate Change Project (PROEZA)",https://cdn.climatepolicyradar.org/navigator/PRY/2018/poverty-reforestation-energy-and-climate-change-project-proeza_57a1fb7b9311f8046319cb2bd5eddaa0.pdf,2018-03-01T00:00:00Z,"Interim evaluation report for FP062: Poverty, Reforestation, Energy and Climate Change Project (PROEZA)",PRY,FP062,https://climateprojectexplorer.org/document/poverty-reforestation-energy-and-climate-change-project-proeza_1124,https://www.greenclimate.fund/sites/default/files/document/fp062-interim-evaluation-report-pub.pdf,application/pdf,57a1fb7b9311f8046319cb2bd5eddaa0,GCF.family.FP062.16320,2018,out_of_scope_geo
GCF.document.FP083_19610.5775,Indonesia Geothermal Resource Risk Mitigation Project — Gender assessment for FP083: Indonesia Geothermal Resource Risk Mitigation Project,https://cdn.climatepolicyradar.org/navigator/IDN/2018/indonesia-geothermal-resource-risk-mitigation-project_fb6715ea128d6ab0e1cff99d96cc8729.pdf,2018-10-20T00:00:00Z,Gender assessment for FP083: Indonesia Geothermal Resource Risk Mitigation Project,IDN,FP083,https://climateprojectexplorer.org/document/indonesia-geothermal-resource-risk-mitigation-project_5903,https://www.greenclimate.fund/sites/default/files/document/gender-assessment-fp083-world-bank-indonesia.pdf,application/pdf,fb6715ea128d6ab0e1cff99d96cc8729,GCF.family.FP083.19610,2018,out_of_scope_geo
GCF.document.FP083_19610.5804,Indonesia Geothermal Resource Risk Mitigation Project — Gender action plan for FP083: Indonesia Geothermal Resource Risk Mitigation Project,https://cdn.climatepolicyradar.org/navigator/IDN/2018/indonesia-geothermal-resource-risk-mitigation-project_32e001824b5960fdbc53cd5859f341fd.pdf,2018-10-20T00:00:00Z,Gender action plan for FP083: Indonesia Geothermal Resource Risk Mitigation Project,IDN,FP083,https://climateprojectexplorer.org/document/indonesia-geothermal-resource-risk-mitigation-project_5903,https://www.greenclimate.fund/sites/default/files/document/gender-action-plans-fp083-world-bank-indonesia.pdf,application/pdf,32e001824b5960fdbc53cd5859f341fd,GCF.family.FP083.19610,2018,out_of_scope_geo
GCF.document.FP083_19610.12645,Indonesia Geothermal Resource Risk Mitigation Project — 2020 Annual Performance Report for FP083: Indonesia Geothermal Resource Risk Mitigation Project,https://cdn.climatepolicyradar.org/navigator/IDN/2018/indonesia-geothermal-resource-risk-mitigation-project_f54bcbb6a1e60250a4e10f743cfb416c.pdf,2018-10-20T00:00:00Z,Performance report,IDN,FP083,https://climateprojectexplorer.org/document/indonesia-geothermal-resource-risk-mitigation-project_5903,https://www.greenclimate.fund/sites/default/files/document/fp083-annual-performance-report-cy2020-disclosable.pdf,application/pdf,f54bcbb6a1e60250a4e10f743cfb416c,GCF.family.FP083.19610,2018,out_of_scope_geo
GCF.document.FP083_19610.5547,Indonesia Geothermal Resource Risk Mitigation Project — Indonesia geothermal resource risk mitigation project,https://cdn.climatepolicyradar.org/navigator/IDN/2018/indonesia-geothermal-resource-risk-mitigation-project_35797a132e43dc83474e3bddaac1c5f0.pdf,2018-10-20T00:00:00Z,Indonesia geothermal resource risk mitigation project,IDN,FP083,https://climateprojectexplorer.org/document/indonesia-geothermal-resource-risk-mitigation-project_5903,https://www.greenclimate.fund/sites/default/files/document/funding-proposal-fp083-world-bank-indonesia.pdf,application/pdf,35797a132e43dc83474e3bddaac1c5f0,GCF.family.FP083.19610,2018,out_of_scope_geo
GCF.document.FP083_19610.17365,Indonesia Geothermal Resource Risk Mitigation Project — 2023 Annual Performance Report for FP083: Indonesia Geothermal Resource Risk Mitigation Project,https://cdn.climatepolicyradar.org/navigator/IDN/2018/indonesia-geothermal-resource-risk-mitigation-project_9aba56b1911c2d8a22fba651f330940c.pdf,2018-10-20T00:00:00Z,Performance report,IDN,FP083,https://climateprojectexplorer.org/document/indonesia-geothermal-resource-risk-mitigation-project_5903,https://www.greenclimate.fund/sites/default/files/document/fp083-apr-disclosable-sections.pdf,application/pdf,9aba56b1911c2d8a22fba651f330940c,GCF.family.FP083.19610,2018,out_of_scope_geo
GCF.document.FP083_19610.16381,Indonesia Geothermal Resource Risk Mitigation Project — 2022 Annual Performance Report for FP083: Indonesia Geothermal Resource Risk Mitigation Project,https://cdn.climatepolicyradar.org/navigator/IDN/2018/indonesia-geothermal-resource-risk-mitigation-project_df5d928cc0b303efd9f4d4da0b8640e2.pdf,2018-10-20T00:00:00Z,Performance report,IDN,FP083,https://climateprojectexplorer.org/document/indonesia-geothermal-resource-risk-mitigation-project_5903,https://www.greenclimate.fund/sites/default/files/document/disclosable-fp083-annual-performance-report-cy2022-v.pdf,application/pdf,df5d928cc0b303efd9f4d4da0b8640e2,GCF.family.FP083.19610,2018,out_of_scope_geo
GCF.document.FP083_19610.21095,Indonesia Geothermal Resource Risk Mitigation Project — 2024 Annual Performance Report for FP083: Indonesia Geothermal Resource Risk Mitigation Project,https://cdn.climatepolicyradar.org/navigator/IDN/2018/indonesia-geothermal-resource-risk-mitigation-project_9cb4d681efd5d247737ecf55eae77a7a.pdf,2018-10-20T00:00:00Z,Performance report,IDN,FP083,https://climateprojectexplorer.org/document/indonesia-geothermal-resource-risk-mitigation-project_5903,https://www.greenclimate.fund/sites/default/files/document/fp083-50788-annual-performance-report-cy2024-v1.pdf,application/pdf,9cb4d681efd5d247737ecf55eae77a7a,GCF.family.FP083.19610,2018,out_of_scope_geo
GCF.document.FP102_17750.9924,Mali solar rural electrification project — Gender assessment for FP102: Mali solar rural electrification project,https://cdn.climatepolicyradar.org/navigator/MLI/2019/mali-solar-rural-electrification-project_063a97d06d68775b51b2dc42549a5cc4.pdf,2019-02-28T00:00:00Z,Gender assessment for FP102: Mali solar rural electrification project,MLI,FP102,https://climateprojectexplorer.org/document/mali-solar-rural-electrification-project_acc8,https://www.greenclimate.fund/sites/default/files/document/gender-assessment-fp102-boad-mali.pdf,application/pdf,063a97d06d68775b51b2dc42549a5cc4,GCF.family.FP102.17750,2019,parked
GCF.document.FP102_17750.9979,Mali solar rural electrification project — Gender action plan for FP102: Mali solar rural electrification project,https://cdn.climatepolicyradar.org/navigator/MLI/2019/mali-solar-rural-electrification-project_2d4f8cf1ff2e39cee592184fe7bf2b79.pdf,2019-02-28T00:00:00Z,Gender action plan for FP102: Mali solar rural electrification project,MLI,FP102,https://climateprojectexplorer.org/document/mali-solar-rural-electrification-project_acc8,https://www.greenclimate.fund/sites/default/files/document/gender-action-and-plan-fp102-boad-mali.pdf,application/pdf,2d4f8cf1ff2e39cee592184fe7bf2b79,GCF.family.FP102.17750,2019,parked
GCF.document.FP102_17750.5564,Mali solar rural electrification project — Mali solar rural electrification project,https://cdn.climatepolicyradar.org/navigator/MLI/2019/mali-solar-rural-electrification-project_9d48ad154ad5ec1431ac67c51ee7aae3.pdf,2019-02-28T00:00:00Z,Mali solar rural electrification project,MLI,FP102,https://climateprojectexplorer.org/document/mali-solar-rural-electrification-project_acc8,https://www.greenclimate.fund/sites/default/files/document/funding-proposal-fp102-boad-mali.pdf,application/pdf,9d48ad154ad5ec1431ac67c51ee7aae3,GCF.family.FP102.17750,2019,parked
GCF.document.FP102_17750.16384,Mali solar rural electrification project — 2022 Annual Performance Report for FP102: Mali solar rural electrification project,https://cdn.climatepolicyradar.org/navigator/MLI/2019/mali-solar-rural-electrification-project_0add3b436aa44f3ba6fea774596c6922.pdf,2019-02-28T00:00:00Z,Performance report,MLI,FP102,https://climateprojectexplorer.org/document/mali-solar-rural-electrification-project_acc8,https://www.greenclimate.fund/sites/default/files/document/disclosable-fp102-annual-performance-report-cy2022-v.pdf,application/pdf,0add3b436aa44f3ba6fea774596c6922,GCF.family.FP102.17750,2019,parked_progress
GCF.document.FP102_17750.20016,Mali solar rural electrification project — 2023 Annual Performance Report for FP102: Mali solar rural electrification project,https://cdn.climatepolicyradar.org/navigator/MLI/2019/mali-solar-rural-electrification-project_77ca06f78e9a7c52d61656757b41962f.pdf,2019-02-28T00:00:00Z,Performance report,MLI,FP102,https://climateprojectexplorer.org/document/mali-solar-rural-electrification-project_acc8,https://www.greenclimate.fund/sites/default/files/document/fp102-annual-performance-report-cy2023.pdf,application/pdf,77ca06f78e9a7c52d61656757b41962f,GCF.family.FP102.17750,2019,parked_progress
GCF.document.FP102_17750.21106,Mali solar rural electrification project — 2024 Annual Performance Report for FP102: Mali solar rural electrification project,https://cdn.climatepolicyradar.org/navigator/MLI/2019/mali-solar-rural-electrification-project_4e0572eec3c0cedfeee8c9e9711c351e.pdf,2019-02-28T00:00:00Z,Performance report,MLI,FP102,https://climateprojectexplorer.org/document/mali-solar-rural-electrification-project_acc8,https://www.greenclimate.fund/sites/default/files/document/fp102-50806-annual-performance-report-cy2024-v3.pdf,application/pdf,4e0572eec3c0cedfeee8c9e9711c351e,GCF.family.FP102.17750,2019,parked_progress
GCF.document.FP041_12870.6326,Simiyu Climate Resilient Project — Simiyu climate resilience project,https://cdn.climatepolicyradar.org/navigator/TZA/2017/simiyu-climate-resilient-project_24a4cb15b1c713f016d371b55610cc5e.pdf,2017-04-06T00:00:00Z,Simiyu climate resilience project,TZA,FP041,https://climateprojectexplorer.org/document/simiyu-climate-resilient-project_0366,https://www.greenclimate.fund/sites/default/files/document/funding-proposal-fp041-kfw-tanzania.pdf,application/pdf,24a4cb15b1c713f016d371b55610cc5e,GCF.family.FP041.12870,2017,parked
GCF.document.FP041_12870.6140,Simiyu Climate Resilient Project — Gender assessment for FP041: Simiyu Climate Resilient Development Programme,https://cdn.climatepolicyradar.org/navigator/TZA/2017/simiyu-climate-resilient-project_e69cf84b502b605196a0ebea86d9abc0.pdf,2017-04-06T00:00:00Z,Gender assessment for FP041: Simiyu Climate Resilient Development Programme,TZA,FP041,https://climateprojectexplorer.org/document/simiyu-climate-resilient-project_0366,https://www.greenclimate.fund/sites/default/files/document/gender-assessment-fp041-kfw-tanzania.pdf,application/pdf,e69cf84b502b605196a0ebea86d9abc0,GCF.family.FP041.12870,2017,parked
GCF.document.FP041_12870.13619,Simiyu Climate Resilient Project — Gender action plan for FP041: Simiyu Climate Resilient Project,https://cdn.climatepolicyradar.org/navigator/TZA/2017/simiyu-climate-resilient-project_014f050fd52b507484ebb9b5cbe3cdc3.pdf,2017-04-06T00:00:00Z,Gender action plan for FP041: Simiyu Climate Resilient Project,TZA,FP041,https://climateprojectexplorer.org/document/simiyu-climate-resilient-project_0366,https://www.greenclimate.fund/sites/default/files/document/fp041-gap.pdf,application/pdf,014f050fd52b507484ebb9b5cbe3cdc3,GCF.family.FP041.12870,2017,parked
GCF.document.FP041_12870.11501,Simiyu Climate Resilient Project — 2019 Annual Performance Report for FP041: Simiyu Climate Resilience Project,https://cdn.climatepolicyradar.org/navigator/TZA/2017/simiyu-climate-resilient-project_e891b7cb63118c40367c69c01d16230e.pdf,2017-04-06T00:00:00Z,Performance report,TZA,FP041,https://climateprojectexplorer.org/document/simiyu-climate-resilient-project_0366,https://www.greenclimate.fund/sites/default/files/document/fp041-2019apr.pdf,application/pdf,e891b7cb63118c40367c69c01d16230e,GCF.family.FP041.12870,2017,parked_progress
GCF.document.FP041_12870.17417,Simiyu Climate Resilient Project — 2022 Annual Performance Report for FP041: Simiyu Climate Resilient Project,https://cdn.climatepolicyradar.org/navigator/TZA/2017/simiyu-climate-resilient-project_a828a669a7dd16516b8dd23f944faea4.pdf,2017-04-06T00:00:00Z,Performance report,TZA,FP041,https://climateprojectexplorer.org/document/simiyu-climate-resilient-project_0366,https://www.greenclimate.fund/sites/default/files/document/fp041-apr-cy2022-disclosable-sections.pdf,application/pdf,a828a669a7dd16516b8dd23f944faea4,GCF.family.FP041.12870,2017,parked_progress
GCF.document.FP041_12870.13688,Simiyu Climate Resilient Project — 2020 Annual Performance Report for FP041: Simiyu Climate Resilient Project,https://cdn.climatepolicyradar.org/navigator/TZA/2017/simiyu-climate-resilient-project_f64ba15d7cf026feaaaef4bf9e53df1a.pdf,2017-04-06T00:00:00Z,Performance report,TZA,FP041,https://climateprojectexplorer.org/document/simiyu-climate-resilient-project_0366,https://www.greenclimate.fund/sites/default/files/document/fp041-apr2020.pdf,application/pdf,f64ba15d7cf026feaaaef4bf9e53df1a,GCF.family.FP041.12870,2017,parked_progress
GCF.document.FP041_12870.20052,Simiyu Climate Resilient Project — 2023 Annual Performance Report for FP041: Simiyu Climate Resilient Project,https://cdn.climatepolicyradar.org/navigator/TZA/2017/simiyu-climate-resilient-project_c5b1ff3af39373367aec82ad1dfca2c8.pdf,2017-04-06T00:00:00Z,Performance report,TZA,FP041,https://climateprojectexplorer.org/document/simiyu-climate-resilient-project_0366,https://www.greenclimate.fund/sites/default/files/document/fp041-annual-performance-report-cy2023.pdf,application/pdf,c5b1ff3af39373367aec82ad1dfca2c8,GCF.family.FP041.12870,2017,parked_progress
GCF.document.FP041_12870.21238,Simiyu Climate Resilient Project — Interim evaluation report for FP041: Simiyu Climate Resilient Project,https://cdn.climatepolicyradar.org/navigator/TZA/2017/simiyu-climate-resilient-project_0e7d4d8757fbc89070fa54532cd25cf0.pdf,2017-04-06T00:00:00Z,Interim evaluation report for FP041: Simiyu Climate Resilient Project,TZA,FP041,https://climateprojectexplorer.org/document/simiyu-climate-resilient-project_0366,https://www.greenclimate.fund/sites/default/files/document/fp041-interim-evaluation-report-pub.pdf,application/pdf,0e7d4d8757fbc89070fa54532cd25cf0,GCF.family.FP041.12870,2017,parked
GCF.document.FP159_23390.12146,PREFOREST CONGO - Project to reduce greenhouse gas emissions from forests in five departments in the Republic of Congo — PREFOREST CONGO - Project to reduce greenhouse gas emissions from forests in five departments in the Republic of Congo,https://cdn.climatepolicyradar.org/navigator/COG/2021/preforest-congo-project-to-reduce-greenhouse-gas-emissions-from-forests-in-five-departments-in-the-republic-of-congo_7c076a1e19e3fdb8eb464736c2d4a9d0.pdf,2021-03-19T00:00:00Z,PREFOREST CONGO - Project to reduce greenhouse gas emissions from forests in five departments in the Republic of Congo,COG,FP159,https://climateprojectexplorer.org/document/preforest-congo-project-to-reduce-greenhouse-gas-emissions-from-forests-in-five-departments-in-the-republic-of-congo_8c5c,https://www.greenclimate.fund/sites/default/files/document/funding-proposal-fp159.pdf,application/pdf,7c076a1e19e3fdb8eb464736c2d4a9d0,GCF.family.FP159.23390,2021,parked
GCF.document.FP159_23390.12112,PREFOREST CONGO - Project to reduce greenhouse gas emissions from forests in five departments in the Republic of Congo — Gender action plan for FP159: PREFOREST CONGO - Project to reduce greenhouse gas emissions from forests in five departments in the Republic of Congo,https://cdn.climatepolicyradar.org/navigator/COG/2021/preforest-congo-project-to-reduce-greenhouse-gas-emissions-from-forests-in-five-departments-in-the-republic-of-congo_85fbe73744259c6dc068b4219e18f845.pdf,2021-03-19T00:00:00Z,Gender action plan for FP159: PREFOREST CONGO - Project to reduce greenhouse gas emissions from forests in five departments in the Republic of Congo,COG,FP159,https://climateprojectexplorer.org/document/preforest-congo-project-to-reduce-greenhouse-gas-emissions-from-forests-in-five-departments-in-the-republic-of-congo_8c5c,https://www.greenclimate.fund/sites/default/files/document/fp159-gender-action-plan.pdf,application/pdf,85fbe73744259c6dc068b4219e18f845,GCF.family.FP159.23390,2021,parked
GCF.document.FP159_23390.14527,PREFOREST CONGO - Project to reduce greenhouse gas emissions from forests in five departments in the Republic of Congo — 2021 Annual Performance Report for FP159: PREFOREST CONGO - Project to reduce greenhouse gas emissions from forests in five departments in the Republic of Congo,https://cdn.climatepolicyradar.org/navigator/COG/2021/preforest-congo-project-to-reduce-greenhouse-gas-emissions-from-forests-in-five-departments-in-the-republic-of-congo_d0271a3fc0245846b8457ca63e3dda92.pdf,2021-03-19T00:00:00Z,Performance report,COG,FP159,https://climateprojectexplorer.org/document/preforest-congo-project-to-reduce-greenhouse-gas-emissions-from-forests-in-five-departments-in-the-republic-of-congo_8c5c,https://www.greenclimate.fund/sites/default/files/document/fp159-annual-performance-report-cy2021.pdf,application/pdf,d0271a3fc0245846b8457ca63e3dda92,GCF.family.FP159.23390,2021,parked_progress
GCF.document.FP159_23390.16326,PREFOREST CONGO - Project to reduce greenhouse gas emissions from forests in five departments in the Republic of Congo — 2022 Annual Performance Report for FP159: PREFOREST CONGO - Project to reduce greenhouse gas emissions from forests in five departments in the Republic of Congo,https://cdn.climatepolicyradar.org/navigator/COG/2021/preforest-congo-project-to-reduce-greenhouse-gas-emissions-from-forests-in-five-departments-in-the-republic-of-congo_3e560cdfcf62004d921396436d0f8248.pdf,2021-03-19T00:00:00Z,Performance report,COG,FP159,https://climateprojectexplorer.org/document/preforest-congo-project-to-reduce-greenhouse-gas-emissions-from-forests-in-five-departments-in-the-republic-of-congo_8c5c,https://www.greenclimate.fund/sites/default/files/document/fp159-annual-performance-report-cy2022-v.pdf,application/pdf,3e560cdfcf62004d921396436d0f8248,GCF.family.FP159.23390,2021,parked_progress
GCF.document.FP159_23390.12124,PREFOREST CONGO - Project to reduce greenhouse gas emissions from forests in five departments in the Republic of Congo — Gender assessment for FP159: PREFOREST CONGO - Project to reduce greenhouse gas emissions from forests in five departments in the Republic of Congo,https://cdn.climatepolicyradar.org/navigator/COG/2021/preforest-congo-project-to-reduce-greenhouse-gas-emissions-from-forests-in-five-departments-in-the-republic-of-congo_fc042417ba6f1dd5c82f9501b6c7785a.pdf,2021-03-19T00:00:00Z,Gender assessment for FP159: PREFOREST CONGO - Project to reduce greenhouse gas emissions from forests in five departments in the Republic of Congo,COG,FP159,https://climateprojectexplorer.org/document/preforest-congo-project-to-reduce-greenhouse-gas-emissions-from-forests-in-five-departments-in-the-republic-of-congo_8c5c,https://www.greenclimate.fund/sites/default/files/document/fp159-gender-assessment.pdf,application/pdf,fc042417ba6f1dd5c82f9501b6c7785a,GCF.family.FP159.23390,2021,parked
GCF.document.FP159_23390.20035,PREFOREST CONGO - Project to reduce greenhouse gas emissions from forests in five departments in the Republic of Congo — 2023 Annual Performance Report for FP159: PREFOREST CONGO - Project to reduce greenhouse gas emissions from forests in five departments in the Republic of Congo,https://cdn.climatepolicyradar.org/navigator/COG/2021/preforest-congo-project-to-reduce-greenhouse-gas-emissions-from-forests-in-five-departments-in-the-republic-of-congo_679d6b417dc4ebd576baabf172eecc95.pdf,2021-03-19T00:00:00Z,Performance report,COG,FP159,https://climateprojectexplorer.org/document/preforest-congo-project-to-reduce-greenhouse-gas-emissions-from-forests-in-five-departments-in-the-republic-of-congo_8c5c,https://www.greenclimate.fund/sites/default/files/document/fp159-annual-performance-report-cy2023.pdf,application/pdf,679d6b417dc4ebd576baabf172eecc95,GCF.family.FP159.23390,2021,parked_progress
GCF.document.FP159_23390.21141,PREFOREST CONGO - Project to reduce greenhouse gas emissions from forests in five departments in the Republic of Congo — 2024 Annual Performance Report for FP159: PREFOREST CONGO - Project to reduce greenhouse gas emissions from forests in five departments in the Republic of Congo,https://cdn.climatepolicyradar.org/navigator/COG/2021/preforest-congo-project-to-reduce-greenhouse-gas-emissions-from-forests-in-five-departments-in-the-republic-of-congo_2ac8a117523a5a38294a55e22fe958b9.pdf,2021-03-19T00:00:00Z,Performance report,COG,FP159,https://climateprojectexplorer.org/document/preforest-congo-project-to-reduce-greenhouse-gas-emissions-from-forests-in-five-departments-in-the-republic-of-congo_8c5c,https://www.greenclimate.fund/sites/default/files/document/fp159-50856-annual-performance-report-cy2024-v3.pdf,application/pdf,2ac8a117523a5a38294a55e22fe958b9,GCF.family.FP159.23390,2021,parked_progress
GCF.document.FP126_21130.10983,Increased climate resilience of rural households and communities through the rehabilitation of production landscapes in selected localities of the Republic of Cuba (IRES) — Increased climate resilience of rural households and communities through the rehabilitation of production landscapes in selected localities of the Republic of Cuba (IRES),https://cdn.climatepolicyradar.org/navigator/CUB/2020/increased-climate-resilience-of-rural-households-and-communities-through-the-rehabilitation-of-production-landscapes-in-selected-localities-of-the-republic-of-cuba-ires_67297cce914b4d46f2d453261a10c96e.pdf,2020-03-12T00:00:00Z,Increased climate resilience of rural households and communities through the rehabilitation of production landscapes in selected localities of the Republic of Cuba (IRES),CUB,FP126,https://climateprojectexplorer.org/document/increased-climate-resilience-of-rural-households-and-communities-through-the-rehabilitation-of-production-landscapes-in-selected-localities-of-the-republic-of-cuba-ires_3036,https://www.greenclimate.fund/sites/default/files/document/funding-proposal-fp126.pdf,application/pdf,67297cce914b4d46f2d453261a10c96e,GCF.family.FP126.21130,2020,out_of_scope_geo
GCF.document.FP126_21130.10912,Increased climate resilience of rural households and communities through the rehabilitation of production landscapes in selected localities of the Republic of Cuba (IRES) — Gender assessment for FP126: Increased climate resilience of rural households and communities through the rehabilitation of production landscapes in selected localities of the Republic of Cuba (IRES),https://cdn.climatepolicyradar.org/navigator/CUB/2020/increased-climate-resilience-of-rural-households-and-communities-through-the-rehabilitation-of-production-landscapes-in-selected-localities-of-the-republic-of-cuba-ires_7955081c0d9da38efe4c0dbd7c2b10d3.pdf,2020-03-12T00:00:00Z,Gender assessment for FP126: Increased climate resilience of rural households and communities through the rehabilitation of production landscapes in selected localities of the Republic of Cuba (IRES),CUB,FP126,https://climateprojectexplorer.org/document/increased-climate-resilience-of-rural-households-and-communities-through-the-rehabilitation-of-production-landscapes-in-selected-localities-of-the-republic-of-cuba-ires_3036,https://www.greenclimate.fund/sites/default/files/document/fp126-ga.pdf,application/pdf,7955081c0d9da38efe4c0dbd7c2b10d3,GCF.family.FP126.21130,2020,out_of_scope_geo
GCF.document.FP126_21130.10906,Increased climate resilience of rural households and communities through the rehabilitation of production landscapes in selected localities of the Republic of Cuba (IRES) — Gender action plan for FP126: Increased climate resilience of rural households and communities through the rehabilitation of production landscapes in selected localities of the Republic of Cuba (IRES),https://cdn.climatepolicyradar.org/navigator/CUB/2020/increased-climate-resilience-of-rural-households-and-communities-through-the-rehabilitation-of-production-landscapes-in-selected-localities-of-the-republic-of-cuba-ires_0baae17b98251deadf88dcb9d6e3f139.pdf,2020-03-12T00:00:00Z,Gender action plan for FP126: Increased climate resilience of rural households and communities through the rehabilitation of production landscapes in selected localities of the Republic of Cuba (IRES),CUB,FP126,https://climateprojectexplorer.org/document/increased-climate-resilience-of-rural-households-and-communities-through-the-rehabilitation-of-production-landscapes-in-selected-localities-of-the-republic-of-cuba-ires_3036,https://www.greenclimate.fund/sites/default/files/document/fp126-gap.pdf,application/pdf,0baae17b98251deadf88dcb9d6e3f139,GCF.family.FP126.21130,2020,out_of_scope_geo
GCF.document.FP126_21130.12633,Increased climate resilience of rural households and communities through the rehabilitation of production landscapes in selected localities of the Republic of Cuba (IRES) — 2020 Annual Performance Report for FP126: Increased climate resilience of rural households and communities through the rehabilitation of production landscapes in selected localities of the Republic of Cuba (IRES),https://cdn.climatepolicyradar.org/navigator/CUB/2020/increased-climate-resilience-of-rural-households-and-communities-through-the-rehabilitation-of-production-landscapes-in-selected-localities-of-the-republic-of-cuba-ires_7671fc3efe8450e6b392e185891247d5.pdf,2020-03-12T00:00:00Z,Performance report,CUB,FP126,https://climateprojectexplorer.org/document/increased-climate-resilience-of-rural-households-and-communities-through-the-rehabilitation-of-production-landscapes-in-selected-localities-of-the-republic-of-cuba-ires_3036,https://www.greenclimate.fund/sites/default/files/document/fp126-annual-performance-report-cy2020.pdf,application/pdf,7671fc3efe8450e6b392e185891247d5,GCF.family.FP126.21130,2020,out_of_scope_geo
GCF.document.FP126_21130.14517,Increased climate resilience of rural households and communities through the rehabilitation of production landscapes in selected localities of the Republic of Cuba (IRES) — 2021 Annual Performance Report for FP126: Increased climate resilience of rural households and communities through the rehabilitation of production landscapes in selected localities of the Republic of Cuba (IRES),https://cdn.climatepolicyradar.org/navigator/CUB/2020/increased-climate-resilience-of-rural-households-and-communities-through-the-rehabilitation-of-production-landscapes-in-selected-localities-of-the-republic-of-cuba-ires_0eb82056229b764531a415c49a2abd38.pdf,2020-03-12T00:00:00Z,Performance report,CUB,FP126,https://climateprojectexplorer.org/document/increased-climate-resilience-of-rural-households-and-communities-through-the-rehabilitation-of-production-landscapes-in-selected-localities-of-the-republic-of-cuba-ires_3036,https://www.greenclimate.fund/sites/default/files/document/fp126-annual-performance-report-cy2021.pdf,application/pdf,0eb82056229b764531a415c49a2abd38,GCF.family.FP126.21130,2020,out_of_scope_geo
GCF.document.FP126_21130.15826,Increased climate resilience of rural households and communities through the rehabilitation of production landscapes in selected localities of the Republic of Cuba (IRES) — 2022 Annual Performance Report for FP126: Increased climate resilience of rural households and communities through the rehabilitation of production landscapes in selected localities of the Republic of Cuba (IRES),https://cdn.climatepolicyradar.org/navigator/CUB/2020/increased-climate-resilience-of-rural-households-and-communities-through-the-rehabilitation-of-production-landscapes-in-selected-localities-of-the-republic-of-cuba-ires_8e25fde8be8ec4c89e192e784513a2d1.pdf,2020-03-12T00:00:00Z,Performance report,CUB,FP126,https://climateprojectexplorer.org/document/increased-climate-resilience-of-rural-households-and-communities-through-the-rehabilitation-of-production-landscapes-in-selected-localities-of-the-republic-of-cuba-ires_3036,https://www.greenclimate.fund/sites/default/files/document/fp126-annual-performance-report-cy2022-v.pdf,application/pdf,8e25fde8be8ec4c89e192e784513a2d1,GCF.family.FP126.21130,2020,out_of_scope_geo
GCF.document.FP126_21130.18190,Increased climate resilience of rural households and communities through the rehabilitation of production landscapes in selected localities of the Republic of Cuba (IRES) — 2023 Annual Performance Report for FP126: Increased climate resilience of rural households and communities through the rehabilitation of production landscapes in selected localities of the Republic of Cuba (IRES),https://cdn.climatepolicyradar.org/navigator/CUB/2020/increased-climate-resilience-of-rural-households-and-communities-through-the-rehabilitation-of-production-landscapes-in-selected-localities-of-the-republic-of-cuba-ires_62f1c1fe38bc0dc0d92ccf3f2fbaaa29.pdf,2020-03-12T00:00:00Z,Performance report,CUB,FP126,https://climateprojectexplorer.org/document/increased-climate-resilience-of-rural-households-and-communities-through-the-rehabilitation-of-production-landscapes-in-selected-localities-of-the-republic-of-cuba-ires_3036,https://www.greenclimate.fund/sites/default/files/document/fp126-annual-performance-report-cy2023.pdf,application/pdf,62f1c1fe38bc0dc0d92ccf3f2fbaaa29,GCF.family.FP126.21130,2020,out_of_scope_geo
GCF.document.FP126_21130.21122,Increased climate resilience of rural households and communities through the rehabilitation of production landscapes in selected localities of the Republic of Cuba (IRES) — 2024 Annual Performance Report for FP126: Increased climate resilience of rural households and communities through the rehabilitation of production landscapes in selected localities of the Republic of Cuba (IRES),https://cdn.climatepolicyradar.org/navigator/CUB/2020/increased-climate-resilience-of-rural-households-and-communities-through-the-rehabilitation-of-production-landscapes-in-selected-localities-of-the-republic-of-cuba-ires_6c28546f6dcded1297048b0c9e9a6589.pdf,2020-03-12T00:00:00Z,Performance report,CUB,FP126,https://climateprojectexplorer.org/document/increased-climate-resilience-of-rural-households-and-communities-through-the-rehabilitation-of-production-landscapes-in-selected-localities-of-the-republic-of-cuba-ires_3036,https://www.greenclimate.fund/sites/default/files/document/fp126-50827-annual-performance-report-cy2024-v2.pdf,application/pdf,6c28546f6dcded1297048b0c9e9a6589,GCF.family.FP126.21130,2020,out_of_scope_geo
GCF.document.FP126_21130.21252,Increased climate resilience of rural households and communities through the rehabilitation of production landscapes in selected localities of the Republic of Cuba (IRES) — Interim evaluation report for FP126: Increased climate resilience of rural households and communities through the rehabilitation of production landscapes in selected localities of the Republic of Cuba (IRES),https://cdn.climatepolicyradar.org/navigator/CUB/2020/increased-climate-resilience-of-rural-households-and-communities-through-the-rehabilitation-of-production-landscapes-in-selected-localities-of-the-republic-of-cuba-ires_2ea4b5977a8ade9dcecb45a68b6e681f.pdf,2020-03-12T00:00:00Z,Interim evaluation report for FP126: Increased climate resilience of rural households and communities through the rehabilitation of production landscapes in selected localities of the Republic of Cuba (IRES),CUB,FP126,https://climateprojectexplorer.org/document/increased-climate-resilience-of-rural-households-and-communities-through-the-rehabilitation-of-production-landscapes-in-selected-localities-of-the-republic-of-cuba-ires_3036,https://www.greenclimate.fund/sites/default/files/document/fp126-interim-evaluation-report-pub.pdf,application/pdf,2ea4b5977a8ade9dcecb45a68b6e681f,GCF.family.FP126.21130,2020,out_of_scope_geo
GCF.document.FP012_13440.6148,Africa Hydromet Program – Strengthening Climate Resilience in Sub-Saharan Africa: Mali Country Project — Gender assessment for FP012: Africa Hydromet Program – Strengthening Climate Resilience in Sub-Saharan Africa: Mali Country Project,https://cdn.climatepolicyradar.org/navigator/MLI/2016/africa-hydromet-program-strengthening-climate-resilience-in-sub-saharan-africa-mali-country-project_4ede2fbbe097c0428bce4beecfccfbb9.pdf,2016-06-30T00:00:00Z,Gender assessment for FP012: Africa Hydromet Program – Strengthening Climate Resilience in Sub-Saharan Africa: Mali Country Project,MLI,FP012,https://climateprojectexplorer.org/document/africa-hydromet-program-strengthening-climate-resilience-in-sub-saharan-africa-mali-country-project_9f87,https://www.greenclimate.fund/sites/default/files/document/gender-assessment-fp012-world-bank-mali.pdf,application/pdf,4ede2fbbe097c0428bce4beecfccfbb9,GCF.family.FP012.13440,2016,parked
GCF.document.FP012_13440.6204,Africa Hydromet Program – Strengthening Climate Resilience in Sub-Saharan Africa: Mali Country Project — Gender action plan for FP012: Africa Hydromet Program – Strengthening Climate Resilience in Sub-Saharan Africa: Mali Country Project,https://cdn.climatepolicyradar.org/navigator/MLI/2016/africa-hydromet-program-strengthening-climate-resilience-in-sub-saharan-africa-mali-country-project_b78a006718c655061a21906259e7b025.pdf,2016-06-30T00:00:00Z,Gender action plan for FP012: Africa Hydromet Program – Strengthening Climate Resilience in Sub-Saharan Africa: Mali Country Project,MLI,FP012,https://climateprojectexplorer.org/document/africa-hydromet-program-strengthening-climate-resilience-in-sub-saharan-africa-mali-country-project_9f87,https://www.greenclimate.fund/sites/default/files/document/gender-action-plan-fp012-world-bank-mali.pdf,application/pdf,b78a006718c655061a21906259e7b025,GCF.family.FP012.13440,2016,parked
GCF.document.FP012_13440.12692,Africa Hydromet Program – Strengthening Climate Resilience in Sub-Saharan Africa: Mali Country Project — 2020 Annual Performance Report for FP012: Africa Hydromet Program – Strengthening Climate Resilience in Sub-Saharan Africa: Mali Country Project,https://cdn.climatepolicyradar.org/navigator/MLI/2016/africa-hydromet-program-strengthening-climate-resilience-in-sub-saharan-africa-mali-country-project_f2d841b3438822402467de312a75cfcf.pdf,2016-06-30T00:00:00Z,Performance report,MLI,FP012,https://climateprojectexplorer.org/document/africa-hydromet-program-strengthening-climate-resilience-in-sub-saharan-africa-mali-country-project_9f87,https://www.greenclimate.fund/sites/default/files/document/fp012-annual-performance-report-cy2020-disclosable.pdf,application/pdf,f2d841b3438822402467de312a75cfcf,GCF.family.FP012.13440,2016,parked_progress
GCF.document.FP012_13440.6307,Africa Hydromet Program – Strengthening Climate Resilience in Sub-Saharan Africa: Mali Country Project — Africa Hydromet Program: Strengthening climate resilience in Sub-Saharan Africa: Mali country project,https://cdn.climatepolicyradar.org/navigator/MLI/2016/africa-hydromet-program-strengthening-climate-resilience-in-sub-saharan-africa-mali-country-project_61fa6b05979869baba7ccabec07f4e4f.pdf,2016-06-30T00:00:00Z,Africa Hydromet Program: Strengthening climate resilience in Sub-Saharan Africa: Mali country project,MLI,FP012,https://climateprojectexplorer.org/document/africa-hydromet-program-strengthening-climate-resilience-in-sub-saharan-africa-mali-country-project_9f87,https://www.greenclimate.fund/sites/default/files/document/funding-proposal-fp012-world-bank-mali.pdf,application/pdf,61fa6b05979869baba7ccabec07f4e4f,GCF.family.FP012.13440,2016,parked
GCF.document.FP012_13440.17116,Africa Hydromet Program – Strengthening Climate Resilience in Sub-Saharan Africa: Mali Country Project — 2022 Annual Performance Report for FP012: Africa Hydromet Program – Strengthening Climate Resilience in Sub-Saharan Africa: Mali Country Project,https://cdn.climatepolicyradar.org/navigator/MLI/2016/africa-hydromet-program-strengthening-climate-resilience-in-sub-saharan-africa-mali-country-project_2b8695b6f63c12f25ce6fbdcc991dcb8.pdf,2016-06-30T00:00:00Z,Performance report,MLI,FP012,https://climateprojectexplorer.org/document/africa-hydromet-program-strengthening-climate-resilience-in-sub-saharan-africa-mali-country-project_9f87,https://www.greenclimate.fund/sites/default/files/document/fp012-annual-performance-report-cy2022.pdf,application/pdf,2b8695b6f63c12f25ce6fbdcc991dcb8,GCF.family.FP012.13440,2016,parked_progress
GCF.document.FP012_13440.18101,Africa Hydromet Program – Strengthening Climate Resilience in Sub-Saharan Africa: Mali Country Project — 2023 Annual Performance Report for FP012: Africa Hydromet Program – Strengthening Climate Resilience in Sub-Saharan Africa: Mali Country Project,https://cdn.climatepolicyradar.org/navigator/MLI/2016/africa-hydromet-program-strengthening-climate-resilience-in-sub-saharan-africa-mali-country-project_93d61c7fa67669006f7219cf11e14b1e.pdf,2016-06-30T00:00:00Z,Performance report,MLI,FP012,https://climateprojectexplorer.org/document/africa-hydromet-program-strengthening-climate-resilience-in-sub-saharan-africa-mali-country-project_9f87,https://www.greenclimate.fund/sites/default/files/document/fp012-annual-performance-report-cy2023-disclosable-sections.pdf,application/pdf,93d61c7fa67669006f7219cf11e14b1e,GCF.family.FP012.13440,2016,parked_progress
GCF.document.FP012_13440.21067,Africa Hydromet Program – Strengthening Climate Resilience in Sub-Saharan Africa: Mali Country Project — 2024 Annual Performance Report for FP012: Africa Hydromet Program – Strengthening Climate Resilience in Sub-Saharan Africa: Mali Country Project,https://cdn.climatepolicyradar.org/navigator/MLI/2016/africa-hydromet-program-strengthening-climate-resilience-in-sub-saharan-africa-mali-country-project_34def74a07e35d1720e1b73933cd83da.pdf,2016-06-30T00:00:00Z,Performance report,MLI,FP012,https://climateprojectexplorer.org/document/africa-hydromet-program-strengthening-climate-resilience-in-sub-saharan-africa-mali-country-project_9f87,https://www.greenclimate.fund/sites/default/files/document/fp012-50727-annual-performance-report-cy2024-v2.pdf,application/pdf,34def74a07e35d1720e1b73933cd83da,GCF.family.FP012.13440,2016,parked_progress
GCF.document.FP012_13440.21235,Africa Hydromet Program – Strengthening Climate Resilience in Sub-Saharan Africa: Mali Country Project — Interim evaluation report for FP012: Africa Hydromet Program – Strengthening Climate Resilience in Sub-Saharan Africa: Mali Country Project,https://cdn.climatepolicyradar.org/navigator/MLI/2016/africa-hydromet-program-strengthening-climate-resilience-in-sub-saharan-africa-mali-country-project_44ad87266c35787fdb308e289125f936.pdf,2016-06-30T00:00:00Z,Interim evaluation report for FP012: Africa Hydromet Program – Strengthening Climate Resilience in Sub-Saharan Africa: Mali Country Project,MLI,FP012,https://climateprojectexplorer.org/document/africa-hydromet-program-strengthening-climate-resilience-in-sub-saharan-africa-mali-country-project_9f87,https://www.greenclimate.fund/sites/default/files/document/fp012-interim-evaluation-report-pub.pdf,application/pdf,44ad87266c35787fdb308e289125f936,GCF.family.FP012.13440,2016,parked
GCF.document.FP094_15000.5781,Ensuring climate resilient water supplies in the Comoros Islands — Gender assessment for FP094: Ensuring climate resilient water supplies in the Comoros Islands,https://cdn.climatepolicyradar.org/navigator/COM/2018/ensuring-climate-resilient-water-supplies-in-the-comoros-islands_d7543d03548cc469863053686f11b97b.pdf,2018-10-20T00:00:00Z,Gender assessment for FP094: Ensuring climate resilient water supplies in the Comoros Islands,COM,FP094,https://climateprojectexplorer.org/document/ensuring-climate-resilient-water-supplies-in-the-comoros-islands_ac0c,https://www.greenclimate.fund/sites/default/files/document/gender-assessment-fp094-undp-comoros.pdf,application/pdf,d7543d03548cc469863053686f11b97b,GCF.family.FP094.15000,2018,parked
GCF.document.FP094_15000.5599,Ensuring climate resilient water supplies in the Comoros Islands — Gender action plan for FP094: Ensuring climate resilient water supplies in the Comoros Islands,https://cdn.climatepolicyradar.org/navigator/COM/2018/ensuring-climate-resilient-water-supplies-in-the-comoros-islands_5972f585239a1d8264e05582283191dc.pdf,2018-10-20T00:00:00Z,Gender action plan for FP094: Ensuring climate resilient water supplies in the Comoros Islands,COM,FP094,https://climateprojectexplorer.org/document/ensuring-climate-resilient-water-supplies-in-the-comoros-islands_ac0c,https://www.greenclimate.fund/sites/default/files/document/fp094-gap.pdf,application/pdf,5972f585239a1d8264e05582283191dc,GCF.family.FP094.15000,2018,parked
GCF.document.FP094_15000.14683,Ensuring climate resilient water supplies in the Comoros Islands — 2021 Annual Performance Report for FP094: Ensuring climate resilient water supplies in the Comoros Islands,https://cdn.climatepolicyradar.org/navigator/COM/2018/ensuring-climate-resilient-water-supplies-in-the-comoros-islands_30b14c4f270990cc1a05c45c7332ad3a.pdf,2018-10-20T00:00:00Z,Performance report,COM,FP094,https://climateprojectexplorer.org/document/ensuring-climate-resilient-water-supplies-in-the-comoros-islands_ac0c,https://www.greenclimate.fund/sites/default/files/document/fp094-annual-performance-report-cy2021-v.pdf,application/pdf,30b14c4f270990cc1a05c45c7332ad3a,GCF.family.FP094.15000,2018,parked_progress
GCF.document.FP094_15000.12647,Ensuring climate resilient water supplies in the Comoros Islands — 2020 Annual Performance Report for FP094: Ensuring climate resilient water supplies in the Comoros Islands,https://cdn.climatepolicyradar.org/navigator/COM/2018/ensuring-climate-resilient-water-supplies-in-the-comoros-islands_a42a283941c3e1f87c4f4e5e986ae371.pdf,2018-10-20T00:00:00Z,Performance report,COM,FP094,https://climateprojectexplorer.org/document/ensuring-climate-resilient-water-supplies-in-the-comoros-islands_ac0c,https://www.greenclimate.fund/sites/default/files/document/fp094-annual-performance-report-cy2020-disclosable.pdf,application/pdf,a42a283941c3e1f87c4f4e5e986ae371,GCF.family.FP094.15000,2018,parked_progress
GCF.document.FP094_15000.5556,Ensuring climate resilient water supplies in the Comoros Islands — Ensuring climate resilient water supplies in the Comoros Islands,https://cdn.climatepolicyradar.org/navigator/COM/2018/ensuring-climate-resilient-water-supplies-in-the-comoros-islands_d83a5529ad3796c1c34fb6a0e6f782e3.pdf,2018-10-20T00:00:00Z,Ensuring climate resilient water supplies in the Comoros Islands,COM,FP094,https://climateprojectexplorer.org/document/ensuring-climate-resilient-water-supplies-in-the-comoros-islands_ac0c,https://www.greenclimate.fund/sites/default/files/document/funding-proposal-fp094-undp-comoros.pdf,application/pdf,d83a5529ad3796c1c34fb6a0e6f782e3,GCF.family.FP094.15000,2018,parked
GCF.document.FP094_15000.11525,Ensuring climate resilient water supplies in the Comoros Islands — 2019 Annual Performance Report for FP094: Ensuring climate resilient water supplies in the Comoros Islands,https://cdn.climatepolicyradar.org/navigator/COM/2018/ensuring-climate-resilient-water-supplies-in-the-comoros-islands_570ff9e6b4cf5f0ecf93e93ffb7a08a9.pdf,2018-10-20T00:00:00Z,Performance report,COM,FP094,https://climateprojectexplorer.org/document/ensuring-climate-resilient-water-supplies-in-the-comoros-islands_ac0c,https://www.greenclimate.fund/sites/default/files/document/fp094-2019apr.pdf,application/pdf,570ff9e6b4cf5f0ecf93e93ffb7a08a9,GCF.family.FP094.15000,2018,parked_progress
GCF.document.FP094_15000.15815,Ensuring climate resilient water supplies in the Comoros Islands — 2023 Annual Performance Report for FP094: Ensuring climate resilient water supplies in the Comoros Islands,https://cdn.climatepolicyradar.org/navigator/COM/2018/ensuring-climate-resilient-water-supplies-in-the-comoros-islands_a46be48a3550194f4d61d21e9ba86907.pdf,2018-10-20T00:00:00Z,Performance report,COM,FP094,https://climateprojectexplorer.org/document/ensuring-climate-resilient-water-supplies-in-the-comoros-islands_ac0c,https://www.greenclimate.fund/sites/default/files/document/fp094-comoros-final-redacted-apr-2022.pdf,application/pdf,a46be48a3550194f4d61d21e9ba86907,GCF.family.FP094.15000,2018,parked_progress
GCF.document.FP094_15000.18180,Ensuring climate resilient water supplies in the Comoros Islands — 2023 Annual Performance Report for FP094: Ensuring climate resilient water supplies in the Comoros Islands,https://cdn.climatepolicyradar.org/navigator/COM/2018/ensuring-climate-resilient-water-supplies-in-the-comoros-islands_ec2b6b574e1bea7087b0994ce6a54ac0.pdf,2018-10-20T00:00:00Z,Performance report,COM,FP094,https://climateprojectexplorer.org/document/ensuring-climate-resilient-water-supplies-in-the-comoros-islands_ac0c,https://www.greenclimate.fund/sites/default/files/document/fp094-annual-performance-report-cy2023.pdf,application/pdf,ec2b6b574e1bea7087b0994ce6a54ac0,GCF.family.FP094.15000,2018,parked_progress
GCF.document.FP094_15000.21100,Ensuring climate resilient water supplies in the Comoros Islands — 2024 Annual Performance Report for FP094: Ensuring climate resilient water supplies in the Comoros Islands,https://cdn.climatepolicyradar.org/navigator/COM/2018/ensuring-climate-resilient-water-supplies-in-the-comoros-islands_290b9067249e781c0be99619bb9eac65.pdf,2018-10-20T00:00:00Z,Performance report,COM,FP094,https://climateprojectexplorer.org/document/ensuring-climate-resilient-water-supplies-in-the-comoros-islands_ac0c,https://www.greenclimate.fund/sites/default/files/document/fp094-50798-annual-performance-report-cy2024-v1.pdf,application/pdf,290b9067249e781c0be99619bb9eac65,GCF.family.FP094.15000,2018,parked_progress
GCF.document.FP094_15000.21597,Ensuring climate resilient water supplies in the Comoros Islands — Interim evaluation report for FP094: Ensuring climate resilient water supplies in the Comoros Islands,https://cdn.climatepolicyradar.org/navigator/COM/2018/ensuring-climate-resilient-water-supplies-in-the-comoros-islands_d3bf1c552b4b84d91a7aba4d7d189c1b.pdf,2018-10-20T00:00:00Z,Interim evaluation report for FP094: Ensuring climate resilient water supplies in the Comoros Islands,COM,FP094,https://climateprojectexplorer.org/document/ensuring-climate-resilient-water-supplies-in-the-comoros-islands_ac0c,https://www.greenclimate.fund/sites/default/files/document/fp094-interim-evaluation-report-pub.pdf,application/pdf,d3bf1c552b4b84d91a7aba4d7d189c1b,GCF.family.FP094.15000,2018,parked
GCF.document.FP217_21340.16134,Building Resilience of Vulnerable Communities to Climate Variability in Rwanda’s Congo Nile Divide through Forest and Landscape Restoration — Gender action plan for FP217: Building Resilience of Vulnerable Communities to Climate Variability in Rwanda’s Congo Nile Divide through Forest and Landscape Restoration,https://cdn.climatepolicyradar.org/navigator/RWA/2023/building-resilience-of-vulnerable-communities-to-climate-variability-in-rwandas-congo-nile-divide-through-forest-and-landscape-restoration_124bed4af301f9d6b66aabd8884c7ac7.pdf,2023-10-25T00:00:00Z,Gender action plan for FP217: Building Resilience of Vulnerable Communities to Climate Variability in Rwanda’s Congo Nile Divide through Forest and Landscape Restoration,RWA,FP217,https://climateprojectexplorer.org/document/building-resilience-of-vulnerable-communities-to-climate-variability-in-rwandas-congo-nile-divide-through-forest-and-landscape-restoration_5fe1,https://www.greenclimate.fund/sites/default/files/document/fp217-gap-cover.pdf,application/pdf,124bed4af301f9d6b66aabd8884c7ac7,GCF.family.FP217.21340,2023,parked
GCF.document.FP217_21340.16118,Building Resilience of Vulnerable Communities to Climate Variability in Rwanda’s Congo Nile Divide through Forest and Landscape Restoration — Building resilience of vulnerable communities to climate  variability in Rwanda’s Congo Nile divide through forest and landscape restoration,https://cdn.climatepolicyradar.org/navigator/RWA/2023/building-resilience-of-vulnerable-communities-to-climate-variability-in-rwandas-congo-nile-divide-through-forest-and-landscape-restoration_7d5c0023993944dff05aa461fe2e089b.pdf,2023-10-25T00:00:00Z,Building resilience of vulnerable communities to climate  variability in Rwanda’s Congo Nile divide through forest and landscape restoration,RWA,FP217,https://climateprojectexplorer.org/document/building-resilience-of-vulnerable-communities-to-climate-variability-in-rwandas-congo-nile-divide-through-forest-and-landscape-restoration_5fe1,https://www.greenclimate.fund/sites/default/files/document/fp217-moe-rwanda-rwanda_1.pdf,application/pdf,7d5c0023993944dff05aa461fe2e089b,GCF.family.FP217.21340,2023,parked
GCF.document.FP217_21340.16135,Building Resilience of Vulnerable Communities to Climate Variability in Rwanda’s Congo Nile Divide through Forest and Landscape Restoration — Gender assessment for FP217: Building Resilience of Vulnerable Communities to Climate Variability in Rwanda’s Congo Nile Divide through Forest and Landscape Restoration,https://cdn.climatepolicyradar.org/navigator/RWA/2023/building-resilience-of-vulnerable-communities-to-climate-variability-in-rwandas-congo-nile-divide-through-forest-and-landscape-restoration_1a9e853645cc4ae75f3a46d813db2144.pdf,2023-10-25T00:00:00Z,Gender assessment for FP217: Building Resilience of Vulnerable Communities to Climate Variability in Rwanda’s Congo Nile Divide through Forest and Landscape Restoration,RWA,FP217,https://climateprojectexplorer.org/document/building-resilience-of-vulnerable-communities-to-climate-variability-in-rwandas-congo-nile-divide-through-forest-and-landscape-restoration_5fe1,https://www.greenclimate.fund/sites/default/files/document/fp217-gender-assessment-cover.pdf,application/pdf,1a9e853645cc4ae75f3a46d813db2144,GCF.family.FP217.21340,2023,parked
GCF.document.FP217_21340.21173,Building Resilience of Vulnerable Communities to Climate Variability in Rwanda’s Congo Nile Divide through Forest and Landscape Restoration — 2024 Annual Performance Report for FP217: Building Resilience of Vulnerable Communities to Climate Variability in Rwanda’s Congo Nile Divide through Forest and Landscape Restoration,https://cdn.climatepolicyradar.org/navigator/RWA/2023/building-resilience-of-vulnerable-communities-to-climate-variability-in-rwandas-congo-nile-divide-through-forest-and-landscape-restoration_1da66ed769a07fde51becf9d78a76637.pdf,2023-10-25T00:00:00Z,Performance report,RWA,FP217,https://climateprojectexplorer.org/document/building-resilience-of-vulnerable-communities-to-climate-variability-in-rwandas-congo-nile-divide-through-forest-and-landscape-restoration_5fe1,https://www.greenclimate.fund/sites/default/files/document/fp217-50909-annual-performance-report-cy2024-v2.pdf,application/pdf,1da66ed769a07fde51becf9d78a76637,GCF.family.FP217.21340,2023,parked_progress
GCF.document.FP100_20410.9922,REDD-PLUS results-based payments for results achieved by Brazil in the Amazon biome in 2014 and 2015 — Gender assessment for FP100: REDD-PLUS results-based payments for results achieved by Brazil in the Amazon biome in 2014 and 2015,https://cdn.climatepolicyradar.org/navigator/BRA/2019/redd-plus-results-based-payments-for-results-achieved-by-brazil-in-the-amazon-biome-in-2014-and-2015_ab7e7e18f3a6fb9e17c2648c87048f8f.pdf,2019-02-28T00:00:00Z,Gender assessment for FP100: REDD-PLUS results-based payments for results achieved by Brazil in the Amazon biome in 2014 and 2015,BRA,FP100,https://climateprojectexplorer.org/document/redd-plus-results-based-payments-for-results-achieved-by-brazil-in-the-amazon-biome-in-2014-and-2015_a968,https://www.greenclimate.fund/sites/default/files/document/gender-assessment-fp100-undp-brazil.pdf,application/pdf,ab7e7e18f3a6fb9e17c2648c87048f8f,GCF.family.FP100.20410,2019,out_of_scope_geo
GCF.document.FP100_20410.9981,REDD-PLUS results-based payments for results achieved by Brazil in the Amazon biome in 2014 and 2015 — Gender action plan for FP100: REDD-PLUS results-based payments for results achieved by Brazil in the Amazon biome in 2014 and 2015,https://cdn.climatepolicyradar.org/navigator/BRA/2019/redd-plus-results-based-payments-for-results-achieved-by-brazil-in-the-amazon-biome-in-2014-and-2015_f92f32c7e3915abfd162ceaa565f3d8f.pdf,2019-02-28T00:00:00Z,Gender action plan for FP100: REDD-PLUS results-based payments for results achieved by Brazil in the Amazon biome in 2014 and 2015,BRA,FP100,https://climateprojectexplorer.org/document/redd-plus-results-based-payments-for-results-achieved-by-brazil-in-the-amazon-biome-in-2014-and-2015_a968,https://www.greenclimate.fund/sites/default/files/document/gender-action-and-plan-fp100-undp-brazil.pdf,application/pdf,f92f32c7e3915abfd162ceaa565f3d8f,GCF.family.FP100.20410,2019,out_of_scope_geo
GCF.document.FP100_20410.14955,REDD-PLUS results-based payments for results achieved by Brazil in the Amazon biome in 2014 and 2015 — 2020 Annual Performance Report for FP100: REDD-PLUS results-based payments for results achieved by Brazil in the Amazon biome in 2014 and 2015,https://cdn.climatepolicyradar.org/navigator/BRA/2019/redd-plus-results-based-payments-for-results-achieved-by-brazil-in-the-amazon-biome-in-2014-and-2015_df6ab4c62aa880be2d6d4e30186918dd.pdf,2019-02-28T00:00:00Z,Performance report,BRA,FP100,https://climateprojectexplorer.org/document/redd-plus-results-based-payments-for-results-achieved-by-brazil-in-the-amazon-biome-in-2014-and-2015_a968,https://www.greenclimate.fund/sites/default/files/document/fp100-annual-performance-report-cy2021-v.pdf,application/pdf,df6ab4c62aa880be2d6d4e30186918dd,GCF.family.FP100.20410,2019,out_of_scope_geo
GCF.document.FP100_20410.12649,REDD-PLUS results-based payments for results achieved by Brazil in the Amazon biome in 2014 and 2015 — 2020 Annual Performance Report for FP100: REDD-PLUS results-based payments for results achieved by Brazil in the Amazon biome in 2014 and 2015,https://cdn.climatepolicyradar.org/navigator/BRA/2019/redd-plus-results-based-payments-for-results-achieved-by-brazil-in-the-amazon-biome-in-2014-and-2015_7566b9a0e4b38bf1ddc5e77593b88b32.pdf,2019-02-28T00:00:00Z,Performance report,BRA,FP100,https://climateprojectexplorer.org/document/redd-plus-results-based-payments-for-results-achieved-by-brazil-in-the-amazon-biome-in-2014-and-2015_a968,https://www.greenclimate.fund/sites/default/files/document/fp100-annual-performance-report-cy2020-disclosable.pdf,application/pdf,7566b9a0e4b38bf1ddc5e77593b88b32,GCF.family.FP100.20410,2019,out_of_scope_geo
GCF.document.FP100_20410.5566,REDD-PLUS results-based payments for results achieved by Brazil in the Amazon biome in 2014 and 2015 — REDD+ Results-Based Payments for results achieved by Brazil in the Amazon biome in 2014 and 2015,https://cdn.climatepolicyradar.org/navigator/BRA/2019/redd-plus-results-based-payments-for-results-achieved-by-brazil-in-the-amazon-biome-in-2014-and-2015_fdce1b49e59302f39d690a9bf8a78f1b.pdf,2019-02-28T00:00:00Z,REDD+ Results-Based Payments for results achieved by Brazil in the Amazon biome in 2014 and 2015,BRA,FP100,https://climateprojectexplorer.org/document/redd-plus-results-based-payments-for-results-achieved-by-brazil-in-the-amazon-biome-in-2014-and-2015_a968,https://www.greenclimate.fund/sites/default/files/document/funding-proposal-fp100-undp-brazil.pdf,application/pdf,fdce1b49e59302f39d690a9bf8a78f1b,GCF.family.FP100.20410,2019,out_of_scope_geo
GCF.document.FP100_20410.17357,REDD-PLUS results-based payments for results achieved by Brazil in the Amazon biome in 2014 and 2015 — 2023 Annual Performance Report for FP100: REDD-PLUS results-based payments for results achieved by Brazil in the Amazon biome in 2014 and 2015,https://cdn.climatepolicyradar.org/navigator/BRA/2019/redd-plus-results-based-payments-for-results-achieved-by-brazil-in-the-amazon-biome-in-2014-and-2015_ccd359d880afb4ddd2e2672ae9738e3f.pdf,2019-02-28T00:00:00Z,Performance report,BRA,FP100,https://climateprojectexplorer.org/document/redd-plus-results-based-payments-for-results-achieved-by-brazil-in-the-amazon-biome-in-2014-and-2015_a968,https://www.greenclimate.fund/sites/default/files/document/fp100-annual-performance-report-cy2023-projects-programme-approved-under-pmfs-v.pdf,application/pdf,ccd359d880afb4ddd2e2672ae9738e3f,GCF.family.FP100.20410,2019,out_of_scope_geo
GCF.document.FP100_20410.15816,REDD-PLUS results-based payments for results achieved by Brazil in the Amazon biome in 2014 and 2015 — 2022 Annual Performance Report for FP100: REDD-PLUS results-based payments for results achieved by Brazil in the Amazon biome in 2014 and 2015,https://cdn.climatepolicyradar.org/navigator/BRA/2019/redd-plus-results-based-payments-for-results-achieved-by-brazil-in-the-amazon-biome-in-2014-and-2015_feee08857542c92c94034bb328590463.pdf,2019-02-28T00:00:00Z,Performance report,BRA,FP100,https://climateprojectexplorer.org/document/redd-plus-results-based-payments-for-results-achieved-by-brazil-in-the-amazon-biome-in-2014-and-2015_a968,https://www.greenclimate.fund/sites/default/files/document/fp100-annual-performance-report-cy2022-v.pdf,application/pdf,feee08857542c92c94034bb328590463,GCF.family.FP100.20410,2019,out_of_scope_geo
GCF.document.FP100_20410.21104,REDD-PLUS results-based payments for results achieved by Brazil in the Amazon biome in 2014 and 2015 — 2024 Annual Performance Report for FP100: REDD-PLUS results-based payments for results achieved by Brazil in the Amazon biome in 2014 and 2015,https://cdn.climatepolicyradar.org/navigator/BRA/2019/redd-plus-results-based-payments-for-results-achieved-by-brazil-in-the-amazon-biome-in-2014-and-2015_0abab02261c4ad4e1bad2db170ea5751.pdf,2019-02-28T00:00:00Z,Performance report,BRA,FP100,https://climateprojectexplorer.org/document/redd-plus-results-based-payments-for-results-achieved-by-brazil-in-the-amazon-biome-in-2014-and-2015_a968,https://www.greenclimate.fund/sites/default/files/document/fp100-50804-annual-performance-report-cy2024-v1.pdf,application/pdf,0abab02261c4ad4e1bad2db170ea5751,GCF.family.FP100.20410,2019,out_of_scope_geo
GCF.document.FP112_20200.10260,Addressing Climate Vulnerability in the Water Sector (ACWA) in the Marshall Islands — Addressing Climate Vulnerability in the Water Sector (ACWA) in the Marshall Islands,https://cdn.climatepolicyradar.org/navigator/MHL/2019/addressing-climate-vulnerability-in-the-water-sector-acwa-in-the-marshall-islands_26359464e3b757d60184b079c784f0e0.pdf,2019-01-06T00:00:00Z,Addressing Climate Vulnerability in the Water Sector (ACWA) in the Marshall Islands,MHL,FP112,https://climateprojectexplorer.org/document/addressing-climate-vulnerability-in-the-water-sector-acwa-in-the-marshall-islands_1b05,https://www.greenclimate.fund/sites/default/files/document/funding-proposal-fp112-undp-marshal-islands.pdf,application/pdf,26359464e3b757d60184b079c784f0e0,GCF.family.FP112.20200,2019,out_of_scope_geo
GCF.document.FP112_20200.9939,Addressing Climate Vulnerability in the Water Sector (ACWA) in the Marshall Islands — Gender assessment for FP112: Addressing climate vulnerability in the water sector (ACWA) in the Marshall Islands,https://cdn.climatepolicyradar.org/navigator/MHL/2019/addressing-climate-vulnerability-in-the-water-sector-acwa-in-the-marshall-islands_d0004c8c1ceb7552bcb6c21fb5ed8262.pdf,2019-01-06T00:00:00Z,Gender assessment for FP112: Addressing climate vulnerability in the water sector (ACWA) in the Marshall Islands,MHL,FP112,https://climateprojectexplorer.org/document/addressing-climate-vulnerability-in-the-water-sector-acwa-in-the-marshall-islands_1b05,https://www.greenclimate.fund/sites/default/files/document/gender-assessment-fp112-undp-marshall-island.pdf,application/pdf,d0004c8c1ceb7552bcb6c21fb5ed8262,GCF.family.FP112.20200,2019,out_of_scope_geo
GCF.document.FP112_20200.12654,Addressing Climate Vulnerability in the Water Sector (ACWA) in the Marshall Islands — 2020 Annual Performance Report for FP112: Addressing Climate Vulnerability in the Water Sector (ACWA) in the Marshall Islands,https://cdn.climatepolicyradar.org/navigator/MHL/2019/addressing-climate-vulnerability-in-the-water-sector-acwa-in-the-marshall-islands_6bc8a0014ed9e988e9782edc9a3ca991.pdf,2019-01-06T00:00:00Z,Performance report,MHL,FP112,https://climateprojectexplorer.org/document/addressing-climate-vulnerability-in-the-water-sector-acwa-in-the-marshall-islands_1b05,https://www.greenclimate.fund/sites/default/files/document/fp112-annual-performance-report-cy2020-disclosable.pdf,application/pdf,6bc8a0014ed9e988e9782edc9a3ca991,GCF.family.FP112.20200,2019,out_of_scope_geo
GCF.document.FP112_20200.14515,Addressing Climate Vulnerability in the Water Sector (ACWA) in the Marshall Islands — 2021 Annual Performance Report for FP112: Addressing Climate Vulnerability in the Water Sector (ACWA) in the Marshall Islands,https://cdn.climatepolicyradar.org/navigator/MHL/2019/addressing-climate-vulnerability-in-the-water-sector-acwa-in-the-marshall-islands_ff1096bfb29092fdc8b6c2e08b6b33f5.pdf,2019-01-06T00:00:00Z,Performance report,MHL,FP112,https://climateprojectexplorer.org/document/addressing-climate-vulnerability-in-the-water-sector-acwa-in-the-marshall-islands_1b05,https://www.greenclimate.fund/sites/default/files/document/fp112-annual-performance-report-cy2021.pdf,application/pdf,ff1096bfb29092fdc8b6c2e08b6b33f5,GCF.family.FP112.20200,2019,out_of_scope_geo
GCF.document.FP112_20200.9969,Addressing Climate Vulnerability in the Water Sector (ACWA) in the Marshall Islands — Gender action plan for FP112: Addressing climate vulnerability in the water sector (ACWA) in the Marshall Islands,https://cdn.climatepolicyradar.org/navigator/MHL/2019/addressing-climate-vulnerability-in-the-water-sector-acwa-in-the-marshall-islands_9b3db62f9e56fa917e72a4426cfdcdbc.pdf,2019-01-06T00:00:00Z,Gender action plan for FP112: Addressing climate vulnerability in the water sector (ACWA) in the Marshall Islands,MHL,FP112,https://climateprojectexplorer.org/document/addressing-climate-vulnerability-in-the-water-sector-acwa-in-the-marshall-islands_1b05,https://www.greenclimate.fund/sites/default/files/document/gender-action-and-plan-fp112-undp-marshall-island.pdf,application/pdf,9b3db62f9e56fa917e72a4426cfdcdbc,GCF.family.FP112.20200,2019,out_of_scope_geo
GCF.document.FP112_20200.16339,Addressing Climate Vulnerability in the Water Sector (ACWA) in the Marshall Islands — 2022 Annual Performance Report for FP112: Addressing Climate Vulnerability in the Water Sector (ACWA) in the Marshall Islands,https://cdn.climatepolicyradar.org/navigator/MHL/2019/addressing-climate-vulnerability-in-the-water-sector-acwa-in-the-marshall-islands_b983be7a2f1950e955f50f8e4e416cf2.pdf,2019-01-06T00:00:00Z,Performance report,MHL,FP112,https://climateprojectexplorer.org/document/addressing-climate-vulnerability-in-the-water-sector-acwa-in-the-marshall-islands_1b05,https://www.greenclimate.fund/sites/default/files/document/fp112-annual-performance-report-cy2022-v.pdf,application/pdf,b983be7a2f1950e955f50f8e4e416cf2,GCF.family.FP112.20200,2019,out_of_scope_geo
GCF.document.FP112_20200.20025,Addressing Climate Vulnerability in the Water Sector (ACWA) in the Marshall Islands — 2023 Annual Performance Report for FP112: Addressing Climate Vulnerability in the Water Sector (ACWA) in the Marshall Islands,https://cdn.climatepolicyradar.org/navigator/MHL/2019/addressing-climate-vulnerability-in-the-water-sector-acwa-in-the-marshall-islands_c3b0f299634c066f4f63e5b79a36e68b.pdf,2019-01-06T00:00:00Z,Performance report,MHL,FP112,https://climateprojectexplorer.org/document/addressing-climate-vulnerability-in-the-water-sector-acwa-in-the-marshall-islands_1b05,https://www.greenclimate.fund/sites/default/files/document/fp112-annual-performance-report-cy2023.pdf,application/pdf,c3b0f299634c066f4f63e5b79a36e68b,GCF.family.FP112.20200,2019,out_of_scope_geo
GCF.document.FP112_20200.21535,Addressing Climate Vulnerability in the Water Sector (ACWA) in the Marshall Islands — Interim evaluation report for FP112: Addressing Climate Vulnerability in the Water Sector (ACWA) in the Marshall Islands,https://cdn.climatepolicyradar.org/navigator/MHL/2019/addressing-climate-vulnerability-in-the-water-sector-acwa-in-the-marshall-islands_a35c49ab651771d8a2c400b53a49bdad.pdf,2019-01-06T00:00:00Z,Interim evaluation report for FP112: Addressing Climate Vulnerability in the Water Sector (ACWA) in the Marshall Islands,MHL,FP112,https://climateprojectexplorer.org/document/addressing-climate-vulnerability-in-the-water-sector-acwa-in-the-marshall-islands_1b05,https://www.greenclimate.fund/sites/default/files/document/fp112-interim-evaluation-report-pub.pdf,application/pdf,a35c49ab651771d8a2c400b53a49bdad,GCF.family.FP112.20200,2019,out_of_scope_geo
GCF.document.FP112_20200.21113,Addressing Climate Vulnerability in the Water Sector (ACWA) in the Marshall Islands — 2024 Annual Performance Report for FP112: Addressing Climate Vulnerability in the Water Sector (ACWA) in the Marshall Islands,https://cdn.climatepolicyradar.org/navigator/MHL/2019/addressing-climate-vulnerability-in-the-water-sector-acwa-in-the-marshall-islands_b58d398954a12aeebdd6fb771473bcae.pdf,2019-01-06T00:00:00Z,Performance report,MHL,FP112,https://climateprojectexplorer.org/document/addressing-climate-vulnerability-in-the-water-sector-acwa-in-the-marshall-islands_1b05,https://www.greenclimate.fund/sites/default/files/document/fp112-50815-annual-performance-report-cy2024-v1.pdf,application/pdf,b58d398954a12aeebdd6fb771473bcae,GCF.family.FP112.20200,2019,out_of_scope_geo
GCF.document.FP136_19590.11394,Resilient Landscapes and Livelihoods Project — Resilient Landscapes and Livelihoods Project,https://cdn.climatepolicyradar.org/navigator/ETH/2020/resilient-landscapes-and-livelihoods-project_1260f372afda4cc6860c3f435311f0e7.pdf,2020-08-21T00:00:00Z,Resilient Landscapes and Livelihoods Project,ETH,FP136,https://climateprojectexplorer.org/document/resilient-landscapes-and-livelihoods-project_1c5d,https://www.greenclimate.fund/sites/default/files/document/fp136-worldbank-ethiopia.pdf,application/pdf,1260f372afda4cc6860c3f435311f0e7,GCF.family.FP136.19590,2020,parked
GCF.document.FP136_19590.11338,Resilient Landscapes and Livelihoods Project — Gender assessment for FP136: Resilient Landscapes and Livelihoods Project,https://cdn.climatepolicyradar.org/navigator/ETH/2020/resilient-landscapes-and-livelihoods-project_5b7b8f3f1d3dc75d85c3fbe07c308cd1.pdf,2020-08-21T00:00:00Z,Gender assessment for FP136: Resilient Landscapes and Livelihoods Project,ETH,FP136,https://climateprojectexplorer.org/document/resilient-landscapes-and-livelihoods-project_1c5d,https://www.greenclimate.fund/sites/default/files/document/fp136-gender-assessment.pdf,application/pdf,5b7b8f3f1d3dc75d85c3fbe07c308cd1,GCF.family.FP136.19590,2020,parked
GCF.document.FP136_19590.11332,Resilient Landscapes and Livelihoods Project — Gender action plan for FP136: Resilient Landscapes and Livelihoods Project,https://cdn.climatepolicyradar.org/navigator/ETH/2020/resilient-landscapes-and-livelihoods-project_74dd471aacfa46a613207f24e567ab29.pdf,2020-08-21T00:00:00Z,Gender action plan for FP136: Resilient Landscapes and Livelihoods Project,ETH,FP136,https://climateprojectexplorer.org/document/resilient-landscapes-and-livelihoods-project_1c5d,https://www.greenclimate.fund/sites/default/files/document/fp136-gender-action-plan.pdf,application/pdf,74dd471aacfa46a613207f24e567ab29,GCF.family.FP136.19590,2020,parked
GCF.document.FP136_19590.16387,Resilient Landscapes and Livelihoods Project — 2022 Annual Performance Report for FP136: Resilient Landscapes and Livelihoods Project,https://cdn.climatepolicyradar.org/navigator/ETH/2020/resilient-landscapes-and-livelihoods-project_4700a227dcef006a15f9ff119d076b9c.pdf,2020-08-21T00:00:00Z,Performance report,ETH,FP136,https://climateprojectexplorer.org/document/resilient-landscapes-and-livelihoods-project_1c5d,https://www.greenclimate.fund/sites/default/files/document/disclosable-fp136-annual-performance-report-cy2022-v.pdf,application/pdf,4700a227dcef006a15f9ff119d076b9c,GCF.family.FP136.19590,2020,parked_progress
GCF.document.FP136_19590.20058,Resilient Landscapes and Livelihoods Project — 2023 Annual Performance Report for FP136: Resilient Landscapes and Livelihoods Project,https://cdn.climatepolicyradar.org/navigator/ETH/2020/resilient-landscapes-and-livelihoods-project_6bdd3089209369d23a3e6288138f056a.pdf,2020-08-21T00:00:00Z,Performance report,ETH,FP136,https://climateprojectexplorer.org/document/resilient-landscapes-and-livelihoods-project_1c5d,https://www.greenclimate.fund/sites/default/files/document/fp136-annual-performance-report-cy2023.pdf,application/pdf,6bdd3089209369d23a3e6288138f056a,GCF.family.FP136.19590,2020,parked_progress
GCF.document.FP136_19590.21127,Resilient Landscapes and Livelihoods Project — 2024 Annual Performance Report for FP136: Resilient Landscapes and Livelihoods Project,https://cdn.climatepolicyradar.org/navigator/ETH/2020/resilient-landscapes-and-livelihoods-project_782d4ef4f7dc995e9b75a4a283e3329e.pdf,2020-08-21T00:00:00Z,Performance report,ETH,FP136,https://climateprojectexplorer.org/document/resilient-landscapes-and-livelihoods-project_1c5d,https://www.greenclimate.fund/sites/default/files/document/fp136-50836-annual-performance-report-cy2024-v3.pdf,application/pdf,782d4ef4f7dc995e9b75a4a283e3329e,GCF.family.FP136.19590,2020,parked_progress
GCF.document.SAP001_19050.6355,"Improving rangeland and ecosystem management practices of smallholder farmers under conditions of climate change in Sesfontein, Fransfontein, and Warmquelle areas of the Republic of Namibia — Improving rangeland and ecosystem management practices of smallholder farmers under conditions of climate change in Sesfontein, Fransfontein, and Warmquelle areas of the Republic of Namibia",https://cdn.climatepolicyradar.org/navigator/NAM/2018/improving-rangeland-and-ecosystem-management-practices-of-smallholder-farmers-under-conditions-of-climate-change-in-sesfontein-fransfontein-and-warmquelle-areas-of-the-republic-of-namibia_845fa1ee7586fff72887004971fca346.pdf,2018-03-01T00:00:00Z,"Improving rangeland and ecosystem management practices of smallholder farmers under conditions of climate change in Sesfontein, Fransfontein, and Warmquelle areas of the Republic of Namibia",NAM,SAP001,https://climateprojectexplorer.org/document/improving-rangeland-and-ecosystem-management-practices-of-smallholder-farmers-under-conditions-of-climate-change-in-sesfontein-fransfontein-and-warmquelle-areas-of-the-republic-of-namibia_e8fb,https://www.greenclimate.fund/sites/default/files/document/funding-proposal-sap001-eif-namibia.pdf,application/pdf,845fa1ee7586fff72887004971fca346,GCF.family.SAP001.19050,2018,parked
GCF.document.SAP001_19050.6178,"Improving rangeland and ecosystem management practices of smallholder farmers under conditions of climate change in Sesfontein, Fransfontein, and Warmquelle areas of the Republic of Namibia — Gender assessment for SAP001: Improving rangeland and ecosystem management practices of smallholder farmers under conditions of climate change in Sesfontein, Fransfontein, and Warmquelle areas of the Republic of Namibia",https://cdn.climatepolicyradar.org/navigator/NAM/2018/improving-rangeland-and-ecosystem-management-practices-of-smallholder-farmers-under-conditions-of-climate-change-in-sesfontein-fransfontein-and-warmquelle-areas-of-the-republic-of-namibia_c81279d92805c3efaa5d3389f0e9fc24.pdf,2018-03-01T00:00:00Z,"Gender assessment for SAP001: Improving rangeland and ecosystem management practices of smallholder farmers under conditions of climate change in Sesfontein, Fransfontein, and Warmquelle areas of the Republic of Namibia",NAM,SAP001,https://climateprojectexplorer.org/document/improving-rangeland-and-ecosystem-management-practices-of-smallholder-farmers-under-conditions-of-climate-change-in-sesfontein-fransfontein-and-warmquelle-areas-of-the-republic-of-namibia_e8fb,https://www.greenclimate.fund/sites/default/files/document/gender-assessment-sap001-eif-namibia.pdf,application/pdf,c81279d92805c3efaa5d3389f0e9fc24,GCF.family.SAP001.19050,2018,parked
GCF.document.SAP001_19050.6216,"Improving rangeland and ecosystem management practices of smallholder farmers under conditions of climate change in Sesfontein, Fransfontein, and Warmquelle areas of the Republic of Namibia — Gender action plan for SAP001: Improving rangeland and ecosystem management practices of smallholder farmers under conditions of climate change in Sesfontein, Fransfontein, and Warmquelle areas of the Republic of Namibia",https://cdn.climatepolicyradar.org/navigator/NAM/2018/improving-rangeland-and-ecosystem-management-practices-of-smallholder-farmers-under-conditions-of-climate-change-in-sesfontein-fransfontein-and-warmquelle-areas-of-the-republic-of-namibia_ab3251fc35deb8f3081386c93f238bda.pdf,2018-03-01T00:00:00Z,"Gender action plan for SAP001: Improving rangeland and ecosystem management practices of smallholder farmers under conditions of climate change in Sesfontein, Fransfontein, and Warmquelle areas of the Republic of Namibia",NAM,SAP001,https://climateprojectexplorer.org/document/improving-rangeland-and-ecosystem-management-practices-of-smallholder-farmers-under-conditions-of-climate-change-in-sesfontein-fransfontein-and-warmquelle-areas-of-the-republic-of-namibia_e8fb,https://www.greenclimate.fund/sites/default/files/document/gender-action-plan-sap001-eif-namibia.pdf,application/pdf,ab3251fc35deb8f3081386c93f238bda,GCF.family.SAP001.19050,2018,parked
GCF.document.SAP001_19050.12634,"Improving rangeland and ecosystem management practices of smallholder farmers under conditions of climate change in Sesfontein, Fransfontein, and Warmquelle areas of the Republic of Namibia — 2020 Annual Performance Report for SAP001: Improving rangeland and ecosystem management practices of smallholder farmers under conditions of climate change in Sesfontein, Fransfontein, and Warmquelle areas of the Republic of Namibia",https://cdn.climatepolicyradar.org/navigator/NAM/2018/improving-rangeland-and-ecosystem-management-practices-of-smallholder-farmers-under-conditions-of-climate-change-in-sesfontein-fransfontein-and-warmquelle-areas-of-the-republic-of-namibia_3458b5b047bc180ae4d08e2acf1e6411.pdf,2018-03-01T00:00:00Z,Performance report,NAM,SAP001,https://climateprojectexplorer.org/document/improving-rangeland-and-ecosystem-management-practices-of-smallholder-farmers-under-conditions-of-climate-change-in-sesfontein-fransfontein-and-warmquelle-areas-of-the-republic-of-namibia_e8fb,https://www.greenclimate.fund/sites/default/files/document/sap001-annual-performance-report-cy2020.pdf,application/pdf,3458b5b047bc180ae4d08e2acf1e6411,GCF.family.SAP001.19050,2018,parked_progress
GCF.document.SAP001_19050.14692,"Improving rangeland and ecosystem management practices of smallholder farmers under conditions of climate change in Sesfontein, Fransfontein, and Warmquelle areas of the Republic of Namibia — 2021 Annual Performance Report for SAP001: Improving rangeland and ecosystem management practices of smallholder farmers under conditions of climate change in Sesfontein, Fransfontein, and Warmquelle areas of the Republic of Namibia",https://cdn.climatepolicyradar.org/navigator/NAM/2018/improving-rangeland-and-ecosystem-management-practices-of-smallholder-farmers-under-conditions-of-climate-change-in-sesfontein-fransfontein-and-warmquelle-areas-of-the-republic-of-namibia_5d229ac46ad1eea2e5a5a028a43b6540.pdf,2018-03-01T00:00:00Z,Performance report,NAM,SAP001,https://climateprojectexplorer.org/document/improving-rangeland-and-ecosystem-management-practices-of-smallholder-farmers-under-conditions-of-climate-change-in-sesfontein-fransfontein-and-warmquelle-areas-of-the-republic-of-namibia_e8fb,https://www.greenclimate.fund/sites/default/files/document/sap001-annual-performance-report-cy2021-v.pdf,application/pdf,5d229ac46ad1eea2e5a5a028a43b6540,GCF.family.SAP001.19050,2018,parked_progress
GCF.document.SAP001_19050.11492,"Improving rangeland and ecosystem management practices of smallholder farmers under conditions of climate change in Sesfontein, Fransfontein, and Warmquelle areas of the Republic of Namibia — 2019 Annual Performance Report for SAP001: Funding Proposal Title: Improving Rangeland and Ecosystem Management Practices of Smallholder Farmers under conditions of Climate Change in Sesfontein, Fransfontein and Warmquelle areas of the Republic of Namibia",https://cdn.climatepolicyradar.org/navigator/NAM/2018/improving-rangeland-and-ecosystem-management-practices-of-smallholder-farmers-under-conditions-of-climate-change-in-sesfontein-fransfontein-and-warmquelle-areas-of-the-republic-of-namibia_519e8ddd7a2e6d384384728f4f6b6409.pdf,2018-03-01T00:00:00Z,Performance report,NAM,SAP001,https://climateprojectexplorer.org/document/improving-rangeland-and-ecosystem-management-practices-of-smallholder-farmers-under-conditions-of-climate-change-in-sesfontein-fransfontein-and-warmquelle-areas-of-the-republic-of-namibia_e8fb,https://www.greenclimate.fund/sites/default/files/document/sap001-2019apr.pdf,application/pdf,519e8ddd7a2e6d384384728f4f6b6409,GCF.family.SAP001.19050,2018,parked_progress
GCF.document.SAP001_19050.15842,"Improving rangeland and ecosystem management practices of smallholder farmers under conditions of climate change in Sesfontein, Fransfontein, and Warmquelle areas of the Republic of Namibia — 2022 Annual Performance Report for SAP001: Improving rangeland and ecosystem management practices of smallholder farmers under conditions of climate change in Sesfontein, Fransfontein, and Warmquelle areas of the Republic of Namibia",https://cdn.climatepolicyradar.org/navigator/NAM/2018/improving-rangeland-and-ecosystem-management-practices-of-smallholder-farmers-under-conditions-of-climate-change-in-sesfontein-fransfontein-and-warmquelle-areas-of-the-republic-of-namibia_e1f97f0dfde1ed4a2d9d28eda15893b7.pdf,2018-03-01T00:00:00Z,Performance report,NAM,SAP001,https://climateprojectexplorer.org/document/improving-rangeland-and-ecosystem-management-practices-of-smallholder-farmers-under-conditions-of-climate-change-in-sesfontein-fransfontein-and-warmquelle-areas-of-the-republic-of-namibia_e8fb,https://www.greenclimate.fund/sites/default/files/document/sap001-annual-performance-report-cy2022-v.pdf,application/pdf,e1f97f0dfde1ed4a2d9d28eda15893b7,GCF.family.SAP001.19050,2018,parked_progress
GCF.document.SAP001_19050.17524,"Improving rangeland and ecosystem management practices of smallholder farmers under conditions of climate change in Sesfontein, Fransfontein, and Warmquelle areas of the Republic of Namibia — 2023 Annual Performance Report for SAP001: Improving rangeland and ecosystem management practices of smallholder farmers under conditions of climate change in Sesfontein, Fransfontein, and Warmquelle areas of the Republic of Namibia",https://cdn.climatepolicyradar.org/navigator/NAM/2018/improving-rangeland-and-ecosystem-management-practices-of-smallholder-farmers-under-conditions-of-climate-change-in-sesfontein-fransfontein-and-warmquelle-areas-of-the-republic-of-namibia_961b45f1a85697ae6ba93b6c598bb8d7.pdf,2018-03-01T00:00:00Z,Performance report,NAM,SAP001,https://climateprojectexplorer.org/document/improving-rangeland-and-ecosystem-management-practices-of-smallholder-farmers-under-conditions-of-climate-change-in-sesfontein-fransfontein-and-warmquelle-areas-of-the-republic-of-namibia_e8fb,https://www.greenclimate.fund/sites/default/files/document/sap001-annual-performance-report-cy2023.pdf,application/pdf,961b45f1a85697ae6ba93b6c598bb8d7,GCF.family.SAP001.19050,2018,parked_progress
GCF.document.SAP001_19050.21181,"Improving rangeland and ecosystem management practices of smallholder farmers under conditions of climate change in Sesfontein, Fransfontein, and Warmquelle areas of the Republic of Namibia — 2024 Annual Performance Report for SAP001: Improving rangeland and ecosystem management practices of smallholder farmers under conditions of climate change in Sesfontein, Fransfontein, and Warmquelle areas of the Republic of Namibia",https://cdn.climatepolicyradar.org/navigator/NAM/2018/improving-rangeland-and-ecosystem-management-practices-of-smallholder-farmers-under-conditions-of-climate-change-in-sesfontein-fransfontein-and-warmquelle-areas-of-the-republic-of-namibia_5f067d8f71660d36d5840cdb9f310ba7.pdf,2018-03-01T00:00:00Z,Performance report,NAM,SAP001,https://climateprojectexplorer.org/document/improving-rangeland-and-ecosystem-management-practices-of-smallholder-farmers-under-conditions-of-climate-change-in-sesfontein-fransfontein-and-warmquelle-areas-of-the-republic-of-namibia_e8fb,https://www.greenclimate.fund/sites/default/files/document/sap001-50917-annual-performance-report-cy2024-v1.pdf,application/pdf,5f067d8f71660d36d5840cdb9f310ba7,GCF.family.SAP001.19050,2018,parked_progress
GCF.document.FP116_17760.10264,Carbon Sequestration through Climate Investment in Forests and Rangelands in Kyrgyz Republic (CS-FOR) — Carbon Sequestration through Climate Investment in Forests and Rangelands in Kyrgyz Republic (CS-FOR),https://cdn.climatepolicyradar.org/navigator/KGZ/2018/carbon-sequestration-through-climate-investment-in-forests-and-rangelands-in-kyrgyz-republic-cs-for_2c0386fa0f886e6ac42904ec70b93a32.pdf,2018-01-01T00:00:00Z,Carbon Sequestration through Climate Investment in Forests and Rangelands in Kyrgyz Republic (CS-FOR),KGZ,FP116,https://climateprojectexplorer.org/document/carbon-sequestration-through-climate-investment-in-forests-and-rangelands-in-kyrgyz-republic-cs-for_5340,https://www.greenclimate.fund/sites/default/files/document/funding-proposal-fp116-fao-kyrgyzstan.pdf,application/pdf,2c0386fa0f886e6ac42904ec70b93a32,GCF.family.FP116.17760,2018,out_of_scope_geo
GCF.document.FP116_17760.10779,Carbon Sequestration through Climate Investment in Forests and Rangelands in Kyrgyz Republic (CS-FOR) — Gender assessment for FP116: Carbon Sequestration through Climate Investment in Forests and Rangelands in Kyrgyz Republic (CS-FOR),https://cdn.climatepolicyradar.org/navigator/KGZ/2018/carbon-sequestration-through-climate-investment-in-forests-and-rangelands-in-kyrgyz-republic-cs-for_09cfb3fcab5eb31e2ae40a66a6b2cd3e.pdf,2018-01-01T00:00:00Z,Gender assessment for FP116: Carbon Sequestration through Climate Investment in Forests and Rangelands in Kyrgyz Republic (CS-FOR),KGZ,FP116,https://climateprojectexplorer.org/document/carbon-sequestration-through-climate-investment-in-forests-and-rangelands-in-kyrgyz-republic-cs-for_5340,https://www.greenclimate.fund/sites/default/files/document/fp116-ga.pdf,application/pdf,09cfb3fcab5eb31e2ae40a66a6b2cd3e,GCF.family.FP116.17760,2018,out_of_scope_geo
GCF.document.FP116_17760.10776,Carbon Sequestration through Climate Investment in Forests and Rangelands in Kyrgyz Republic (CS-FOR) — Gender action plan for FP116: Carbon Sequestration through Climate Investment in Forests and Rangelands in Kyrgyz Republic (CS-FOR),https://cdn.climatepolicyradar.org/navigator/KGZ/2018/carbon-sequestration-through-climate-investment-in-forests-and-rangelands-in-kyrgyz-republic-cs-for_1aa9b96484d2cc5f8403e5563cbc8012.pdf,2018-01-01T00:00:00Z,Gender action plan for FP116: Carbon Sequestration through Climate Investment in Forests and Rangelands in Kyrgyz Republic (CS-FOR),KGZ,FP116,https://climateprojectexplorer.org/document/carbon-sequestration-through-climate-investment-in-forests-and-rangelands-in-kyrgyz-republic-cs-for_5340,https://www.greenclimate.fund/sites/default/files/document/gap-fp116.pdf,application/pdf,1aa9b96484d2cc5f8403e5563cbc8012,GCF.family.FP116.17760,2018,out_of_scope_geo
GCF.document.FP116_17760.15822,Carbon Sequestration through Climate Investment in Forests and Rangelands in Kyrgyz Republic (CS-FOR) — 2022 Annual Performance Report for FP116: Carbon Sequestration through Climate Investment in Forests and Rangelands in Kyrgyz Republic (CS-FOR),https://cdn.climatepolicyradar.org/navigator/KGZ/2018/carbon-sequestration-through-climate-investment-in-forests-and-rangelands-in-kyrgyz-republic-cs-for_328391487015be00642614c906fce648.pdf,2018-01-01T00:00:00Z,Performance report,KGZ,FP116,https://climateprojectexplorer.org/document/carbon-sequestration-through-climate-investment-in-forests-and-rangelands-in-kyrgyz-republic-cs-for_5340,https://www.greenclimate.fund/sites/default/files/document/fp116-annual-performance-report-cy2022-v.pdf,application/pdf,328391487015be00642614c906fce648,GCF.family.FP116.17760,2018,out_of_scope_geo
GCF.document.FP116_17760.20028,Carbon Sequestration through Climate Investment in Forests and Rangelands in Kyrgyz Republic (CS-FOR) — 2023 Annual Performance Report for FP116: Carbon Sequestration through Climate Investment in Forests and Rangelands in Kyrgyz Republic (CS-FOR),https://cdn.climatepolicyradar.org/navigator/KGZ/2019/carbon-sequestration-through-climate-investment-in-forests-and-rangelands-in-kyrgyz-republic-cs-for_adcc334f138ac4bdae73a2a76e38dbc7.pdf,2018-01-01T00:00:00Z,Performance report,KGZ,FP116,https://climateprojectexplorer.org/document/carbon-sequestration-through-climate-investment-in-forests-and-rangelands-in-kyrgyz-republic-cs-for_5340,https://www.greenclimate.fund/sites/default/files/document/fp116-annual-performance-report-cy2023.pdf,application/pdf,adcc334f138ac4bdae73a2a76e38dbc7,GCF.family.FP116.17760,2018,out_of_scope_geo
GCF.document.FP116_17760.21114,Carbon Sequestration through Climate Investment in Forests and Rangelands in Kyrgyz Republic (CS-FOR) — 2024 Annual Performance Report for FP116: Carbon Sequestration through Climate Investment in Forests and Rangelands in Kyrgyz Republic (CS-FOR),https://cdn.climatepolicyradar.org/navigator/KGZ/2019/carbon-sequestration-through-climate-investment-in-forests-and-rangelands-in-kyrgyz-republic-cs-for_638c730d48dee211c61f5aba1a78a241.pdf,2018-01-01T00:00:00Z,Performance report,KGZ,FP116,https://climateprojectexplorer.org/document/carbon-sequestration-through-climate-investment-in-forests-and-rangelands-in-kyrgyz-republic-cs-for_5340,https://www.greenclimate.fund/sites/default/files/document/fp116-50818-annual-performance-report-cy2024-v4.pdf,application/pdf,638c730d48dee211c61f5aba1a78a241,GCF.family.FP116.17760,2018,out_of_scope_geo
GCF.document.FP247_24470.19917,"Local Climate Adaptive Living Facility Plus (LoCAL+) – West Africa (Burkina Faso, Ivory Coast, Mali and Niger) — Local Climate Adaptive Living Facility Plus (LoCAL+) – West Africa (Burkina Faso, Ivory Coast, Mali and Niger)",https://cdn.climatepolicyradar.org/navigator/BFA/2024/local-climate-adaptive-living-facility-plus-local-west-africa-burkina-faso-ivory-coast-mali-and-niger_5624c09d7c79f10910d804c914cbf422.pdf,2024-10-24T00:00:00Z,"Local Climate Adaptive Living Facility Plus (LoCAL+) – West Africa (Burkina Faso, Ivory Coast, Mali and Niger)",BFA;MLI;NER;CIV,FP247,https://climateprojectexplorer.org/document/local-climate-adaptive-living-facility-plus-local-west-africa-burkina-faso-ivory-coast-mali-and-niger_4d17,https://www.greenclimate.fund/sites/default/files/document/fp247.pdf,application/pdf,5624c09d7c79f10910d804c914cbf422,GCF.family.FP247.24470,2024,parked
GCF.document.FP247_24470.20143,"Local Climate Adaptive Living Facility Plus (LoCAL+) – West Africa (Burkina Faso, Ivory Coast, Mali and Niger) — Gender action plan for FP247: Local Climate Adaptive Living Facility Plus (LoCAL+) – West Africa (Burkina Faso, Ivory Coast, Mali and Niger)",https://cdn.climatepolicyradar.org/navigator/BFA/2024/local-climate-adaptive-living-facility-plus-local-west-africa-burkina-faso-ivory-coast-mali-and-niger_58f2d1dd441df13e65a305bdf1e6acf7.pdf,2024-10-24T00:00:00Z,"Gender action plan for FP247: Local Climate Adaptive Living Facility Plus (LoCAL+) – West Africa (Burkina Faso, Ivory Coast, Mali and Niger)",BFA;MLI;NER;CIV,FP247,https://climateprojectexplorer.org/document/local-climate-adaptive-living-facility-plus-local-west-africa-burkina-faso-ivory-coast-mali-and-niger_4d17,https://www.greenclimate.fund/sites/default/files/document/fp247-gap.pdf,application/pdf,58f2d1dd441df13e65a305bdf1e6acf7,GCF.family.FP247.24470,2024,parked
GCF.document.FP247_24470.20142,"Local Climate Adaptive Living Facility Plus (LoCAL+) – West Africa (Burkina Faso, Ivory Coast, Mali and Niger) — Gender assessment for FP247: Local Climate Adaptive Living Facility Plus (LoCAL+) – West Africa (Burkina Faso, Ivory Coast, Mali and Niger)",https://cdn.climatepolicyradar.org/navigator/BFA/2024/local-climate-adaptive-living-facility-plus-local-west-africa-burkina-faso-ivory-coast-mali-and-niger_37abf6bac87e564e126938223d90b015.pdf,2024-10-24T00:00:00Z,"Gender assessment for FP247: Local Climate Adaptive Living Facility Plus (LoCAL+) – West Africa (Burkina Faso, Ivory Coast, Mali and Niger)",BFA;MLI;NER;CIV,FP247,https://climateprojectexplorer.org/document/local-climate-adaptive-living-facility-plus-local-west-africa-burkina-faso-ivory-coast-mali-and-niger_4d17,https://www.greenclimate.fund/sites/default/files/document/fp247-gender-assessment.pdf,application/pdf,37abf6bac87e564e126938223d90b015,GCF.family.FP247.24470,2024,parked
GCF.document.FP039_16230.6324,GCF-EBRD Egypt Renewable Energy Financing Framework — GCF-EBRD Egypt renewable energy financing framework,https://cdn.climatepolicyradar.org/navigator/EGY/2017/gcf-ebrd-egypt-renewable-energy-financing-framework_2e9c3c06e5242461f667337065d9fd16.pdf,2017-04-06T00:00:00Z,GCF-EBRD Egypt renewable energy financing framework,EGY,FP039,https://climateprojectexplorer.org/document/gcf-ebrd-egypt-renewable-energy-financing-framework_a394,https://www.greenclimate.fund/sites/default/files/document/funding-proposal-fp039-ebrd-egypt.pdf,application/pdf,2e9c3c06e5242461f667337065d9fd16,GCF.family.FP039.16230,2017,parked
GCF.document.FP039_16230.6201,GCF-EBRD Egypt Renewable Energy Financing Framework — Gender action plan for FP039: GCF-EBRD Egypt Renewable Energy Financing Framework,https://cdn.climatepolicyradar.org/navigator/EGY/2017/gcf-ebrd-egypt-renewable-energy-financing-framework_9e315d72ee0b8d5453146e7d7fce1de5.pdf,2017-04-06T00:00:00Z,Gender action plan for FP039: GCF-EBRD Egypt Renewable Energy Financing Framework,EGY,FP039,https://climateprojectexplorer.org/document/gcf-ebrd-egypt-renewable-energy-financing-framework_a394,https://www.greenclimate.fund/sites/default/files/document/gender-action-plan-fp039-ebrd-egypt.pdf,application/pdf,9e315d72ee0b8d5453146e7d7fce1de5,GCF.family.FP039.16230,2017,parked
GCF.document.FP039_16230.21449,GCF-EBRD Egypt Renewable Energy Financing Framework — 2017 Annual Performance Report for FP039: Egypt Renewable Energy Financing Framework,https://cdn.climatepolicyradar.org/navigator/EGY/2017/gcf-ebrd-egypt-renewable-energy-financing-framework_54239ae13d4c017287fa59a41462b58c.pdf,2017-04-06T00:00:00Z,Performance report,EGY,FP039,https://climateprojectexplorer.org/document/gcf-ebrd-egypt-renewable-energy-financing-framework_a394,https://www.greenclimate.fund/sites/default/files/document/fp039-apr-2017-public-version-final.pdf,application/pdf,54239ae13d4c017287fa59a41462b58c,GCF.family.FP039.16230,2017,parked_progress
GCF.document.FP039_16230.21450,GCF-EBRD Egypt Renewable Energy Financing Framework — 2018 Annual Performance Report for FP039: Egypt Renewable Energy Financing Framework,https://cdn.climatepolicyradar.org/navigator/EGY/2017/gcf-ebrd-egypt-renewable-energy-financing-framework_935f83d257ccabda470d07cead7be8ed.pdf,2017-04-06T00:00:00Z,Performance report,EGY,FP039,https://climateprojectexplorer.org/document/gcf-ebrd-egypt-renewable-energy-financing-framework_a394,https://www.greenclimate.fund/sites/default/files/document/fp039-apr-2018-public-version-final.pdf,application/pdf,935f83d257ccabda470d07cead7be8ed,GCF.family.FP039.16230,2017,parked_progress
GCF.document.FP039_16230.21451,GCF-EBRD Egypt Renewable Energy Financing Framework — 2019 Annual Performance Report for FP039: Egypt Renewable Energy Financing Framework,https://cdn.climatepolicyradar.org/navigator/EGY/2017/gcf-ebrd-egypt-renewable-energy-financing-framework_e2cdc3d45773f33fb34943ec84bfc5ef.pdf,2017-04-06T00:00:00Z,Performance report,EGY,FP039,https://climateprojectexplorer.org/document/gcf-ebrd-egypt-renewable-energy-financing-framework_a394,https://www.greenclimate.fund/sites/default/files/document/fp039-apr-2019-public-version-final.pdf,application/pdf,e2cdc3d45773f33fb34943ec84bfc5ef,GCF.family.FP039.16230,2017,parked_progress
GCF.document.FP039_16230.21452,GCF-EBRD Egypt Renewable Energy Financing Framework — 2020 Annual Performance Report for FP039: Egypt Renewable Energy Financing Framework,https://cdn.climatepolicyradar.org/navigator/EGY/2017/gcf-ebrd-egypt-renewable-energy-financing-framework_12bb5e7dd350bbb0b3094633250d69f3.pdf,2017-04-06T00:00:00Z,Performance report,EGY,FP039,https://climateprojectexplorer.org/document/gcf-ebrd-egypt-renewable-energy-financing-framework_a394,https://www.greenclimate.fund/sites/default/files/document/fp039-apr-2020-public-version-final.pdf,application/pdf,12bb5e7dd350bbb0b3094633250d69f3,GCF.family.FP039.16230,2017,parked_progress
GCF.document.FP039_16230.21453,GCF-EBRD Egypt Renewable Energy Financing Framework — 2021 Annual Performance Report for FP039: Egypt Renewable Energy Financing Framework,https://cdn.climatepolicyradar.org/navigator/EGY/2017/gcf-ebrd-egypt-renewable-energy-financing-framework_a38421581e83b0c26bd7e77ba2f6548b.pdf,2017-04-06T00:00:00Z,Performance report,EGY,FP039,https://climateprojectexplorer.org/document/gcf-ebrd-egypt-renewable-energy-financing-framework_a394,https://www.greenclimate.fund/sites/default/files/document/fp039-apr-2021-public-version-final.pdf,application/pdf,a38421581e83b0c26bd7e77ba2f6548b,GCF.family.FP039.16230,2017,parked_progress
GCF.document.FP039_16230.21454,GCF-EBRD Egypt Renewable Energy Financing Framework — 2022 Annual Performance Report for FP039: Egypt Renewable Energy Financing Framework,https://cdn.climatepolicyradar.org/navigator/EGY/2017/gcf-ebrd-egypt-renewable-energy-financing-framework_05480f76ed3d4369322329b77098a50e.pdf,2017-04-06T00:00:00Z,Performance report,EGY,FP039,https://climateprojectexplorer.org/document/gcf-ebrd-egypt-renewable-energy-financing-framework_a394,https://www.greenclimate.fund/sites/default/files/document/fp039-apr-2022-public-version-final.pdf,application/pdf,05480f76ed3d4369322329b77098a50e,GCF.family.FP039.16230,2017,parked_progress
GCF.document.FP039_16230.21455,GCF-EBRD Egypt Renewable Energy Financing Framework — 2023 Annual Performance Report for FP039: Egypt Renewable Energy Financing Framework,https://cdn.climatepolicyradar.org/navigator/EGY/2017/gcf-ebrd-egypt-renewable-energy-financing-framework_ef031f2049fb028f088b24f9d9de8bb8.pdf,2017-04-06T00:00:00Z,Performance report,EGY,FP039,https://climateprojectexplorer.org/document/gcf-ebrd-egypt-renewable-energy-financing-framework_a394,https://www.greenclimate.fund/sites/default/files/document/fp039-apr-2023-public-version-final.pdf,application/pdf,ef031f2049fb028f088b24f9d9de8bb8,GCF.family.FP039.16230,2017,parked_progress
GCF.document.FP039_16230.21456,GCF-EBRD Egypt Renewable Energy Financing Framework — 2024 Annual Performance Report for FP039: Egypt Renewable Energy Financing Framework,https://cdn.climatepolicyradar.org/navigator/EGY/2017/gcf-ebrd-egypt-renewable-energy-financing-framework_45d28ad4527bbee264e4cf168d439959.pdf,2017-04-06T00:00:00Z,Performance report,EGY,FP039,https://climateprojectexplorer.org/document/gcf-ebrd-egypt-renewable-energy-financing-framework_a394,https://www.greenclimate.fund/sites/default/files/document/fp039-apr-2024-public-version-final.pdf,application/pdf,45d28ad4527bbee264e4cf168d439959,GCF.family.FP039.16230,2017,parked_progress
GCF.document.FP039_16230.21591,GCF-EBRD Egypt Renewable Energy Financing Framework — Interim evaluation report for FP039: GCF-EBRD Egypt Renewable Energy Financing Framework,https://cdn.climatepolicyradar.org/navigator/EGY/2017/gcf-ebrd-egypt-renewable-energy-financing-framework_9f13ab01e93ee80f1b4d7ca784bb4436.pdf,2017-04-06T00:00:00Z,Interim evaluation report for FP039: GCF-EBRD Egypt Renewable Energy Financing Framework,EGY,FP039,https://climateprojectexplorer.org/document/gcf-ebrd-egypt-renewable-energy-financing-framework_a394,https://www.greenclimate.fund/sites/default/files/document/fp039-interim-evaluation-report-pub.pdf,application/pdf,9f13ab01e93ee80f1b4d7ca784bb4436,GCF.family.FP039.16230,2017,parked
GCF.document.FP053_15220.6318,Enhancing climate change adaptation in the North coast and Nile Delta Regions in Egypt — Enhancing climate change adaptation in the north coast and Nile delta regions in Egypt,https://cdn.climatepolicyradar.org/navigator/EGY/2017/enhancing-climate-change-adaptation-in-the-north-coast-and-nile-delta-regions-in-egypt_a2e1c59c169b29fc20b137cdadac3de2.pdf,2017-10-02T00:00:00Z,Enhancing climate change adaptation in the north coast and Nile delta regions in Egypt,EGY,FP053,https://climateprojectexplorer.org/document/enhancing-climate-change-adaptation-in-the-north-coast-and-nile-delta-regions-in-egypt_c0c1,https://www.greenclimate.fund/sites/default/files/document/funding-proposal-fp053-undp-egypt.pdf,application/pdf,a2e1c59c169b29fc20b137cdadac3de2,GCF.family.FP053.15220,2017,parked
GCF.document.FP053_15220.6156,Enhancing climate change adaptation in the North coast and Nile Delta Regions in Egypt — Gender assessment for FP053: Enhancing climate change adaptation in the North coast and Nile Delta Regions in Egypt,https://cdn.climatepolicyradar.org/navigator/EGY/2017/enhancing-climate-change-adaptation-in-the-north-coast-and-nile-delta-regions-in-egypt_c6c0f08af8270eafa8cc529b518a88d3.pdf,2017-10-02T00:00:00Z,Gender assessment for FP053: Enhancing climate change adaptation in the North coast and Nile Delta Regions in Egypt,EGY,FP053,https://climateprojectexplorer.org/document/enhancing-climate-change-adaptation-in-the-north-coast-and-nile-delta-regions-in-egypt_c0c1,https://www.greenclimate.fund/sites/default/files/document/gender-assessment-fp053-undp-egypt.pdf,application/pdf,c6c0f08af8270eafa8cc529b518a88d3,GCF.family.FP053.15220,2017,parked
GCF.document.FP053_15220.6208,Enhancing climate change adaptation in the North coast and Nile Delta Regions in Egypt — Gender action plan for FP053: Enhancing climate change adaptation in the North coast and Nile Delta Regions in Egypt,https://cdn.climatepolicyradar.org/navigator/EGY/2017/enhancing-climate-change-adaptation-in-the-north-coast-and-nile-delta-regions-in-egypt_81968a98ca9e5b2d3f6e91c32ff7bf19.pdf,2017-10-02T00:00:00Z,Gender action plan for FP053: Enhancing climate change adaptation in the North coast and Nile Delta Regions in Egypt,EGY,FP053,https://climateprojectexplorer.org/document/enhancing-climate-change-adaptation-in-the-north-coast-and-nile-delta-regions-in-egypt_c0c1,https://www.greenclimate.fund/sites/default/files/document/gender-action-plan-fp053-undp-egypt.pdf,application/pdf,81968a98ca9e5b2d3f6e91c32ff7bf19,GCF.family.FP053.15220,2017,parked
GCF.document.FP053_15220.11519,Enhancing climate change adaptation in the North coast and Nile Delta Regions in Egypt — 2019 Annual Performance Report for FP053: Enhancing climate change adaptation in the North coast and Nile Delta Regions in Egypt,https://cdn.climatepolicyradar.org/navigator/EGY/2017/enhancing-climate-change-adaptation-in-the-north-coast-and-nile-delta-regions-in-egypt_dd4e331786b418cf57b87ae8e037d22a.pdf,2017-10-02T00:00:00Z,Performance report,EGY,FP053,https://climateprojectexplorer.org/document/enhancing-climate-change-adaptation-in-the-north-coast-and-nile-delta-regions-in-egypt_c0c1,https://www.greenclimate.fund/sites/default/files/document/fp053-2019apr.pdf,application/pdf,dd4e331786b418cf57b87ae8e037d22a,GCF.family.FP053.15220,2017,parked_progress
GCF.document.FP053_15220.12706,Enhancing climate change adaptation in the North coast and Nile Delta Regions in Egypt — 2020 Annual Performance Report for FP053: Enhancing climate change adaptation in the North coast and Nile Delta Regions in Egypt,https://cdn.climatepolicyradar.org/navigator/EGY/2017/enhancing-climate-change-adaptation-in-the-north-coast-and-nile-delta-regions-in-egypt_2c28d2336e2706ac91f4f20886e84e9c.pdf,2017-10-02T00:00:00Z,Performance report,EGY,FP053,https://climateprojectexplorer.org/document/enhancing-climate-change-adaptation-in-the-north-coast-and-nile-delta-regions-in-egypt_c0c1,https://www.greenclimate.fund/sites/default/files/document/fp053-annual-performance-report-cy2020-disclosable.pdf,application/pdf,2c28d2336e2706ac91f4f20886e84e9c,GCF.family.FP053.15220,2017,parked_progress
GCF.document.FP053_15220.14212,Enhancing climate change adaptation in the North coast and Nile Delta Regions in Egypt — 2018 Annual Performance Report for FP053: Enhancing climate change adaptation in the North coast and Nile Delta Regions in Egypt,https://cdn.climatepolicyradar.org/navigator/EGY/2017/enhancing-climate-change-adaptation-in-the-north-coast-and-nile-delta-regions-in-egypt_5ede0bebc3198affceadcf7cdc728771.pdf,2017-10-02T00:00:00Z,Performance report,EGY,FP053,https://climateprojectexplorer.org/document/enhancing-climate-change-adaptation-in-the-north-coast-and-nile-delta-regions-in-egypt_c0c1,https://www.greenclimate.fund/sites/default/files/document/fp053-2018apr.pdf,application/pdf,5ede0bebc3198affceadcf7cdc728771,GCF.family.FP053.15220,2017,parked_progress
GCF.document.FP053_15220.16355,Enhancing climate change adaptation in the North coast and Nile Delta Regions in Egypt — 2022 Annual Performance Report for FP053: Enhancing climate change adaptation in the North coast and Nile Delta Regions in Egypt,https://cdn.climatepolicyradar.org/navigator/EGY/2017/enhancing-climate-change-adaptation-in-the-north-coast-and-nile-delta-regions-in-egypt_eb978e7d1c6d2b46d31b240bd3bf923b.pdf,2017-10-02T00:00:00Z,Performance report,EGY,FP053,https://climateprojectexplorer.org/document/enhancing-climate-change-adaptation-in-the-north-coast-and-nile-delta-regions-in-egypt_c0c1,https://www.greenclimate.fund/sites/default/files/document/fp053-annual-performance-report-cy2022-v.pdf,application/pdf,eb978e7d1c6d2b46d31b240bd3bf923b,GCF.family.FP053.15220,2017,parked_progress
GCF.document.FP053_15220.14504,Enhancing climate change adaptation in the North coast and Nile Delta Regions in Egypt — 2021 Annual Performance Report for FP053: Enhancing climate change adaptation in the North coast and Nile Delta Regions in Egypt,https://cdn.climatepolicyradar.org/navigator/EGY/2017/enhancing-climate-change-adaptation-in-the-north-coast-and-nile-delta-regions-in-egypt_4767f5a5f0d825c90b1d46e144c92143.pdf,2017-10-02T00:00:00Z,Performance report,EGY,FP053,https://climateprojectexplorer.org/document/enhancing-climate-change-adaptation-in-the-north-coast-and-nile-delta-regions-in-egypt_c0c1,https://www.greenclimate.fund/sites/default/files/document/fp053-annual-performance-report-cy2021.pdf,application/pdf,4767f5a5f0d825c90b1d46e144c92143,GCF.family.FP053.15220,2017,parked_progress
GCF.document.FP053_15220.20006,Enhancing climate change adaptation in the North coast and Nile Delta Regions in Egypt — 2023 Annual Performance Report for FP053: Enhancing climate change adaptation in the North coast and Nile Delta Regions in Egypt,https://cdn.climatepolicyradar.org/navigator/EGY/2017/enhancing-climate-change-adaptation-in-the-north-coast-and-nile-delta-regions-in-egypt_a7ed065abdc2d89cb60f3e3fbcd4ae6e.pdf,2017-10-02T00:00:00Z,Performance report,EGY,FP053,https://climateprojectexplorer.org/document/enhancing-climate-change-adaptation-in-the-north-coast-and-nile-delta-regions-in-egypt_c0c1,https://www.greenclimate.fund/sites/default/files/document/fp053-annual-performance-report-cy2023.pdf,application/pdf,a7ed065abdc2d89cb60f3e3fbcd4ae6e,GCF.family.FP053.15220,2017,parked_progress
GCF.document.FP053_15220.21080,Enhancing climate change adaptation in the North coast and Nile Delta Regions in Egypt — 2024 Annual Performance Report for FP053: Enhancing climate change adaptation in the North coast and Nile Delta Regions in Egypt,https://cdn.climatepolicyradar.org/navigator/EGY/2017/enhancing-climate-change-adaptation-in-the-north-coast-and-nile-delta-regions-in-egypt_59074dc0c5bbc6929b26287875e95627.pdf,2017-10-02T00:00:00Z,Performance report,EGY,FP053,https://climateprojectexplorer.org/document/enhancing-climate-change-adaptation-in-the-north-coast-and-nile-delta-regions-in-egypt_c0c1,https://www.greenclimate.fund/sites/default/files/document/fp053-50763-annual-performance-report-cy2024-v3.pdf,application/pdf,59074dc0c5bbc6929b26287875e95627,GCF.family.FP053.15220,2017,parked_progress
GCF.document.FP053_15220.21524,Enhancing climate change adaptation in the North coast and Nile Delta Regions in Egypt — Interim evaluation report for FP053: Enhancing climate change adaptation in the North coast and Nile Delta Regions in Egypt,https://cdn.climatepolicyradar.org/navigator/EGY/2017/enhancing-climate-change-adaptation-in-the-north-coast-and-nile-delta-regions-in-egypt_852c6e34e4c28765763be3a8b9310e6d.pdf,2017-10-02T00:00:00Z,Interim evaluation report for FP053: Enhancing climate change adaptation in the North coast and Nile Delta Regions in Egypt,EGY,FP053,https://climateprojectexplorer.org/document/enhancing-climate-change-adaptation-in-the-north-coast-and-nile-delta-regions-in-egypt_c0c1,https://www.greenclimate.fund/sites/default/files/document/fp053-interim-evaluation-report-pub.pdf,application/pdf,852c6e34e4c28765763be3a8b9310e6d,GCF.family.FP053.15220,2017,parked
GCF.document.FP199_23210.15221,Public-Social-Private Partnerships for Ecologically-Sound Agriculture and Resilient Livelihood in Northern Tonle Sap Basin (PEARL) — Public-Social-Private Partnerships for Ecologically-Sound Agriculture and Resilient Livelihood in Northern Tonle Sap Basin (PEARL),https://cdn.climatepolicyradar.org/navigator/KHM/2023/public-social-private-partnerships-for-ecologically-sound-agriculture-and-resilient-livelihood-in-northern-tonle-sap-basin-pearl_f3ff64030b59b96ff5981fd5d10c956a.pdf,2023-03-16T00:00:00Z,Public-Social-Private Partnerships for Ecologically-Sound Agriculture and Resilient Livelihood in Northern Tonle Sap Basin (PEARL),KHM,FP199,https://climateprojectexplorer.org/document/public-social-private-partnerships-for-ecologically-sound-agriculture-and-resilient-livelihood-in-northern-tonle-sap-basin-pearl_f604,https://www.greenclimate.fund/sites/default/files/document/fp199-fao-cambodia_0.pdf,application/pdf,f3ff64030b59b96ff5981fd5d10c956a,GCF.family.FP199.23210,2023,out_of_scope_geo
GCF.document.FP199_23210.17324,Public-Social-Private Partnerships for Ecologically-Sound Agriculture and Resilient Livelihood in Northern Tonle Sap Basin (PEARL) — 2023 Annual Performance Report for FP199: Public-Social-Private Partnerships for Ecologically-Sound Agriculture and Resilient Livelihood in Northern Tonle Sap Basin (PEARL),https://cdn.climatepolicyradar.org/navigator/KHM/2023/public-social-private-partnerships-for-ecologically-sound-agriculture-and-resilient-livelihood-in-northern-tonle-sap-basin-pearl_b81c86de52a4e1d91c716ebadcf2e13e.pdf,2023-03-16T00:00:00Z,Performance report,KHM,FP199,https://climateprojectexplorer.org/document/public-social-private-partnerships-for-ecologically-sound-agriculture-and-resilient-livelihood-in-northern-tonle-sap-basin-pearl_f604,https://www.greenclimate.fund/sites/default/files/document/fp199-annual-performance-report-cy2023-projects-programme-approved-under-irmf-v.pdf,application/pdf,b81c86de52a4e1d91c716ebadcf2e13e,GCF.family.FP199.23210,2023,out_of_scope_geo
GCF.document.FP199_23210.21163,Public-Social-Private Partnerships for Ecologically-Sound Agriculture and Resilient Livelihood in Northern Tonle Sap Basin (PEARL) — 2024 Annual Performance Report for FP199: Public-Social-Private Partnerships for Ecologically-Sound Agriculture and Resilient Livelihood in Northern Tonle Sap Basin (PEARL),https://cdn.climatepolicyradar.org/navigator/KHM/2023/public-social-private-partnerships-for-ecologically-sound-agriculture-and-resilient-livelihood-in-northern-tonle-sap-basin-pearl_7a67e2b3a98ef5f6695d05e3ec9c39d5.pdf,2023-03-16T00:00:00Z,Performance report,KHM,FP199,https://climateprojectexplorer.org/document/public-social-private-partnerships-for-ecologically-sound-agriculture-and-resilient-livelihood-in-northern-tonle-sap-basin-pearl_f604,https://www.greenclimate.fund/sites/default/files/document/fp199-50894-annual-performance-report-cy2024-v2.pdf,application/pdf,7a67e2b3a98ef5f6695d05e3ec9c39d5,GCF.family.FP199.23210,2023,out_of_scope_geo
GCF.document.FP095_17550.5546,Transforming Financial Systems for Climate — Transforming financial systems for climate,https://cdn.climatepolicyradar.org/navigator/TZA/2018/transforming-financial-systems-for-climate_73d0b3e3d1ede007815603f5381f8e63.pdf,2018-10-20T00:00:00Z,Transforming financial systems for climate,BEN;BFA;CMR;CIV;ECU;EGY;KEN;MDG;MUS;MAR;NAM;NGA;SEN;ZAF;TZA;TGO;UGA,FP095,https://climateprojectexplorer.org/document/transforming-financial-systems-for-climate_e4f8,https://www.greenclimate.fund/sites/default/files/document/funding-proposal-fp095-afd-multiple-countries.pdf,application/pdf,73d0b3e3d1ede007815603f5381f8e63,GCF.family.FP095.17550,2018,parked
GCF.document.FP095_17550.5780,Transforming Financial Systems for Climate — Gender assessment for FP095: Transforming Financial Systems for Climate,https://cdn.climatepolicyradar.org/navigator/TZA/2018/transforming-financial-systems-for-climate_2966f438a3fdb501fd9c8f21a5fe92b4.pdf,2018-10-20T00:00:00Z,Gender assessment for FP095: Transforming Financial Systems for Climate,BEN;BFA;CMR;CIV;ECU;EGY;KEN;MDG;MUS;MAR;NAM;NGA;SEN;ZAF;TZA;TGO;UGA,FP095,https://climateprojectexplorer.org/document/transforming-financial-systems-for-climate_e4f8,https://www.greenclimate.fund/sites/default/files/document/gender-assessment-fp095-afd-multiple-countries.pdf,application/pdf,2966f438a3fdb501fd9c8f21a5fe92b4,GCF.family.FP095.17550,2018,parked
GCF.document.FP095_17550.5795,Transforming Financial Systems for Climate — Gender action plan for FP095: Transforming Financial Systems for Climate,https://cdn.climatepolicyradar.org/navigator/TGO/2018/transforming-financial-systems-for-climate_55b670d5a6302bb43ed8ad14a560e689.pdf,2018-10-20T00:00:00Z,Gender action plan for FP095: Transforming Financial Systems for Climate,BEN;BFA;CMR;CIV;ECU;EGY;KEN;MDG;MUS;MAR;NAM;NGA;SEN;ZAF;TZA;TGO;UGA,FP095,https://climateprojectexplorer.org/document/transforming-financial-systems-for-climate_e4f8,https://www.greenclimate.fund/sites/default/files/document/gender-action-plans-fp095-afd-multiple-countries.pdf,application/pdf,55b670d5a6302bb43ed8ad14a560e689,GCF.family.FP095.17550,2018,parked
GCF.document.FP095_17550.11571,Transforming Financial Systems for Climate — 2019 Annual Performance Report for FP095: Transforming Financial Systems for Climate,https://cdn.climatepolicyradar.org/navigator/CMR/2018/transforming-financial-systems-for-climate_754af2acf72b4008d2040f2d5ce7fbde.pdf,2018-10-20T00:00:00Z,Performance report,BEN;BFA;CMR;CIV;ECU;EGY;KEN;MDG;MUS;MAR;NAM;NGA;SEN;ZAF;TZA;TGO;UGA,FP095,https://climateprojectexplorer.org/document/transforming-financial-systems-for-climate_e4f8,https://www.greenclimate.fund/sites/default/files/document/fp095-2019apr.pdf,application/pdf,754af2acf72b4008d2040f2d5ce7fbde,GCF.family.FP095.17550,2018,parked_progress
GCF.document.FP095_17550.12648,Transforming Financial Systems for Climate — 2020 Annual Performance Report for FP095: Transforming Financial Systems for Climate,https://cdn.climatepolicyradar.org/navigator/TZA/2018/transforming-financial-systems-for-climate_58962dcf1b3530fc21115cd2b9d6c3b9.pdf,2018-10-20T00:00:00Z,Performance report,BEN;BFA;CMR;CIV;ECU;EGY;KEN;MDG;MUS;MAR;NAM;NGA;SEN;ZAF;TZA;TGO;UGA,FP095,https://climateprojectexplorer.org/document/transforming-financial-systems-for-climate_e4f8,https://www.greenclimate.fund/sites/default/files/document/fp095-annual-performance-report-cy2020-disclosable.pdf,application/pdf,58962dcf1b3530fc21115cd2b9d6c3b9,GCF.family.FP095.17550,2018,parked_progress
GCF.document.FP095_17550.15859,Transforming Financial Systems for Climate — 2021 Annual Performance Report for FP095: Transforming Financial Systems for Climate,https://cdn.climatepolicyradar.org/navigator/UGA/2018/transforming-financial-systems-for-climate_0b714d5425ef5a8bd0f0eae6a7e4e60a.pdf,2018-10-20T00:00:00Z,Performance report,BEN;BFA;CMR;CIV;ECU;EGY;KEN;MDG;MUS;MAR;NAM;NGA;SEN;ZAF;TZA;TGO;UGA,FP095,https://climateprojectexplorer.org/document/transforming-financial-systems-for-climate_e4f8,https://www.greenclimate.fund/sites/default/files/document/fp095-annual-performance-report-cy2021-v.pdf,application/pdf,0b714d5425ef5a8bd0f0eae6a7e4e60a,GCF.family.FP095.17550,2018,parked_progress
GCF.document.FP095_17550.16382,Transforming Financial Systems for Climate — 2022 Annual Performance Report for FP095: Transforming Financial Systems for Climate,https://cdn.climatepolicyradar.org/navigator/UGA/2018/transforming-financial-systems-for-climate_f7a06ca3a238d6bbc1647416287dd981.pdf,2018-10-20T00:00:00Z,Performance report,BEN;BFA;CMR;CIV;ECU;EGY;KEN;MDG;MUS;MAR;NAM;NGA;SEN;ZAF;TZA;TGO;UGA,FP095,https://climateprojectexplorer.org/document/transforming-financial-systems-for-climate_e4f8,https://www.greenclimate.fund/sites/default/files/document/disclosable-fp095-annual-performance-report-cy2022-v.pdf,application/pdf,f7a06ca3a238d6bbc1647416287dd981,GCF.family.FP095.17550,2018,parked_progress
GCF.document.FP095_17550.21101,Transforming Financial Systems for Climate — 2024 Annual Performance Report for FP095: Transforming Financial Systems for Climate,https://cdn.climatepolicyradar.org/navigator/BEN/2018/transforming-financial-systems-for-climate_70ec876b41e14d5cbec5d80281d7d3af.pdf,2018-10-20T00:00:00Z,Performance report,BEN;BFA;CMR;CIV;ECU;EGY;KEN;MDG;MUS;MAR;NAM;NGA;SEN;ZAF;TZA;TGO;UGA,FP095,https://climateprojectexplorer.org/document/transforming-financial-systems-for-climate_e4f8,https://www.greenclimate.fund/sites/default/files/document/fp095-50799-annual-performance-report-cy2024-v1.pdf,application/pdf,70ec876b41e14d5cbec5d80281d7d3af,GCF.family.FP095.17550,2018,parked_progress
GCF.document.FP095_17550.20055,Transforming Financial Systems for Climate — 2023 Annual Performance Report for FP095: Transforming Financial Systems for Climate,https://cdn.climatepolicyradar.org/navigator/BEN/2018/transforming-financial-systems-for-climate_71e8b58f3931726245128347bfc73d93.pdf,2018-10-20T00:00:00Z,Performance report,BEN;BFA;CMR;CIV;ECU;EGY;KEN;MDG;MUS;MAR;NAM;NGA;SEN;ZAF;TZA;TGO;UGA,FP095,https://climateprojectexplorer.org/document/transforming-financial-systems-for-climate_e4f8,https://www.greenclimate.fund/sites/default/files/document/fp095-apr-cy2023-revised.pdf,application/pdf,71e8b58f3931726245128347bfc73d93,GCF.family.FP095.17550,2018,parked_progress
GCF.document.SAP025_22550.14823,Adaptation of agricultural production systems in Coastal Areas of Northwest Guinea-Bissau — Adaptation of agricultural production systems in Coastal Areas of Northwest Guinea-Bissau,https://cdn.climatepolicyradar.org/navigator/GNB/2022/adaptation-of-agricultural-production-systems-in-coastal-areas-of-northwest-guinea-bissau_da0bacbff539c9be8620d9a7f46600d7.pdf,2022-10-20T00:00:00Z,Adaptation of agricultural production systems in Coastal Areas of Northwest Guinea-Bissau,GNB,SAP025,https://climateprojectexplorer.org/document/adaptation-of-agricultural-production-systems-in-coastal-areas-of-northwest-guinea-bissau_6828,https://www.greenclimate.fund/sites/default/files/document/funding-proposal-sap025.pdf,application/pdf,da0bacbff539c9be8620d9a7f46600d7,GCF.family.SAP025.22550,2022,parked
GCF.document.SAP025_22550.15380,Adaptation of agricultural production systems in Coastal Areas of Northwest Guinea-Bissau — Gender assessment for SAP0025: Adaptation of agricultural production systems in Coastal Areas of Northwest Guinea-Bissau,https://cdn.climatepolicyradar.org/navigator/GNB/2022/adaptation-of-agricultural-production-systems-in-coastal-areas-of-northwest-guinea-bissau_f06ce6f106f6ac1ca4417975a8c9962d.pdf,2022-10-20T00:00:00Z,Gender assessment for SAP0025: Adaptation of agricultural production systems in Coastal Areas of Northwest Guinea-Bissau,GNB,SAP025,https://climateprojectexplorer.org/document/adaptation-of-agricultural-production-systems-in-coastal-areas-of-northwest-guinea-bissau_6828,https://www.greenclimate.fund/sites/default/files/document/sap025-gender-assessment.pdf,application/pdf,f06ce6f106f6ac1ca4417975a8c9962d,GCF.family.SAP025.22550,2022,parked
GCF.document.SAP025_22550.15379,Adaptation of agricultural production systems in Coastal Areas of Northwest Guinea-Bissau — Gender action plan for SAP025: Adaptation of agricultural production systems in Coastal Areas of Northwest Guinea-Bissau,https://cdn.climatepolicyradar.org/navigator/GNB/2022/adaptation-of-agricultural-production-systems-in-coastal-areas-of-northwest-guinea-bissau_80466df9e665bdbedac330a0ef372cbe.pdf,2022-10-20T00:00:00Z,Gender action plan for SAP025: Adaptation of agricultural production systems in Coastal Areas of Northwest Guinea-Bissau,GNB,SAP025,https://climateprojectexplorer.org/document/adaptation-of-agricultural-production-systems-in-coastal-areas-of-northwest-guinea-bissau_6828,https://www.greenclimate.fund/sites/default/files/document/sap025-gender-action-plan.pdf,application/pdf,80466df9e665bdbedac330a0ef372cbe,GCF.family.SAP025.22550,2022,parked
GCF.document.SAP025_22550.21195,Adaptation of agricultural production systems in Coastal Areas of Northwest Guinea-Bissau — 2024 Annual Performance Report for SAP025: Adaptation of agricultural production systems in Coastal Areas of Northwest Guinea-Bissau,https://cdn.climatepolicyradar.org/navigator/GNB/2022/adaptation-of-agricultural-production-systems-in-coastal-areas-of-northwest-guinea-bissau_f9934c19e4b753fcb2746d0a231e1ee5.pdf,2022-10-20T00:00:00Z,Performance report,GNB,SAP025,https://climateprojectexplorer.org/document/adaptation-of-agricultural-production-systems-in-coastal-areas-of-northwest-guinea-bissau_6828,https://www.greenclimate.fund/sites/default/files/document/sap025-50940-annual-performance-report-cy2024-v1.pdf,application/pdf,f9934c19e4b753fcb2746d0a231e1ee5,GCF.family.SAP025.22550,2022,parked_progress
GCF.document.FP011_13430.6133,"Large-scale Ecosystem-based Adaptation in The Gambia: developing a climate-resilient, natural resource-based economy — Gender assessment for FP011: Large-scale Ecosystem-based Adaptation in the Gambia: developing a climate-resilient, natural resource-based economy",https://cdn.climatepolicyradar.org/navigator/GMB/2016/large-scale-ecosystem-based-adaptation-in-the-gambia-developing-a-climate-resilient-natural-resource-based-economy_7db97fef9f73ae7fadaeba7cb7a3c932.pdf,2016-06-30T00:00:00Z,"Gender assessment for FP011: Large-scale Ecosystem-based Adaptation in the Gambia: developing a climate-resilient, natural resource-based economy",GMB,FP011,https://climateprojectexplorer.org/document/large-scale-ecosystem-based-adaptation-in-the-gambia-developing-a-climate-resilient-natural-resource-based-economy_0af7,https://www.greenclimate.fund/sites/default/files/document/gender-assessment-fp011-unep-gambia.pdf,application/pdf,7db97fef9f73ae7fadaeba7cb7a3c932,GCF.family.FP011.13430,2016,parked
GCF.document.FP011_13430.11526,"Large-scale Ecosystem-based Adaptation in The Gambia: developing a climate-resilient, natural resource-based economy — 2019 Annual Performance Report for FP011: Large-scale Ecosystem-based Adaptation in The Gambia: developing a climate-resilient, natural resource-based economy",https://cdn.climatepolicyradar.org/navigator/GMB/2016/large-scale-ecosystem-based-adaptation-in-the-gambia-developing-a-climate-resilient-natural-resource-based-economy_175e03ec185ad19abfc6ac76e9cd10c8.pdf,2016-06-30T00:00:00Z,Performance report,GMB,FP011,https://climateprojectexplorer.org/document/large-scale-ecosystem-based-adaptation-in-the-gambia-developing-a-climate-resilient-natural-resource-based-economy_0af7,https://www.greenclimate.fund/sites/default/files/document/fp011-2019apr.pdf,application/pdf,175e03ec185ad19abfc6ac76e9cd10c8,GCF.family.FP011.13430,2016,parked_progress
GCF.document.FP011_13430.12618,"Large-scale Ecosystem-based Adaptation in The Gambia: developing a climate-resilient, natural resource-based economy — 2020 Annual Performance Report for FP011: Large-scale Ecosystem-based Adaptation in The Gambia: developing a climate-resilient, natural resource-based economy",https://cdn.climatepolicyradar.org/navigator/GMB/2016/large-scale-ecosystem-based-adaptation-in-the-gambia-developing-a-climate-resilient-natural-resource-based-economy_97cd2ab94a5ad9fae3e65dc003a99c01.pdf,2016-06-30T00:00:00Z,Performance report,GMB,FP011,https://climateprojectexplorer.org/document/large-scale-ecosystem-based-adaptation-in-the-gambia-developing-a-climate-resilient-natural-resource-based-economy_0af7,https://www.greenclimate.fund/sites/default/files/document/fp011-annual-performance-report-cy2020.pdf,application/pdf,97cd2ab94a5ad9fae3e65dc003a99c01,GCF.family.FP011.13430,2016,parked_progress
GCF.document.FP011_13430.14245,"Large-scale Ecosystem-based Adaptation in The Gambia: developing a climate-resilient, natural resource-based economy — 2017 Annual Performance Report for FP011: Large-scale Ecosystem-based Adaptation in The Gambia: developing a climate-resilient, natural resource-based economy",https://cdn.climatepolicyradar.org/navigator/GMB/2016/large-scale-ecosystem-based-adaptation-in-the-gambia-developing-a-climate-resilient-natural-resource-based-economy_b6de008e45ff2ddca5276c119aa329ba.pdf,2016-06-30T00:00:00Z,Performance report,GMB,FP011,https://climateprojectexplorer.org/document/large-scale-ecosystem-based-adaptation-in-the-gambia-developing-a-climate-resilient-natural-resource-based-economy_0af7,https://www.greenclimate.fund/sites/default/files/document/fp011-2017apr.pdf,application/pdf,b6de008e45ff2ddca5276c119aa329ba,GCF.family.FP011.13430,2016,parked_progress
GCF.document.FP011_13430.14671,"Large-scale Ecosystem-based Adaptation in The Gambia: developing a climate-resilient, natural resource-based economy — 2021 Annual Performance Report for FP011: Large-scale Ecosystem-based Adaptation in The Gambia: developing a climate-resilient, natural resource-based economy",https://cdn.climatepolicyradar.org/navigator/GMB/2016/large-scale-ecosystem-based-adaptation-in-the-gambia-developing-a-climate-resilient-natural-resource-based-economy_05a170eea570d817b91769305fe6dad4.pdf,2016-06-30T00:00:00Z,Performance report,GMB,FP011,https://climateprojectexplorer.org/document/large-scale-ecosystem-based-adaptation-in-the-gambia-developing-a-climate-resilient-natural-resource-based-economy_0af7,https://www.greenclimate.fund/sites/default/files/document/fp011-annual-performance-report-cy2021-v.pdf,application/pdf,05a170eea570d817b91769305fe6dad4,GCF.family.FP011.13430,2016,parked_progress
GCF.document.FP011_13430.6308,"Large-scale Ecosystem-based Adaptation in The Gambia: developing a climate-resilient, natural resource-based economy — Large-scale Ecosystem-based Adaptation in the Gambia river basin: Developing a climate resilient, natural resource based economy",https://cdn.climatepolicyradar.org/navigator/GMB/2016/large-scale-ecosystem-based-adaptation-in-the-gambia-developing-a-climate-resilient-natural-resource-based-economy_14adc4235d2aa6661570230b745f8ecd.pdf,2016-06-30T00:00:00Z,"Large-scale Ecosystem-based Adaptation in the Gambia river basin: Developing a climate resilient, natural resource based economy",GMB,FP011,https://climateprojectexplorer.org/document/large-scale-ecosystem-based-adaptation-in-the-gambia-developing-a-climate-resilient-natural-resource-based-economy_0af7,https://www.greenclimate.fund/sites/default/files/document/funding-proposal-fp011-unep-gambia.pdf,application/pdf,14adc4235d2aa6661570230b745f8ecd,GCF.family.FP011.13430,2016,parked
GCF.document.FP011_13430.15799,"Large-scale Ecosystem-based Adaptation in The Gambia: developing a climate-resilient, natural resource-based economy — 2022 Annual Performance Report for FP011: Large-scale Ecosystem-based Adaptation in The Gambia: developing a climate-resilient, natural resource-based economy",https://cdn.climatepolicyradar.org/navigator/GMB/2016/large-scale-ecosystem-based-adaptation-in-the-gambia-developing-a-climate-resilient-natural-resource-based-economy_32e14c85f7f1729e9812376333766fde.pdf,2016-06-30T00:00:00Z,Performance report,GMB,FP011,https://climateprojectexplorer.org/document/large-scale-ecosystem-based-adaptation-in-the-gambia-developing-a-climate-resilient-natural-resource-based-economy_0af7,https://www.greenclimate.fund/sites/default/files/document/fp011-annual-performance-report-cy2022-v.pdf,application/pdf,32e14c85f7f1729e9812376333766fde,GCF.family.FP011.13430,2016,parked_progress
GCF.document.FP011_13430.20000,"Large-scale Ecosystem-based Adaptation in The Gambia: developing a climate-resilient, natural resource-based economy — 2023 Annual Performance Report for FP011: Large-scale Ecosystem-based Adaptation in The Gambia: developing a climate-resilient, natural resource-based economy",https://cdn.climatepolicyradar.org/navigator/GMB/2016/large-scale-ecosystem-based-adaptation-in-the-gambia-developing-a-climate-resilient-natural-resource-based-economy_f8c8fdc8b25106eb2efe1960a16171b3.pdf,2016-06-30T00:00:00Z,Performance report,GMB,FP011,https://climateprojectexplorer.org/document/large-scale-ecosystem-based-adaptation-in-the-gambia-developing-a-climate-resilient-natural-resource-based-economy_0af7,https://www.greenclimate.fund/sites/default/files/document/fp011-annual-performance-report-cy2023.pdf,application/pdf,f8c8fdc8b25106eb2efe1960a16171b3,GCF.family.FP011.13430,2016,parked_progress
GCF.document.FP011_13430.21586,"Large-scale Ecosystem-based Adaptation in The Gambia: developing a climate-resilient, natural resource-based economy — Interim evaluation report for FP011: Large-scale Ecosystem-based Adaptation in The Gambia: developing a climate-resilient, natural resource-based economy",https://cdn.climatepolicyradar.org/navigator/GMB/2016/large-scale-ecosystem-based-adaptation-in-the-gambia-developing-a-climate-resilient-natural-resource-based-economy_e7d1c86fc4fa63d5fa987784698f8a83.pdf,2016-06-30T00:00:00Z,"Interim evaluation report for FP011: Large-scale Ecosystem-based Adaptation in The Gambia: developing a climate-resilient, natural resource-based economy",GMB,FP011,https://climateprojectexplorer.org/document/large-scale-ecosystem-based-adaptation-in-the-gambia-developing-a-climate-resilient-natural-resource-based-economy_0af7,https://www.greenclimate.fund/sites/default/files/document/fp011-interim-evaluation-report-pub.pdf,application/pdf,e7d1c86fc4fa63d5fa987784698f8a83,GCF.family.FP011.13430,2016,parked
GCF.document.FP011_13430.21066,"Large-scale Ecosystem-based Adaptation in The Gambia: developing a climate-resilient, natural resource-based economy — 2024 Annual Performance Report for FP011: Large-scale Ecosystem-based Adaptation in The Gambia: developing a climate-resilient, natural resource-based economy",https://cdn.climatepolicyradar.org/navigator/GMB/2016/large-scale-ecosystem-based-adaptation-in-the-gambia-developing-a-climate-resilient-natural-resource-based-economy_ae798460742fa482390f58dd762e36c9.pdf,2016-06-30T00:00:00Z,Performance report,GMB,FP011,https://climateprojectexplorer.org/document/large-scale-ecosystem-based-adaptation-in-the-gambia-developing-a-climate-resilient-natural-resource-based-economy_0af7,https://www.greenclimate.fund/sites/default/files/document/fp011-50726-annual-performance-report-cy2024-v3.pdf,application/pdf,ae798460742fa482390f58dd762e36c9,GCF.family.FP011.13430,2016,parked_progress
GCF.document.FP265_17510.20829,Climate-resilient landscapes for sustainable livelihoods in northern Ghana — Climate-resilient landscapes for sustainable livelihoods in northern Ghana,https://cdn.climatepolicyradar.org/navigator/GHA/2025/climate-resilient-landscapes-for-sustainable-livelihoods-in-northern-ghana_1455dc528ce7e5a47f4835ed973f194d.pdf,2025-07-03T00:00:00Z,Climate-resilient landscapes for sustainable livelihoods in northern Ghana,GHA,FP265,https://climateprojectexplorer.org/document/climate-resilient-landscapes-for-sustainable-livelihoods-in-northern-ghana_3d6c,https://www.greenclimate.fund/sites/default/files/document/funding-proposal-fp265.pdf,application/pdf,1455dc528ce7e5a47f4835ed973f194d,GCF.family.FP265.17510,2025,parked
GCF.document.FP265_17510.21404,Climate-resilient landscapes for sustainable livelihoods in northern Ghana — Gender assessment for FP265: Climate-resilient landscapes for sustainable livelihoods in northern Ghana,https://cdn.climatepolicyradar.org/navigator/GHA/2025/climate-resilient-landscapes-for-sustainable-livelihoods-in-northern-ghana_bbc6ce60507c444124d509db4f3625ed.pdf,2025-07-03T00:00:00Z,Gender assessment for FP265: Climate-resilient landscapes for sustainable livelihoods in northern Ghana,GHA,FP265,https://climateprojectexplorer.org/document/climate-resilient-landscapes-for-sustainable-livelihoods-in-northern-ghana_3d6c,https://www.greenclimate.fund/sites/default/files/document/fp265-gender-assessment.pdf,application/pdf,bbc6ce60507c444124d509db4f3625ed,GCF.family.FP265.17510,2025,parked
GCF.document.FP265_17510.21403,Climate-resilient landscapes for sustainable livelihoods in northern Ghana — Gender action plan for FP265: Climate-resilient landscapes for sustainable livelihoods in northern Ghana,https://cdn.climatepolicyradar.org/navigator/GHA/2025/climate-resilient-landscapes-for-sustainable-livelihoods-in-northern-ghana_6a9cd43f4ae49ce9bc5a3790eea46d7e.pdf,2025-07-03T00:00:00Z,Gender action plan for FP265: Climate-resilient landscapes for sustainable livelihoods in northern Ghana,GHA,FP265,https://climateprojectexplorer.org/document/climate-resilient-landscapes-for-sustainable-livelihoods-in-northern-ghana_3d6c,https://www.greenclimate.fund/sites/default/files/document/fp265-gender-action-plan.pdf,application/pdf,6a9cd43f4ae49ce9bc5a3790eea46d7e,GCF.family.FP265.17510,2025,parked
GCF.document.FP114_16490.10262,Program on Affirmative Finance Action for Women in Africa (AFAWA): Financing Climate Resilient Agricultural Practices in Ghana — Program on Affirmative Finance Action for Women in Africa (AFAWA): Financing Climate Resilient Agricultural Practices in Ghana,https://cdn.climatepolicyradar.org/navigator/GHA/2019/program-on-affirmative-finance-action-for-women-in-africa-afawa-financing-climate-resilient-agricultural-practices-in-ghana_7cf2c12bc13fbc6c2acf3d6cd73c0ed0.pdf,2019-07-08T00:00:00Z,Program on Affirmative Finance Action for Women in Africa (AFAWA): Financing Climate Resilient Agricultural Practices in Ghana,GHA,FP114,https://climateprojectexplorer.org/document/program-on-affirmative-finance-action-for-women-in-africa-afawa-financing-climate-resilient-agricultural-practices-in-ghana_72c0,https://www.greenclimate.fund/sites/default/files/document/funding-proposal-fp114-afdb-ghana.pdf,application/pdf,7cf2c12bc13fbc6c2acf3d6cd73c0ed0,GCF.family.FP114.16490,2019,parked
GCF.document.FP114_16490.9944,Program on Affirmative Finance Action for Women in Africa (AFAWA): Financing Climate Resilient Agricultural Practices in Ghana — Gender assessment for FP114: Program on Affirmative Finance Action for Women in Africa (AFAWA): Financing Climate Resilient Agricultural Practices in Ghana,https://cdn.climatepolicyradar.org/navigator/GHA/2019/program-on-affirmative-finance-action-for-women-in-africa-afawa-financing-climate-resilient-agricultural-practices-in-ghana_e8bbf6e068b66bcbe8537e893bf7b8aa.pdf,2019-07-08T00:00:00Z,Gender assessment for FP114: Program on Affirmative Finance Action for Women in Africa (AFAWA): Financing Climate Resilient Agricultural Practices in Ghana,GHA,FP114,https://climateprojectexplorer.org/document/program-on-affirmative-finance-action-for-women-in-africa-afawa-financing-climate-resilient-agricultural-practices-in-ghana_72c0,https://www.greenclimate.fund/sites/default/files/document/gender-assessment-fp114-afdb-ghana.pdf,application/pdf,e8bbf6e068b66bcbe8537e893bf7b8aa,GCF.family.FP114.16490,2019,parked
GCF.document.FP114_16490.9967,Program on Affirmative Finance Action for Women in Africa (AFAWA): Financing Climate Resilient Agricultural Practices in Ghana — Gender action plan for FP114: Program on Affirmative Finance Action for Women in Africa (AFAWA): Financing Climate Resilient Agricultural Practices in Ghana,https://cdn.climatepolicyradar.org/navigator/GHA/2019/program-on-affirmative-finance-action-for-women-in-africa-afawa-financing-climate-resilient-agricultural-practices-in-ghana_454363d412d422ccb8ca0dfd51c2d646.pdf,2019-07-08T00:00:00Z,Gender action plan for FP114: Program on Affirmative Finance Action for Women in Africa (AFAWA): Financing Climate Resilient Agricultural Practices in Ghana,GHA,FP114,https://climateprojectexplorer.org/document/program-on-affirmative-finance-action-for-women-in-africa-afawa-financing-climate-resilient-agricultural-practices-in-ghana_72c0,https://www.greenclimate.fund/sites/default/files/document/gender-action-and-plan-fp114-afdb-ghana.pdf,application/pdf,454363d412d422ccb8ca0dfd51c2d646,GCF.family.FP114.16490,2019,parked
GCF.document.FP114_16490.16338,Program on Affirmative Finance Action for Women in Africa (AFAWA): Financing Climate Resilient Agricultural Practices in Ghana — 2022 Annual Performance Report for FP114: Program on Affirmative Finance Action for Women in Africa (AFAWA): Financing Climate Resilient Agricultural Practices in Ghana,https://cdn.climatepolicyradar.org/navigator/GHA/2019/program-on-affirmative-finance-action-for-women-in-africa-afawa-financing-climate-resilient-agricultural-practices-in-ghana_6f5edfdfdc3a23008ccb94f6051c7cd0.pdf,2019-07-08T00:00:00Z,Performance report,GHA,FP114,https://climateprojectexplorer.org/document/program-on-affirmative-finance-action-for-women-in-africa-afawa-financing-climate-resilient-agricultural-practices-in-ghana_72c0,https://www.greenclimate.fund/sites/default/files/document/fp114-annual-performance-report-cy2022-v.pdf,application/pdf,6f5edfdfdc3a23008ccb94f6051c7cd0,GCF.family.FP114.16490,2019,parked_progress
GCF.document.FP114_16490.20027,Program on Affirmative Finance Action for Women in Africa (AFAWA): Financing Climate Resilient Agricultural Practices in Ghana — 2023 Annual Performance Report for FP114: Program on Affirmative Finance Action for Women in Africa (AFAWA): Financing Climate Resilient Agricultural Practices in Ghana,https://cdn.climatepolicyradar.org/navigator/GHA/2019/program-on-affirmative-finance-action-for-women-in-africa-afawa-financing-climate-resilient-agricultural-practices-in-ghana_948f54f185475c2d4e148503c267e2f8.pdf,2019-07-08T00:00:00Z,Performance report,GHA,FP114,https://climateprojectexplorer.org/document/program-on-affirmative-finance-action-for-women-in-africa-afawa-financing-climate-resilient-agricultural-practices-in-ghana_72c0,https://www.greenclimate.fund/sites/default/files/document/fp114-annual-performance-report-cy2023.pdf,application/pdf,948f54f185475c2d4e148503c267e2f8,GCF.family.FP114.16490,2019,parked_progress
GCF.document.FP204_26130.15226,Sustainable Renewables Risk Mitigation Initiative (SRMI) Facility (Phase 2 Resilience focus) [SRMI-Resilience] — Sustainable Renewables Risk Mitigation Initiative (SRMI) Facility (Phase 2 Resilience focus) [SRMI-Resilience],https://cdn.climatepolicyradar.org/navigator/GNB/2023/sustainable-renewables-risk-mitigation-initiative-srmi-facility-phase-2-resilience-focus-srmi-resilience_fb33430d306ca54bed8b6c3429869aa2.pdf,2023-03-16T00:00:00Z,Sustainable Renewables Risk Mitigation Initiative (SRMI) Facility (Phase 2 Resilience focus) [SRMI-Resilience],ETH;GNB;IDN;KGZ;MNG;SYC;SOM;TJK;TUN,FP204,https://climateprojectexplorer.org/document/sustainable-renewables-risk-mitigation-initiative-srmi-facility-phase-2-resilience-focus-srmi-resilience_7dc2,https://www.greenclimate.fund/sites/default/files/document/fp204-world-bank-multiple-countries.pdf,application/pdf,fb33430d306ca54bed8b6c3429869aa2,GCF.family.FP204.26130,2023,parked
GCF.document.FP204_26130.15280,Sustainable Renewables Risk Mitigation Initiative (SRMI) Facility (Phase 2 Resilience focus) [SRMI-Resilience] — Gender action plan for FP204: Sustainable Renewables Risk Mitigation Initiative (SRMI) Facility (Phase 2 Resilience focus) [SRMI-Resilience],https://cdn.climatepolicyradar.org/navigator/GNB/2023/sustainable-renewables-risk-mitigation-initiative-srmi-facility-phase-2-resilience-focus-srmi-resilience_6e58146e413e8be6e67c1a09be4ecd9f.pdf,2023-03-16T00:00:00Z,Gender action plan for FP204: Sustainable Renewables Risk Mitigation Initiative (SRMI) Facility (Phase 2 Resilience focus) [SRMI-Resilience],ETH;GNB;IDN;KGZ;MNG;SYC;SOM;TJK;TUN,FP204,https://climateprojectexplorer.org/document/sustainable-renewables-risk-mitigation-initiative-srmi-facility-phase-2-resilience-focus-srmi-resilience_7dc2,https://www.greenclimate.fund/sites/default/files/document/fp204-gender-action-plan.pdf,application/pdf,6e58146e413e8be6e67c1a09be4ecd9f,GCF.family.FP204.26130,2023,parked
GCF.document.FP204_26130.15287,Sustainable Renewables Risk Mitigation Initiative (SRMI) Facility (Phase 2 Resilience focus) [SRMI-Resilience] — Gender assessment for FP204: Sustainable Renewables Risk Mitigation Initiative (SRMI) Facility (Phase 2 Resilience focus) [SRMI-Resilience],https://cdn.climatepolicyradar.org/navigator/GNB/2023/sustainable-renewables-risk-mitigation-initiative-srmi-facility-phase-2-resilience-focus-srmi-resilience_7de67ea26b088340910f199c4979f41a.pdf,2023-03-16T00:00:00Z,Gender assessment for FP204: Sustainable Renewables Risk Mitigation Initiative (SRMI) Facility (Phase 2 Resilience focus) [SRMI-Resilience],ETH;GNB;IDN;KGZ;MNG;SYC;SOM;TJK;TUN,FP204,https://climateprojectexplorer.org/document/sustainable-renewables-risk-mitigation-initiative-srmi-facility-phase-2-resilience-focus-srmi-resilience_7dc2,https://www.greenclimate.fund/sites/default/files/document/fp204-genderassessment.pdf,application/pdf,7de67ea26b088340910f199c4979f41a,GCF.family.FP204.26130,2023,parked
GCF.document.FP204_26130.17525,Sustainable Renewables Risk Mitigation Initiative (SRMI) Facility (Phase 2 Resilience focus) [SRMI-Resilience] — 2023 Annual Performance Report for FP204: Sustainable Renewables Risk Mitigation Initiative (SRMI) Facility (Phase 2 Resilience focus) [SRMI-Resilience],https://cdn.climatepolicyradar.org/navigator/ETH/2023/sustainable-renewables-risk-mitigation-initiative-srmi-facility-phase-2-resilience-focus-srmi-resilience_3330f0d6a25981bf787eaee652019520.pdf,2023-03-16T00:00:00Z,Performance report,ETH;GNB;IDN;KGZ;MNG;SYC;SOM;TJK;TUN,FP204,https://climateprojectexplorer.org/document/sustainable-renewables-risk-mitigation-initiative-srmi-facility-phase-2-resilience-focus-srmi-resilience_7dc2,https://www.greenclimate.fund/sites/default/files/document/fp204-annual-performance-report-cy2023-disclosable-sections.pdf,application/pdf,3330f0d6a25981bf787eaee652019520,GCF.family.FP204.26130,2023,parked_progress
GCF.document.FP255_27500.20365,"Transforming Livelihoods through Climate Resilient, Low Carbon, Sustainable Agricultural Value Chains in the Lake Region Economic Bloc, Kenya — Gender assessment for FP255: Transforming Livelihoods through Climate Resilient, Low Carbon, Sustainable Agricultural Value Chains in the Lake Region Economic Bloc, Kenya",https://cdn.climatepolicyradar.org/navigator/KEN/2025/transforming-livelihoods-through-climate-resilient-low-carbon-sustainable-agricultural-value-chains-in-the-lake-region-economic-bloc-kenya_ddbe165512404a4f0379846139313019.pdf,2025-02-20T00:00:00Z,"Gender assessment for FP255: Transforming Livelihoods through Climate Resilient, Low Carbon, Sustainable Agricultural Value Chains in the Lake Region Economic Bloc, Kenya",KEN,FP255,https://climateprojectexplorer.org/document/transforming-livelihoods-through-climate-resilient-low-carbon-sustainable-agricultural-value-chains-in-the-lake-region-economic-bloc-kenya_aa85,https://www.greenclimate.fund/sites/default/files/document/fp255-genderassesment.pdf,application/pdf,ddbe165512404a4f0379846139313019,GCF.family.FP255.27500,2025,parked
GCF.document.FP255_27500.20344,"Transforming Livelihoods through Climate Resilient, Low Carbon, Sustainable Agricultural Value Chains in the Lake Region Economic Bloc, Kenya — Transforming Livelihoods through Climate Resilient, Low Carbon, Sustainable Agricultural Value Chains in the Lake Region Economic Bloc, Kenya",https://cdn.climatepolicyradar.org/navigator/KEN/2025/transforming-livelihoods-through-climate-resilient-low-carbon-sustainable-agricultural-value-chains-in-the-lake-region-economic-bloc-kenya_63f1fb338d837697872899b2241f6d72.pdf,2025-02-20T00:00:00Z,"Transforming Livelihoods through Climate Resilient, Low Carbon, Sustainable Agricultural Value Chains in the Lake Region Economic Bloc, Kenya",KEN,FP255,https://climateprojectexplorer.org/document/transforming-livelihoods-through-climate-resilient-low-carbon-sustainable-agricultural-value-chains-in-the-lake-region-economic-bloc-kenya_aa85,https://www.greenclimate.fund/sites/default/files/document/fp255.pdf,application/pdf,63f1fb338d837697872899b2241f6d72,GCF.family.FP255.27500,2025,parked
GCF.document.FP255_27500.20384,"Transforming Livelihoods through Climate Resilient, Low Carbon, Sustainable Agricultural Value Chains in the Lake Region Economic Bloc, Kenya — Gender action plan for FP255: Transforming Livelihoods through Climate Resilient, Low Carbon, Sustainable Agricultural Value Chains in the Lake Region Economic Bloc, Kenya",https://cdn.climatepolicyradar.org/navigator/KEN/2025/transforming-livelihoods-through-climate-resilient-low-carbon-sustainable-agricultural-value-chains-in-the-lake-region-economic-bloc-kenya_84ed5d71bb6e76f5d441f4e6e6619c49.pdf,2025-02-20T00:00:00Z,"Gender action plan for FP255: Transforming Livelihoods through Climate Resilient, Low Carbon, Sustainable Agricultural Value Chains in the Lake Region Economic Bloc, Kenya",KEN,FP255,https://climateprojectexplorer.org/document/transforming-livelihoods-through-climate-resilient-low-carbon-sustainable-agricultural-value-chains-in-the-lake-region-economic-bloc-kenya_aa85,https://www.greenclimate.fund/sites/default/files/document/fp255-gap.pdf,application/pdf,84ed5d71bb6e76f5d441f4e6e6619c49,GCF.family.FP255.27500,2025,parked
GCF.document.FP175_15670.13212,"Enhancing community resilience and water security in the Upper Athi River Catchment Area, Kenya — Enhancing community resilience and water security in the Upper Athi River Catchment Area, Kenya",https://cdn.climatepolicyradar.org/navigator/KEN/2021/enhancing-community-resilience-and-water-security-in-the-upper-athi-river-catchment-area-kenya_ec5b97c47504e617af8d6f726c72565a.pdf,2021-10-07T00:00:00Z,"Enhancing community resilience and water security in the Upper Athi River Catchment Area, Kenya",KEN,FP175,https://climateprojectexplorer.org/document/enhancing-community-resilience-and-water-security-in-the-upper-athi-river-catchment-area-kenya_8ad2,https://www.greenclimate.fund/sites/default/files/document/funding-proposal-fp175.pdf,application/pdf,ec5b97c47504e617af8d6f726c72565a,GCF.family.FP175.15670,2021,parked
GCF.document.FP175_15670.12848,"Enhancing community resilience and water security in the Upper Athi River Catchment Area, Kenya — Gender assessment for FP175: Enhancing community resilience and water security in the Upper Athi River Catchment Area, Kenya",https://cdn.climatepolicyradar.org/navigator/KEN/2021/enhancing-community-resilience-and-water-security-in-the-upper-athi-river-catchment-area-kenya_028f4c7c875788aaecfac81894bd45af.pdf,2021-10-07T00:00:00Z,"Gender assessment for FP175: Enhancing community resilience and water security in the Upper Athi River Catchment Area, Kenya",KEN,FP175,https://climateprojectexplorer.org/document/enhancing-community-resilience-and-water-security-in-the-upper-athi-river-catchment-area-kenya_8ad2,https://www.greenclimate.fund/sites/default/files/document/fp175-gender-assessment.pdf,application/pdf,028f4c7c875788aaecfac81894bd45af,GCF.family.FP175.15670,2021,parked
GCF.document.FP175_15670.12835,"Enhancing community resilience and water security in the Upper Athi River Catchment Area, Kenya — Gender action plan for FP175: Enhancing community resilience and water security in the Upper Athi River Catchment Area, Kenya",https://cdn.climatepolicyradar.org/navigator/KEN/2021/enhancing-community-resilience-and-water-security-in-the-upper-athi-river-catchment-area-kenya_de21eb291bd85f6a8a2dbb4be0b173eb.pdf,2021-10-07T00:00:00Z,"Gender action plan for FP175: Enhancing community resilience and water security in the Upper Athi River Catchment Area, Kenya",KEN,FP175,https://climateprojectexplorer.org/document/enhancing-community-resilience-and-water-security-in-the-upper-athi-river-catchment-area-kenya_8ad2,https://www.greenclimate.fund/sites/default/files/document/fp175-gender-action-plan.pdf,application/pdf,de21eb291bd85f6a8a2dbb4be0b173eb,GCF.family.FP175.15670,2021,parked
GCF.document.FP223_27350.16065,"Project GAIA (""GAIA"") — Project GAIA (""GAIA"")",https://cdn.climatepolicyradar.org/navigator/IDN/2023/project-gaia-gaia_84d4ec07cbf2fe076d3df704ff0eb814.pdf,2023-10-25T00:00:00Z,"Project GAIA (""GAIA"")",BRB;BEN;CRI;CIV;DOM;GHA;GTM;IND;IDN;JAM;KEN;MUS;MNG;MAR;PAN;PER;PHL;TZA;TGO,FP223,https://climateprojectexplorer.org/document/project-gaia-gaia_d756,https://www.greenclimate.fund/sites/default/files/document/funding-proposal-fp223.pdf,application/pdf,84d4ec07cbf2fe076d3df704ff0eb814,GCF.family.FP223.27350,2023,parked
GCF.document.FP223_27350.16150,"Project GAIA (""GAIA"") — Gender assessment for FP223: Project GAIA (""GAIA"")",https://cdn.climatepolicyradar.org/navigator/IDN/2023/project-gaia-gaia_3fb23c8ddcd56b66c917a4c9a06ed13a.pdf,2023-10-25T00:00:00Z,"Gender assessment for FP223: Project GAIA (""GAIA"")",BRB;BEN;CRI;CIV;DOM;GHA;GTM;IND;IDN;JAM;KEN;MUS;MNG;MAR;PAN;PER;PHL;TZA;TGO,FP223,https://climateprojectexplorer.org/document/project-gaia-gaia_d756,https://www.greenclimate.fund/sites/default/files/document/fp223-gender-assessment-combined.pdf,application/pdf,3fb23c8ddcd56b66c917a4c9a06ed13a,GCF.family.FP223.27350,2023,parked
GCF.document.FP223_27350.16149,"Project GAIA (""GAIA"") — Gender action plan for FP223: Project GAIA (""GAIA"")",https://cdn.climatepolicyradar.org/navigator/IDN/2023/project-gaia-gaia_8e72085a3bc99c2b48a4143426dc530c.pdf,2023-10-25T00:00:00Z,"Gender action plan for FP223: Project GAIA (""GAIA"")",BRB;BEN;CRI;CIV;DOM;GHA;GTM;IND;IDN;JAM;KEN;MUS;MNG;MAR;PAN;PER;PHL;TZA;TGO,FP223,https://climateprojectexplorer.org/document/project-gaia-gaia_d756,https://www.greenclimate.fund/sites/default/files/document/fp223-gap-combined.pdf,application/pdf,8e72085a3bc99c2b48a4143426dc530c,GCF.family.FP223.27350,2023,parked
GCF.document.FP026_15240.13703,Sustainable Landscapes in Eastern Madagascar — Gender assessment for FP026: Sustainable Landscapes in Eastern Madagascar,https://cdn.climatepolicyradar.org/navigator/MDG/2016/sustainable-landscapes-in-eastern-madagascar_93b4a80d174d3c80ba8e13f8a8e545e5.pdf,2016-10-14T00:00:00Z,Gender assessment for FP026: Sustainable Landscapes in Eastern Madagascar,MDG,FP026,https://climateprojectexplorer.org/document/sustainable-landscapes-in-eastern-madagascar_0238,https://www.greenclimate.fund/sites/default/files/document/fp026-ga.pdf,application/pdf,93b4a80d174d3c80ba8e13f8a8e545e5,GCF.family.FP026.15240,2016,parked
GCF.document.FP026_15240.13702,Sustainable Landscapes in Eastern Madagascar — Gender action plan for FP026: Sustainable Landscapes in Eastern Madagascar,https://cdn.climatepolicyradar.org/navigator/MDG/2016/sustainable-landscapes-in-eastern-madagascar_3595483f48f847f6d8266843bb51513a.pdf,2016-10-14T00:00:00Z,Gender action plan for FP026: Sustainable Landscapes in Eastern Madagascar,MDG,FP026,https://climateprojectexplorer.org/document/sustainable-landscapes-in-eastern-madagascar_0238,https://www.greenclimate.fund/sites/default/files/document/fp026-gap.pdf,application/pdf,3595483f48f847f6d8266843bb51513a,GCF.family.FP026.15240,2016,parked
GCF.document.FP026_15240.12674,Sustainable Landscapes in Eastern Madagascar — 2020 Annual Performance Report for FP026: Sustainable Landscapes in Eastern Madagascar,https://cdn.climatepolicyradar.org/navigator/MDG/2016/sustainable-landscapes-in-eastern-madagascar_fb0176885da8565008092d78ff659ef8.pdf,2016-10-14T00:00:00Z,Performance report,MDG,FP026,https://climateprojectexplorer.org/document/sustainable-landscapes-in-eastern-madagascar_0238,https://www.greenclimate.fund/sites/default/files/document/fp026-annual-performance-report-cy2020.pdf,application/pdf,fb0176885da8565008092d78ff659ef8,GCF.family.FP026.15240,2016,parked_progress
GCF.document.FP026_15240.14205,Sustainable Landscapes in Eastern Madagascar — 2018 Annual Performance Report for FP026: Sustainable Landscapes in Eastern Madagascar,https://cdn.climatepolicyradar.org/navigator/MDG/2016/sustainable-landscapes-in-eastern-madagascar_e8eac71fc1970a166cc34d6c5f26e0a2.pdf,2016-10-14T00:00:00Z,Performance report,MDG,FP026,https://climateprojectexplorer.org/document/sustainable-landscapes-in-eastern-madagascar_0238,https://www.greenclimate.fund/sites/default/files/document/fp026-2018apr.pdf,application/pdf,e8eac71fc1970a166cc34d6c5f26e0a2,GCF.family.FP026.15240,2016,parked_progress
GCF.document.FP026_15240.14499,Sustainable Landscapes in Eastern Madagascar — 2021 Annual Performance Report for FP026: Sustainable Landscapes in Eastern Madagascar,https://cdn.climatepolicyradar.org/navigator/MDG/2016/sustainable-landscapes-in-eastern-madagascar_456a8e40b1bf4f28fb347946b876e114.pdf,2016-10-14T00:00:00Z,Performance report,MDG,FP026,https://climateprojectexplorer.org/document/sustainable-landscapes-in-eastern-madagascar_0238,https://www.greenclimate.fund/sites/default/files/document/fp026-annual-performance-report-cy2021.pdf,application/pdf,456a8e40b1bf4f28fb347946b876e114,GCF.family.FP026.15240,2016,parked_progress
GCF.document.FP026_15240.6286,Sustainable Landscapes in Eastern Madagascar — Sustainable landscapes in Eastern Madagascar,https://cdn.climatepolicyradar.org/navigator/MDG/2016/sustainable-landscapes-in-eastern-madagascar_e9356048fcdeeb63a248051c3b082b2f.pdf,2016-10-14T00:00:00Z,Sustainable landscapes in Eastern Madagascar,MDG,FP026,https://climateprojectexplorer.org/document/sustainable-landscapes-in-eastern-madagascar_0238,https://www.greenclimate.fund/sites/default/files/document/funding-proposal-fp026-ci-and-eib-madagascar.pdf,application/pdf,e9356048fcdeeb63a248051c3b082b2f,GCF.family.FP026.15240,2016,parked
GCF.document.FP026_15240.11486,Sustainable Landscapes in Eastern Madagascar — 2019 Annual Performance Report for FP026: Sustainable Landscapes in Eastern Madagascar,https://cdn.climatepolicyradar.org/navigator/MDG/2016/sustainable-landscapes-in-eastern-madagascar_2f4dad6ebf43076cacb6b9d91dc75a67.pdf,2016-10-14T00:00:00Z,Performance report,MDG,FP026,https://climateprojectexplorer.org/document/sustainable-landscapes-in-eastern-madagascar_0238,https://www.greenclimate.fund/sites/default/files/document/fp026-2019apr.pdf,application/pdf,2f4dad6ebf43076cacb6b9d91dc75a67,GCF.family.FP026.15240,2016,parked_progress
GCF.document.FP026_15240.16372,Sustainable Landscapes in Eastern Madagascar — 2022 Annual Performance Report for FP026: Sustainable Landscapes in Eastern Madagascar,https://cdn.climatepolicyradar.org/navigator/MDG/2016/sustainable-landscapes-in-eastern-madagascar_8e9f50232f1da9406ec9ef271eb370e9.pdf,2016-10-14T00:00:00Z,Performance report,MDG,FP026,https://climateprojectexplorer.org/document/sustainable-landscapes-in-eastern-madagascar_0238,https://www.greenclimate.fund/sites/default/files/document/disclosable-fp026-annual-performance-report-cy2022-v.pdf,application/pdf,8e9f50232f1da9406ec9ef271eb370e9,GCF.family.FP026.15240,2016,parked_progress
GCF.document.FP026_15240.17360,Sustainable Landscapes in Eastern Madagascar — 2023 Annual Performance Report for FP026: Sustainable Landscapes in Eastern Madagascar,https://cdn.climatepolicyradar.org/navigator/MDG/2016/sustainable-landscapes-in-eastern-madagascar_dc0620599916d95ffa69a65a65bf46e8.pdf,2016-10-14T00:00:00Z,Performance report,MDG,FP026,https://climateprojectexplorer.org/document/sustainable-landscapes-in-eastern-madagascar_0238,https://www.greenclimate.fund/sites/default/files/document/fp026-annual-performance-report-cy2023_0.pdf,application/pdf,dc0620599916d95ffa69a65a65bf46e8,GCF.family.FP026.15240,2016,parked_progress
GCF.document.FP026_15240.21073,Sustainable Landscapes in Eastern Madagascar — 2024 Annual Performance Report for FP026: Sustainable Landscapes in Eastern Madagascar,https://cdn.climatepolicyradar.org/navigator/MDG/2016/sustainable-landscapes-in-eastern-madagascar_cba8deaf49cf17fc404ca7537c77d60a.pdf,2016-10-14T00:00:00Z,Performance report,MDG,FP026,https://climateprojectexplorer.org/document/sustainable-landscapes-in-eastern-madagascar_0238,https://www.greenclimate.fund/sites/default/files/document/fp026-50741-annual-performance-report-cy2024-v3.pdf,application/pdf,cba8deaf49cf17fc404ca7537c77d60a,GCF.family.FP026.15240,2016,parked_progress
GCF.document.FP002_13120.6315,Scaling up the use of Modernized Climate information and Early Warning Systems in Malawi — Scaling up of modernised climate information and early warning systems in Malawi,https://cdn.climatepolicyradar.org/navigator/MWI/2015/scaling-up-the-use-of-modernized-climate-information-and-early-warning-systems-in-malawi_8624063f7d3283dbbe7e721b24ddbd69.pdf,2015-11-05T00:00:00Z,Scaling up of modernised climate information and early warning systems in Malawi,MWI,FP002,https://climateprojectexplorer.org/document/scaling-up-the-use-of-modernized-climate-information-and-early-warning-systems-in-malawi_8427,https://www.greenclimate.fund/sites/default/files/document/funding-proposal-fp002-undp-malawi.pdf,application/pdf,8624063f7d3283dbbe7e721b24ddbd69,GCF.family.FP002.13120,2015,parked
GCF.document.FP002_13120.6118,Scaling up the use of Modernized Climate information and Early Warning Systems in Malawi — Gender assessment for FP002: Saving Lives and Protecting Agriculture based Livelihoods in Malawi: Scaling up the use of Modernized Climate information and Early Warning Systems,https://cdn.climatepolicyradar.org/navigator/MWI/2015/scaling-up-the-use-of-modernized-climate-information-and-early-warning-systems-in-malawi_5bfd9dd27ca17577b4d461bf8a95ec27.pdf,2015-11-05T00:00:00Z,Gender assessment for FP002: Saving Lives and Protecting Agriculture based Livelihoods in Malawi: Scaling up the use of Modernized Climate information and Early Warning Systems,MWI,FP002,https://climateprojectexplorer.org/document/scaling-up-the-use-of-modernized-climate-information-and-early-warning-systems-in-malawi_8427,https://www.greenclimate.fund/sites/default/files/document/gender-assessment-fp002-undp-malawi.pdf,application/pdf,5bfd9dd27ca17577b4d461bf8a95ec27,GCF.family.FP002.13120,2015,parked
GCF.document.FP002_13120.11507,Scaling up the use of Modernized Climate information and Early Warning Systems in Malawi — 2019 Annual Performance Report for FP002: Scaling up the use of Modernized Climate information and Early Warning Systems in Malawi,https://cdn.climatepolicyradar.org/navigator/MWI/2015/scaling-up-the-use-of-modernized-climate-information-and-early-warning-systems-in-malawi_792b9f16d2467c580d2b3dc198073a06.pdf,2015-11-05T00:00:00Z,Performance report,MWI,FP002,https://climateprojectexplorer.org/document/scaling-up-the-use-of-modernized-climate-information-and-early-warning-systems-in-malawi_8427,https://www.greenclimate.fund/sites/default/files/document/fp002-2019apr.pdf,application/pdf,792b9f16d2467c580d2b3dc198073a06,GCF.family.FP002.13120,2015,parked_progress
GCF.document.FP002_13120.12687,Scaling up the use of Modernized Climate information and Early Warning Systems in Malawi — 2020 Annual Performance Report for FP002: Scaling up the use of Modernized Climate information and Early Warning Systems in Malawi,https://cdn.climatepolicyradar.org/navigator/MWI/2015/scaling-up-the-use-of-modernized-climate-information-and-early-warning-systems-in-malawi_d51d8b13ba5835513cf5ed827ecd1527.pdf,2015-11-05T00:00:00Z,Performance report,MWI,FP002,https://climateprojectexplorer.org/document/scaling-up-the-use-of-modernized-climate-information-and-early-warning-systems-in-malawi_8427,https://www.greenclimate.fund/sites/default/files/document/fp002-annual-performance-report-cy2020-disclosable.pdf,application/pdf,d51d8b13ba5835513cf5ed827ecd1527,GCF.family.FP002.13120,2015,parked_progress
GCF.document.FP002_13120.14241,Scaling up the use of Modernized Climate information and Early Warning Systems in Malawi — 2017 Annual Performance Report for FP002: Scaling up the use of Modernized Climate information and Early Warning Systems in Malawi,https://cdn.climatepolicyradar.org/navigator/MWI/2015/scaling-up-the-use-of-modernized-climate-information-and-early-warning-systems-in-malawi_d4e3caa81bc366a34a54970ffa3ed730.pdf,2015-11-05T00:00:00Z,Performance report,MWI,FP002,https://climateprojectexplorer.org/document/scaling-up-the-use-of-modernized-climate-information-and-early-warning-systems-in-malawi_8427,https://www.greenclimate.fund/sites/default/files/document/fp002-2017apr.pdf,application/pdf,d4e3caa81bc366a34a54970ffa3ed730,GCF.family.FP002.13120,2015,parked_progress
GCF.document.FP002_13120.14669,Scaling up the use of Modernized Climate information and Early Warning Systems in Malawi — 2021 Annual Performance Report for FP002: Scaling up the use of Modernized Climate information and Early Warning Systems in Malawi,https://cdn.climatepolicyradar.org/navigator/MWI/2015/scaling-up-the-use-of-modernized-climate-information-and-early-warning-systems-in-malawi_03202d8b4f22582a464d3f3320a36be8.pdf,2015-11-05T00:00:00Z,Performance report,MWI,FP002,https://climateprojectexplorer.org/document/scaling-up-the-use-of-modernized-climate-information-and-early-warning-systems-in-malawi_8427,https://www.greenclimate.fund/sites/default/files/document/fp002-annual-performance-report-cy2021-v.pdf,application/pdf,03202d8b4f22582a464d3f3320a36be8,GCF.family.FP002.13120,2015,parked_progress
GCF.document.FP002_13120.15796,Scaling up the use of Modernized Climate information and Early Warning Systems in Malawi — 2022 Annual Performance Report for FP002: Scaling up the use of Modernized Climate information and Early Warning Systems in Malawi,https://cdn.climatepolicyradar.org/navigator/MWI/2015/scaling-up-the-use-of-modernized-climate-information-and-early-warning-systems-in-malawi_240c0bad1a779f95a9f4643c814f8351.pdf,2015-11-05T00:00:00Z,Performance report,MWI,FP002,https://climateprojectexplorer.org/document/scaling-up-the-use-of-modernized-climate-information-and-early-warning-systems-in-malawi_8427,https://www.greenclimate.fund/sites/default/files/document/fp002-annual-performance-report-cy2022-v.pdf,application/pdf,240c0bad1a779f95a9f4643c814f8351,GCF.family.FP002.13120,2015,parked_progress
GCF.document.FP002_13120.6180,Scaling up the use of Modernized Climate information and Early Warning Systems in Malawi — Gender action plan for FP002: Saving Lives and Protecting Agriculture based Livelihoods in Malawi: Scaling up the use of Modernized Climate information and Early Warning Systems,https://cdn.climatepolicyradar.org/navigator/MWI/2015/scaling-up-the-use-of-modernized-climate-information-and-early-warning-systems-in-malawi_2e317b56acfe39bc172d7a1ebe60647e.pdf,2015-11-05T00:00:00Z,Gender action plan for FP002: Saving Lives and Protecting Agriculture based Livelihoods in Malawi: Scaling up the use of Modernized Climate information and Early Warning Systems,MWI,FP002,https://climateprojectexplorer.org/document/scaling-up-the-use-of-modernized-climate-information-and-early-warning-systems-in-malawi_8427,https://www.greenclimate.fund/sites/default/files/document/gender-action-plan-fp002-undp-malawi.pdf,application/pdf,2e317b56acfe39bc172d7a1ebe60647e,GCF.family.FP002.13120,2015,parked
GCF.document.FP002_13120.14194,Scaling up the use of Modernized Climate information and Early Warning Systems in Malawi — 2018 Annual Performance Report for FP002: Scaling up the use of Modernized Climate information and Early Warning Systems in Malawi,https://cdn.climatepolicyradar.org/navigator/MWI/2015/scaling-up-the-use-of-modernized-climate-information-and-early-warning-systems-in-malawi_01f6c1e01d7767035575ca2592604f4a.pdf,2015-11-05T00:00:00Z,Performance report,MWI,FP002,https://climateprojectexplorer.org/document/scaling-up-the-use-of-modernized-climate-information-and-early-warning-systems-in-malawi_8427,https://www.greenclimate.fund/sites/default/files/document/fp002-2018apr.pdf,application/pdf,01f6c1e01d7767035575ca2592604f4a,GCF.family.FP002.13120,2015,parked_progress
GCF.document.FP002_13120.19999,Scaling up the use of Modernized Climate information and Early Warning Systems in Malawi — 2023 Annual Performance Report for FP002: Scaling up the use of Modernized Climate information and Early Warning Systems in Malawi,https://cdn.climatepolicyradar.org/navigator/MWI/2015/scaling-up-the-use-of-modernized-climate-information-and-early-warning-systems-in-malawi_a2299c7cfef252cc67242345725edaae.pdf,2015-11-05T00:00:00Z,Performance report,MWI,FP002,https://climateprojectexplorer.org/document/scaling-up-the-use-of-modernized-climate-information-and-early-warning-systems-in-malawi_8427,https://www.greenclimate.fund/sites/default/files/document/fp002-annual-performance-report-cy2023.pdf,application/pdf,a2299c7cfef252cc67242345725edaae,GCF.family.FP002.13120,2015,parked_progress
GCF.document.FP002_13120.21511,Scaling up the use of Modernized Climate information and Early Warning Systems in Malawi — Interim evaluation report for FP002: Scaling up the use of Modernized Climate information and Early Warning Systems in Malawi,https://cdn.climatepolicyradar.org/navigator/MWI/2015/scaling-up-the-use-of-modernized-climate-information-and-early-warning-systems-in-malawi_cfbe787a587469a8266ebcc5d62ae3cd.pdf,2015-11-05T00:00:00Z,Interim evaluation report for FP002: Scaling up the use of Modernized Climate information and Early Warning Systems in Malawi,MWI,FP002,https://climateprojectexplorer.org/document/scaling-up-the-use-of-modernized-climate-information-and-early-warning-systems-in-malawi_8427,https://www.greenclimate.fund/sites/default/files/document/fp002-interim-evaluation-report-pub.pdf,application/pdf,cfbe787a587469a8266ebcc5d62ae3cd,GCF.family.FP002.13120,2015,parked
GCF.document.FP033_13420.6124,Accelerating the transformational shift to a low-carbon economy in the Republic of Mauritius — Gender assessment for FP033: Accelerating the transformational shift to a low-carbon economy in the Republic of Mauritius,https://cdn.climatepolicyradar.org/navigator/MUS/2016/accelerating-the-transformational-shift-to-a-low-carbon-economy-in-the-republic-of-mauritius_23b662fd5b18f8ddc0f32fb38bf05423.pdf,2016-12-15T00:00:00Z,Gender assessment for FP033: Accelerating the transformational shift to a low-carbon economy in the Republic of Mauritius,MUS,FP033,https://climateprojectexplorer.org/document/accelerating-the-transformational-shift-to-a-low-carbon-economy-in-the-republic-of-mauritius_8e90,https://www.greenclimate.fund/sites/default/files/document/gender-assessment-fp033-undp-mauritius.pdf,application/pdf,23b662fd5b18f8ddc0f32fb38bf05423,GCF.family.FP033.13420,2016,parked
GCF.document.FP033_13420.6185,Accelerating the transformational shift to a low-carbon economy in the Republic of Mauritius — Gender action plan for FP033: Accelerating the transformational shift to a low-carbon economy in the Republic of Mauritius,https://cdn.climatepolicyradar.org/navigator/MUS/2016/accelerating-the-transformational-shift-to-a-low-carbon-economy-in-the-republic-of-mauritius_8174bd683f20032b287a70b04566502e.pdf,2016-12-15T00:00:00Z,Gender action plan for FP033: Accelerating the transformational shift to a low-carbon economy in the Republic of Mauritius,MUS,FP033,https://climateprojectexplorer.org/document/accelerating-the-transformational-shift-to-a-low-carbon-economy-in-the-republic-of-mauritius_8e90,https://www.greenclimate.fund/sites/default/files/document/gender-action-plan-fp033-undp-mauritius.pdf,application/pdf,8174bd683f20032b287a70b04566502e,GCF.family.FP033.13420,2016,parked
GCF.document.FP033_13420.12700,Accelerating the transformational shift to a low-carbon economy in the Republic of Mauritius — 2020 Annual Performance Report for FP033: Accelerating the transformational shift to a low-carbon economy in the Republic of Mauritius,https://cdn.climatepolicyradar.org/navigator/MUS/2016/accelerating-the-transformational-shift-to-a-low-carbon-economy-in-the-republic-of-mauritius_4f9b7fb519d84329e39a040b69ce3fca.pdf,2016-12-15T00:00:00Z,Performance report,MUS,FP033,https://climateprojectexplorer.org/document/accelerating-the-transformational-shift-to-a-low-carbon-economy-in-the-republic-of-mauritius_8e90,https://www.greenclimate.fund/sites/default/files/document/fp033-annual-performance-report-cy2020-disclosable.pdf,application/pdf,4f9b7fb519d84329e39a040b69ce3fca,GCF.family.FP033.13420,2016,parked_progress
GCF.document.FP033_13420.14207,Accelerating the transformational shift to a low-carbon economy in the Republic of Mauritius — 2018 Annual Performance Report for FP033: Accelerating the transformational shift to a low-carbon economy in the Republic of Mauritius,https://cdn.climatepolicyradar.org/navigator/MUS/2016/accelerating-the-transformational-shift-to-a-low-carbon-economy-in-the-republic-of-mauritius_160a2cb1ba4a5f4fa3ae12b6fed21f83.pdf,2016-12-15T00:00:00Z,Performance report,MUS,FP033,https://climateprojectexplorer.org/document/accelerating-the-transformational-shift-to-a-low-carbon-economy-in-the-republic-of-mauritius_8e90,https://www.greenclimate.fund/sites/default/files/document/fp033-2018apr.pdf,application/pdf,160a2cb1ba4a5f4fa3ae12b6fed21f83,GCF.family.FP033.13420,2016,parked_progress
GCF.document.FP033_13420.14500,Accelerating the transformational shift to a low-carbon economy in the Republic of Mauritius — 2021 Annual Performance Report for FP033: Accelerating the transformational shift to a low-carbon economy in the Republic of Mauritius,https://cdn.climatepolicyradar.org/navigator/MUS/2016/accelerating-the-transformational-shift-to-a-low-carbon-economy-in-the-republic-of-mauritius_32919ebe57e309ca273e26e6946c402a.pdf,2016-12-15T00:00:00Z,Performance report,MUS,FP033,https://climateprojectexplorer.org/document/accelerating-the-transformational-shift-to-a-low-carbon-economy-in-the-republic-of-mauritius_8e90,https://www.greenclimate.fund/sites/default/files/document/fp033-annual-performance-report-cy2021.pdf,application/pdf,32919ebe57e309ca273e26e6946c402a,GCF.family.FP033.13420,2016,parked_progress
GCF.document.FP033_13420.14252,Accelerating the transformational shift to a low-carbon economy in the Republic of Mauritius — 2017 Annual Performance Report for FP033: Accelerating the transformational shift to a low-carbon economy in the Republic of Mauritius,https://cdn.climatepolicyradar.org/navigator/MUS/2016/accelerating-the-transformational-shift-to-a-low-carbon-economy-in-the-republic-of-mauritius_48f829446300b4107ecdc8ab79fee78a.pdf,2016-12-15T00:00:00Z,Performance report,MUS,FP033,https://climateprojectexplorer.org/document/accelerating-the-transformational-shift-to-a-low-carbon-economy-in-the-republic-of-mauritius_8e90,https://www.greenclimate.fund/sites/default/files/document/fp033-2017apr.pdf,application/pdf,48f829446300b4107ecdc8ab79fee78a,GCF.family.FP033.13420,2016,parked_progress
GCF.document.FP033_13420.11515,Accelerating the transformational shift to a low-carbon economy in the Republic of Mauritius — 2019 Annual Performance Report for FP033: Accelerating the transformational shift to a low-carbon economy in the Republic of Mauritius,https://cdn.climatepolicyradar.org/navigator/MUS/2016/accelerating-the-transformational-shift-to-a-low-carbon-economy-in-the-republic-of-mauritius_3b8d943fb2fdb6eb8fd89c54940d20a2.pdf,2016-12-15T00:00:00Z,Performance report,MUS,FP033,https://climateprojectexplorer.org/document/accelerating-the-transformational-shift-to-a-low-carbon-economy-in-the-republic-of-mauritius_8e90,https://www.greenclimate.fund/sites/default/files/document/fp033-2019apr.pdf,application/pdf,3b8d943fb2fdb6eb8fd89c54940d20a2,GCF.family.FP033.13420,2016,parked_progress
GCF.document.FP033_13420.6294,Accelerating the transformational shift to a low-carbon economy in the Republic of Mauritius — Accelerating the transformational shift to a low-carbon economy in the Republic of Mauritius,https://cdn.climatepolicyradar.org/navigator/MUS/2016/accelerating-the-transformational-shift-to-a-low-carbon-economy-in-the-republic-of-mauritius_1abafbdde7faa5cbd2b86787d2ed1989.pdf,2016-12-15T00:00:00Z,Accelerating the transformational shift to a low-carbon economy in the Republic of Mauritius,MUS,FP033,https://climateprojectexplorer.org/document/accelerating-the-transformational-shift-to-a-low-carbon-economy-in-the-republic-of-mauritius_8e90,https://www.greenclimate.fund/sites/default/files/document/funding-proposal-fp033-undp-mauritius.pdf,application/pdf,1abafbdde7faa5cbd2b86787d2ed1989,GCF.family.FP033.13420,2016,parked
GCF.document.FP033_13420.15804,Accelerating the transformational shift to a low-carbon economy in the Republic of Mauritius — 2022 Annual Performance Report for FP033: Accelerating the transformational shift to a low-carbon economy in the Republic of Mauritius,https://cdn.climatepolicyradar.org/navigator/MUS/2016/accelerating-the-transformational-shift-to-a-low-carbon-economy-in-the-republic-of-mauritius_d35f98f2121c23324366b7cf044555d8.pdf,2016-12-15T00:00:00Z,Performance report,MUS,FP033,https://climateprojectexplorer.org/document/accelerating-the-transformational-shift-to-a-low-carbon-economy-in-the-republic-of-mauritius_8e90,https://www.greenclimate.fund/sites/default/files/document/fp033-annual-performance-report-cy2022-v.pdf,application/pdf,d35f98f2121c23324366b7cf044555d8,GCF.family.FP033.13420,2016,parked_progress
GCF.document.FP033_13420.21520,Accelerating the transformational shift to a low-carbon economy in the Republic of Mauritius — Interim evaluation report for FP033: Accelerating the transformational shift to a low-carbon economy in the Republic of Mauritius,https://cdn.climatepolicyradar.org/navigator/MUS/2016/accelerating-the-transformational-shift-to-a-low-carbon-economy-in-the-republic-of-mauritius_8e2d9eb5294d9a59ad1f3bfc8c916384.pdf,2016-12-15T00:00:00Z,Interim evaluation report for FP033: Accelerating the transformational shift to a low-carbon economy in the Republic of Mauritius,MUS,FP033,https://climateprojectexplorer.org/document/accelerating-the-transformational-shift-to-a-low-carbon-economy-in-the-republic-of-mauritius_8e90,https://www.greenclimate.fund/sites/default/files/document/fp033-interim-evaluation-report-pub.pdf,application/pdf,8e2d9eb5294d9a59ad1f3bfc8c916384,GCF.family.FP033.13420,2016,parked
GCF.document.FP033_13420.17516,Accelerating the transformational shift to a low-carbon economy in the Republic of Mauritius — 2023 Annual Performance Report for FP033: Accelerating the transformational shift to a low-carbon economy in the Republic of Mauritius,https://cdn.climatepolicyradar.org/navigator/MUS/2016/accelerating-the-transformational-shift-to-a-low-carbon-economy-in-the-republic-of-mauritius_9f6e67e543dca05602a91686117fa5d2.pdf,2016-12-15T00:00:00Z,Performance report,MUS,FP033,https://climateprojectexplorer.org/document/accelerating-the-transformational-shift-to-a-low-carbon-economy-in-the-republic-of-mauritius_8e90,https://www.greenclimate.fund/sites/default/files/document/fp033-annual-performance-report-cy2023.pdf,application/pdf,9f6e67e543dca05602a91686117fa5d2,GCF.family.FP033.13420,2016,parked_progress
GCF.document.FP040_12680.6325,Tajikistan: Scaling Up Hydropower Sector Climate Resilience — Scaling up hydropower sector climate resilience,https://cdn.climatepolicyradar.org/navigator/TJK/2017/tajikistan-scaling-up-hydropower-sector-climate-resilience_de91a44f41a8c67306c3fa4c92aaebe3.pdf,2017-04-06T00:00:00Z,Scaling up hydropower sector climate resilience,TJK,FP040,https://climateprojectexplorer.org/document/tajikistan-scaling-up-hydropower-sector-climate-resilience_7888,https://www.greenclimate.fund/sites/default/files/document/funding-proposal-fp040-ebrd-tajikistan.pdf,application/pdf,de91a44f41a8c67306c3fa4c92aaebe3,GCF.family.FP040.12680,2017,out_of_scope_geo
GCF.document.FP040_12680.6146,Tajikistan: Scaling Up Hydropower Sector Climate Resilience — Gender assessment for FP040: Tajikistan: Scaling Up Hydropower Sector Climate Resilience,https://cdn.climatepolicyradar.org/navigator/TJK/2017/tajikistan-scaling-up-hydropower-sector-climate-resilience_68a53ac76fab9df1ea094e343d932ff9.pdf,2017-04-06T00:00:00Z,Gender assessment for FP040: Tajikistan: Scaling Up Hydropower Sector Climate Resilience,TJK,FP040,https://climateprojectexplorer.org/document/tajikistan-scaling-up-hydropower-sector-climate-resilience_7888,https://www.greenclimate.fund/sites/default/files/document/gender-assessment-fp040-ebrd-tajikistan.pdf,application/pdf,68a53ac76fab9df1ea094e343d932ff9,GCF.family.FP040.12680,2017,out_of_scope_geo
GCF.document.FP040_12680.6202,Tajikistan: Scaling Up Hydropower Sector Climate Resilience — Gender action plan for FP040: Tajikistan: Scaling Up Hydropower Sector Climate Resilience,https://cdn.climatepolicyradar.org/navigator/TJK/2017/tajikistan-scaling-up-hydropower-sector-climate-resilience_528c348319176a7f146d3b230254ef89.pdf,2017-04-06T00:00:00Z,Gender action plan for FP040: Tajikistan: Scaling Up Hydropower Sector Climate Resilience,TJK,FP040,https://climateprojectexplorer.org/document/tajikistan-scaling-up-hydropower-sector-climate-resilience_7888,https://www.greenclimate.fund/sites/default/files/document/gender-action-plan-fp040-ebrd-tajikistan.pdf,application/pdf,528c348319176a7f146d3b230254ef89,GCF.family.FP040.12680,2017,out_of_scope_geo
GCF.document.FP040_12680.21592,Tajikistan: Scaling Up Hydropower Sector Climate Resilience — Interim evaluation report for FP040: Tajikistan: Scaling Up Hydropower Sector Climate Resilience,https://cdn.climatepolicyradar.org/navigator/TJK/2017/tajikistan-scaling-up-hydropower-sector-climate-resilience_c0d3208687fd39f77e46115b786bf48e.pdf,2017-04-06T00:00:00Z,Interim evaluation report for FP040: Tajikistan: Scaling Up Hydropower Sector Climate Resilience,TJK,FP040,https://climateprojectexplorer.org/document/tajikistan-scaling-up-hydropower-sector-climate-resilience_7888,https://www.greenclimate.fund/sites/default/files/document/fp040-interim-evaluation-report-pub.pdf,application/pdf,c0d3208687fd39f77e46115b786bf48e,GCF.family.FP040.12680,2017,out_of_scope_geo
GCF.document.FP262_26200.20336,Green Climate Finance Facility for Fostering Climate-Smart Agriculture in Senegal — Green Climate Finance Facility for Fostering Climate-Smart Agriculture in Senegal,https://cdn.climatepolicyradar.org/navigator/SEN/2025/green-climate-finance-facility-for-fostering-climate-smart-agriculture-in-senegal_e37d9627c6a2f9bde5bc7bd7159a9968.pdf,2022-03-21T00:00:00Z,Green Climate Finance Facility for Fostering Climate-Smart Agriculture in Senegal,SEN,FP262,https://climateprojectexplorer.org/document/green-climate-finance-facility-for-fostering-climate-smart-agriculture-in-senegal_c401,https://www.greenclimate.fund/sites/default/files/document/fp262-lba-senegal-fp-public.pdf,application/pdf,e37d9627c6a2f9bde5bc7bd7159a9968,GCF.family.FP262.26200,2022,parked
GCF.document.FP262_26200.20378,Green Climate Finance Facility for Fostering Climate-Smart Agriculture in Senegal — Gender action plan for FP262: Green Climate Finance Facility for Fostering Climate-Smart Agriculture in Senegal,https://cdn.climatepolicyradar.org/navigator/SEN/2025/green-climate-finance-facility-for-fostering-climate-smart-agriculture-in-senegal_c69033eae38cfca1b04d2f3e7f728a1d.pdf,2022-03-21T00:00:00Z,Gender action plan for FP262: Green Climate Finance Facility for Fostering Climate-Smart Agriculture in Senegal,SEN,FP262,https://climateprojectexplorer.org/document/green-climate-finance-facility-for-fostering-climate-smart-agriculture-in-senegal_c401,https://www.greenclimate.fund/sites/default/files/document/fp262-gap.pdf,application/pdf,c69033eae38cfca1b04d2f3e7f728a1d,GCF.family.FP262.26200,2022,parked
GCF.document.FP262_26200.20371,Green Climate Finance Facility for Fostering Climate-Smart Agriculture in Senegal — Gender assessment for FP262: Green Climate Finance Facility for Fostering Climate-Smart Agriculture in Senegal,https://cdn.climatepolicyradar.org/navigator/SEN/2025/green-climate-finance-facility-for-fostering-climate-smart-agriculture-in-senegal_346a81ab9acbeef316944c42d0af6a20.pdf,2022-03-21T00:00:00Z,Gender assessment for FP262: Green Climate Finance Facility for Fostering Climate-Smart Agriculture in Senegal,SEN,FP262,https://climateprojectexplorer.org/document/green-climate-finance-facility-for-fostering-climate-smart-agriculture-in-senegal_c401,https://www.greenclimate.fund/sites/default/files/document/fp262-genderassessment.pdf,application/pdf,346a81ab9acbeef316944c42d0af6a20,GCF.family.FP262.26200,2022,parked
GCF.document.SAP036_26510.17062,Sierra Leone Coastal Resilience Project (SLCRP) — Gender assessment for SAP036: Sierra Leone Coastal Resilience Project (SLCRP),https://cdn.climatepolicyradar.org/navigator/SLE/2024/sierra-leone-coastal-resilience-project-slcrp_9ac7e4fa9a94d6d7fe296d3056ee1416.pdf,2024-03-06T00:00:00Z,Gender assessment for SAP036: Sierra Leone Coastal Resilience Project (SLCRP),SLE,SAP036,https://climateprojectexplorer.org/document/sierra-leone-coastal-resilience-project-slcrp_d5f5,https://www.greenclimate.fund/sites/default/files/document/sap036-gender-assessment.pdf,application/pdf,9ac7e4fa9a94d6d7fe296d3056ee1416,GCF.family.SAP036.26510,2024,parked
GCF.document.SAP036_26510.17065,Sierra Leone Coastal Resilience Project (SLCRP) — Gender action plan for SAP036: Sierra Leone Coastal Resilience Project (SLCRP),https://cdn.climatepolicyradar.org/navigator/SLE/2024/sierra-leone-coastal-resilience-project-slcrp_45488c5f471dc6476f2ccdccb6f65dac.pdf,2024-03-06T00:00:00Z,Gender action plan for SAP036: Sierra Leone Coastal Resilience Project (SLCRP),SLE,SAP036,https://climateprojectexplorer.org/document/sierra-leone-coastal-resilience-project-slcrp_d5f5,https://www.greenclimate.fund/sites/default/files/document/sap036-gap.pdf,application/pdf,45488c5f471dc6476f2ccdccb6f65dac,GCF.family.SAP036.26510,2024,parked
GCF.document.SAP036_26510.17051,Sierra Leone Coastal Resilience Project (SLCRP) — Sierra Leone Coastal Resilience Project (SLCRP),https://cdn.climatepolicyradar.org/navigator/SLE/2024/sierra-leone-coastal-resilience-project-slcrp_170dabc893a3cd8783ba30f2db9229a1.pdf,2024-03-06T00:00:00Z,Sierra Leone Coastal Resilience Project (SLCRP),SLE,SAP036,https://climateprojectexplorer.org/document/sierra-leone-coastal-resilience-project-slcrp_d5f5,https://www.greenclimate.fund/sites/default/files/document/sap036-sca-sierra-leone.pdf,application/pdf,170dabc893a3cd8783ba30f2db9229a1,GCF.family.SAP036.26510,2024,parked
GCF.document.FP267_22750.20831,"Scaling up ecosystem-based approaches to managing climate-intensified disaster risks in vulnerable regions of South Africa (""Eco-DRR"") — Scaling up ecosystem-based approaches to managing climate- intensified disaster risks in vulnerable regions of South Africa (""Eco- DRR"")",https://cdn.climatepolicyradar.org/navigator/ZAF/2025/scaling-up-ecosystem-based-approaches-to-managing-climate-intensified-disaster-risks-in-vulnerable-regions-of-south-africa-eco-drr_5c36d176c6286bfed2f7d1cd79985d05.pdf,2025-07-03T00:00:00Z,"Scaling up ecosystem-based approaches to managing climate- intensified disaster risks in vulnerable regions of South Africa (""Eco- DRR"")",ZAF,FP267,https://climateprojectexplorer.org/document/scaling-up-ecosystem-based-approaches-to-managing-climate-intensified-disaster-risks-in-vulnerable-regions-of-south-africa-eco-drr_92f7,https://www.greenclimate.fund/sites/default/files/document/funding-proposal-fp267.pdf,application/pdf,5c36d176c6286bfed2f7d1cd79985d05,GCF.family.FP267.22750,2025,parked
GCF.document.FP267_22750.21408,"Scaling up ecosystem-based approaches to managing climate-intensified disaster risks in vulnerable regions of South Africa (""Eco-DRR"") — Gender assessment for FP267: Scaling up ecosystem-based approaches to managing climate-intensified disaster risks in vulnerable regions of South Africa (""Eco-DRR"")",https://cdn.climatepolicyradar.org/navigator/ZAF/2025/scaling-up-ecosystem-based-approaches-to-managing-climate-intensified-disaster-risks-in-vulnerable-regions-of-south-africa-eco-drr_eed7c120f9068c977588e2ea054a470d.pdf,2025-07-03T00:00:00Z,"Gender assessment for FP267: Scaling up ecosystem-based approaches to managing climate-intensified disaster risks in vulnerable regions of South Africa (""Eco-DRR"")",ZAF,FP267,https://climateprojectexplorer.org/document/scaling-up-ecosystem-based-approaches-to-managing-climate-intensified-disaster-risks-in-vulnerable-regions-of-south-africa-eco-drr_92f7,https://www.greenclimate.fund/sites/default/files/document/fp267-gender-assessment.pdf,application/pdf,eed7c120f9068c977588e2ea054a470d,GCF.family.FP267.22750,2025,parked
GCF.document.FP267_22750.21407,"Scaling up ecosystem-based approaches to managing climate-intensified disaster risks in vulnerable regions of South Africa (""Eco-DRR"") — Gender action plan for FP267: Scaling up ecosystem-based approaches to managing climate-intensified disaster risks in vulnerable regions of South Africa (""Eco-DRR"")",https://cdn.climatepolicyradar.org/navigator/ZAF/2025/scaling-up-ecosystem-based-approaches-to-managing-climate-intensified-disaster-risks-in-vulnerable-regions-of-south-africa-eco-drr_6a0dbb213fdb05ac9114ba01d4de2a54.pdf,2025-07-03T00:00:00Z,"Gender action plan for FP267: Scaling up ecosystem-based approaches to managing climate-intensified disaster risks in vulnerable regions of South Africa (""Eco-DRR"")",ZAF,FP267,https://climateprojectexplorer.org/document/scaling-up-ecosystem-based-approaches-to-managing-climate-intensified-disaster-risks-in-vulnerable-regions-of-south-africa-eco-drr_92f7,https://www.greenclimate.fund/sites/default/files/document/fp267-gender-action-plan.pdf,application/pdf,6a0dbb213fdb05ac9114ba01d4de2a54,GCF.family.FP267.22750,2025,parked
GCF.document.FP287_32570.21672,Novastar Ventures Africa People and Planet Fund III — NovaStar Ventures Africa People and Planet Fund III (NVIII),https://cdn.climatepolicyradar.org/navigator/EGY/2025/novastar-ventures-africa-people-and-planet-fund-iii_b6bcb5d7f8d29cedc4104e3bdc3136d6.pdf,2025-10-30T00:00:00Z,NovaStar Ventures Africa People and Planet Fund III (NVIII),KEN;RWA;NGA;EGY;ZAF,FP287,https://climateprojectexplorer.org/document/novastar-ventures-africa-people-and-planet-fund-iii_0159,https://www.greenclimate.fund/sites/default/files/document/funding-proposal-fp287.pdf,application/pdf,b6bcb5d7f8d29cedc4104e3bdc3136d6,GCF.family.FP287.32570,2025,parked
GCF.document.FP287_32570.21642,Novastar Ventures Africa People and Planet Fund III — Gender assessment for FP287: Novastar Ventures Africa People and Planet Fund III,https://cdn.climatepolicyradar.org/navigator/EGY/2025/novastar-ventures-africa-people-and-planet-fund-iii_c42ec9498095965f6c038b61168fa66e.pdf,2025-10-30T00:00:00Z,Gender assessment for FP287: Novastar Ventures Africa People and Planet Fund III,KEN;RWA;NGA;EGY;ZAF,FP287,https://climateprojectexplorer.org/document/novastar-ventures-africa-people-and-planet-fund-iii_0159,https://www.greenclimate.fund/sites/default/files/document/fp287-gender-assessment.pdf,application/pdf,c42ec9498095965f6c038b61168fa66e,GCF.family.FP287.32570,2025,parked
GCF.document.FP287_32570.21641,Novastar Ventures Africa People and Planet Fund III — Gender action plan for FP287: Novastar Ventures Africa People and Planet Fund III,https://cdn.climatepolicyradar.org/navigator/EGY/2025/novastar-ventures-africa-people-and-planet-fund-iii_1498b99cf6f638f8800709b477d0e624.pdf,2025-10-30T00:00:00Z,Gender action plan for FP287: Novastar Ventures Africa People and Planet Fund III,KEN;RWA;NGA;EGY;ZAF,FP287,https://climateprojectexplorer.org/document/novastar-ventures-africa-people-and-planet-fund-iii_0159,https://www.greenclimate.fund/sites/default/files/document/fp287-gender-action-plan.pdf,application/pdf,1498b99cf6f638f8800709b477d0e624,GCF.family.FP287.32570,2025,parked
GCF.document.FP209_22930.15594,Climate Change Resilience through South Africa’s Water Reuse Programme (“WRP”) — Climate Change Resilience through South Africa’s Water Reuse Programme (“WRP”),https://cdn.climatepolicyradar.org/navigator/ZAF/2023/climate-change-resilience-through-south-africas-water-reuse-programme-wrp_e5b824f01fafc8bf11014a96c7bd61b2.pdf,2023-07-13T00:00:00Z,Climate Change Resilience through South Africa’s Water Reuse Programme (“WRP”),ZAF,FP209,https://climateprojectexplorer.org/document/climate-change-resilience-through-south-africas-water-reuse-programme-wrp_06c4,https://www.greenclimate.fund/sites/default/files/document/fp209-dbsa.pdf,application/pdf,e5b824f01fafc8bf11014a96c7bd61b2,GCF.family.FP209.22930,2023,parked
GCF.document.FP209_22930.15651,Climate Change Resilience through South Africa’s Water Reuse Programme (“WRP”) — Gender action plan for FP209: Climate Change Resilience through South Africa’s Water Reuse Programme (“WRP”),https://cdn.climatepolicyradar.org/navigator/ZAF/2023/climate-change-resilience-through-south-africas-water-reuse-programme-wrp_b4ea665bf84aa168adcc236d3cef057f.pdf,2023-07-13T00:00:00Z,Gender action plan for FP209: Climate Change Resilience through South Africa’s Water Reuse Programme (“WRP”),ZAF,FP209,https://climateprojectexplorer.org/document/climate-change-resilience-through-south-africas-water-reuse-programme-wrp_06c4,https://www.greenclimate.fund/sites/default/files/document/fp209-gender-action-plan.pdf,application/pdf,b4ea665bf84aa168adcc236d3cef057f,GCF.family.FP209.22930,2023,parked
GCF.document.FP209_22930.15631,Climate Change Resilience through South Africa’s Water Reuse Programme (“WRP”) — Gender assessment for FP209: Climate Change Resilience through South Africa’s Water Reuse Programme (“WRP”),https://cdn.climatepolicyradar.org/navigator/ZAF/2023/climate-change-resilience-through-south-africas-water-reuse-programme-wrp_1b1985f34eb26aafc6834826a56a6bae.pdf,2023-07-13T00:00:00Z,Gender assessment for FP209: Climate Change Resilience through South Africa’s Water Reuse Programme (“WRP”),ZAF,FP209,https://climateprojectexplorer.org/document/climate-change-resilience-through-south-africas-water-reuse-programme-wrp_06c4,https://www.greenclimate.fund/sites/default/files/document/fp209-gender-assessment.pdf,application/pdf,1b1985f34eb26aafc6834826a56a6bae,GCF.family.FP209.22930,2023,parked
GCF.document.FP209_22930.21170,Climate Change Resilience through South Africa’s Water Reuse Programme (“WRP”) — 2024 Annual Performance Report for FP209: Climate Change Resilience through South Africa’s Water Reuse Programme (“WRP”),https://cdn.climatepolicyradar.org/navigator/ZAF/2023/climate-change-resilience-through-south-africas-water-reuse-programme-wrp_922a28e12e179616e4c41a8cd0f0c6f5.pdf,2023-07-13T00:00:00Z,Performance report,ZAF,FP209,https://climateprojectexplorer.org/document/climate-change-resilience-through-south-africas-water-reuse-programme-wrp_06c4,https://www.greenclimate.fund/sites/default/files/document/fp209-50904-annual-performance-report-cy2024-v3.pdf,application/pdf,922a28e12e179616e4c41a8cd0f0c6f5,GCF.family.FP209.22930,2023,parked_progress
GCF.document.SAP019_20620.11872,"Gums for Adaptation and Mitigation in Sudan (GAMS): Enhancing adaptive capacity of local communities and restoring carbon sink potential of the Gum Arabic belt, expanding Africa’s Great Green Wall — Gums for Adaptation and Mitigation in Sudan (GAMS): Enhancing adaptive capacity of local communities and restoring carbon sink potential of the Gum Arabic belt, expanding Africa’s Great Green Wall",https://cdn.climatepolicyradar.org/navigator/SDN/2018/gums-for-adaptation-and-mitigation-in-sudan-gams-enhancing-adaptive-capacity-of-local-communities-and-restoring-carbon-sink-potential-of-the-gum-arabic-belt-expanding-africas-great-green-wall_c2a0353c1a447aeb46043d0c0d3b89c3.pdf,2018-12-01T00:00:00Z,"Gums for Adaptation and Mitigation in Sudan (GAMS): Enhancing adaptive capacity of local communities and restoring carbon sink potential of the Gum Arabic belt, expanding Africa’s Great Green Wall",SDN,SAP019,https://climateprojectexplorer.org/document/gums-for-adaptation-and-mitigation-in-sudan-gams-enhancing-adaptive-capacity-of-local-communities-and-restoring-carbon-sink-potential-of-the-gum-arabic-belt-expanding-africas-great-green-wall_9b64,https://www.greenclimate.fund/sites/default/files/document/sap019-fao-sudan.pdf,application/pdf,c2a0353c1a447aeb46043d0c0d3b89c3,GCF.family.SAP019.20620,2018,parked
GCF.document.SAP019_20620.14697,"Gums for Adaptation and Mitigation in Sudan (GAMS): Enhancing adaptive capacity of local communities and restoring carbon sink potential of the Gum Arabic belt, expanding Africa’s Great Green Wall — 2021 Annual Performance Report for SAP019: Gums for Adaptation and Mitigation in Sudan (GAMS): Enhancing adaptive capacity of local communities and restoring carbon sink potential of the Gum Arabic belt, expanding Africa’s Great Green Wall",https://cdn.climatepolicyradar.org/navigator/SDN/2018/gums-for-adaptation-and-mitigation-in-sudan-gams-enhancing-adaptive-capacity-of-local-communities-and-restoring-carbon-sink-potential-of-the-gum-arabic-belt-expanding-africas-great-green-wall_c09eebf4bfdbd95fb1841ad531113129.pdf,2018-12-01T00:00:00Z,Performance report,SDN,SAP019,https://climateprojectexplorer.org/document/gums-for-adaptation-and-mitigation-in-sudan-gams-enhancing-adaptive-capacity-of-local-communities-and-restoring-carbon-sink-potential-of-the-gum-arabic-belt-expanding-africas-great-green-wall_9b64,https://www.greenclimate.fund/sites/default/files/document/sap019-annual-performance-report-cy2021-v.pdf,application/pdf,c09eebf4bfdbd95fb1841ad531113129,GCF.family.SAP019.20620,2018,parked_progress
GCF.document.SAP019_20620.11762,"Gums for Adaptation and Mitigation in Sudan (GAMS): Enhancing adaptive capacity of local communities and restoring carbon sink potential of the Gum Arabic belt, expanding Africa’s Great Green Wall — Gender assessment for SAP019: Gums for Adaptation and Mitigation in Sudan (GAMS): Enhancing adaptive capacity of local communities and restoring carbon sink potential of the Gum Arabic belt, expanding Africa’s Great Green Wall",https://cdn.climatepolicyradar.org/navigator/SDN/2018/gums-for-adaptation-and-mitigation-in-sudan-gams-enhancing-adaptive-capacity-of-local-communities-and-restoring-carbon-sink-potential-of-the-gum-arabic-belt-expanding-africas-great-green-wall_909d50da73010ff818093a44b5dd8e68.pdf,2018-12-01T00:00:00Z,"Gender assessment for SAP019: Gums for Adaptation and Mitigation in Sudan (GAMS): Enhancing adaptive capacity of local communities and restoring carbon sink potential of the Gum Arabic belt, expanding Africa’s Great Green Wall",SDN,SAP019,https://climateprojectexplorer.org/document/gums-for-adaptation-and-mitigation-in-sudan-gams-enhancing-adaptive-capacity-of-local-communities-and-restoring-carbon-sink-potential-of-the-gum-arabic-belt-expanding-africas-great-green-wall_9b64,https://www.greenclimate.fund/sites/default/files/document/sap019-gender-assessment.pdf,application/pdf,909d50da73010ff818093a44b5dd8e68,GCF.family.SAP019.20620,2018,parked
GCF.document.SAP019_20620.11761,"Gums for Adaptation and Mitigation in Sudan (GAMS): Enhancing adaptive capacity of local communities and restoring carbon sink potential of the Gum Arabic belt, expanding Africa’s Great Green Wall — Gender action plan for SAP019: Gums for Adaptation and Mitigation in Sudan (GAMS): Enhancing adaptive capacity of local communities and restoring carbon sink potential of the Gum Arabic belt, expanding Africa’s Great Green Wall",https://cdn.climatepolicyradar.org/navigator/SDN/2018/gums-for-adaptation-and-mitigation-in-sudan-gams-enhancing-adaptive-capacity-of-local-communities-and-restoring-carbon-sink-potential-of-the-gum-arabic-belt-expanding-africas-great-green-wall_ec400bfebc1fca2a8e6dd51c1fbff0bd.pdf,2018-12-01T00:00:00Z,"Gender action plan for SAP019: Gums for Adaptation and Mitigation in Sudan (GAMS): Enhancing adaptive capacity of local communities and restoring carbon sink potential of the Gum Arabic belt, expanding Africa’s Great Green Wall",SDN,SAP019,https://climateprojectexplorer.org/document/gums-for-adaptation-and-mitigation-in-sudan-gams-enhancing-adaptive-capacity-of-local-communities-and-restoring-carbon-sink-potential-of-the-gum-arabic-belt-expanding-africas-great-green-wall_9b64,https://www.greenclimate.fund/sites/default/files/document/sap019-gender-action-plan.pdf,application/pdf,ec400bfebc1fca2a8e6dd51c1fbff0bd,GCF.family.SAP019.20620,2018,parked
GCF.document.SAP019_20620.16319,"Gums for Adaptation and Mitigation in Sudan (GAMS): Enhancing adaptive capacity of local communities and restoring carbon sink potential of the Gum Arabic belt, expanding Africa’s Great Green Wall — 2022 Annual Performance Report for SAP019: Gums for Adaptation and Mitigation in Sudan (GAMS): Enhancing adaptive capacity of local communities and restoring carbon sink potential of the Gum Arabic belt, expanding Africa’s Great Green Wall",https://cdn.climatepolicyradar.org/navigator/SDN/2018/gums-for-adaptation-and-mitigation-in-sudan-gams-enhancing-adaptive-capacity-of-local-communities-and-restoring-carbon-sink-potential-of-the-gum-arabic-belt-expanding-africas-great-green-wall_54f2b2bf83aed9ab45b9cf2cb56428c8.pdf,2018-12-01T00:00:00Z,Performance report,SDN,SAP019,https://climateprojectexplorer.org/document/gums-for-adaptation-and-mitigation-in-sudan-gams-enhancing-adaptive-capacity-of-local-communities-and-restoring-carbon-sink-potential-of-the-gum-arabic-belt-expanding-africas-great-green-wall_9b64,https://www.greenclimate.fund/sites/default/files/document/sap019-annual-performance-report-cy2022-v.pdf,application/pdf,54f2b2bf83aed9ab45b9cf2cb56428c8,GCF.family.SAP019.20620,2018,parked_progress
GCF.document.SAP019_20620.20048,"Gums for Adaptation and Mitigation in Sudan (GAMS): Enhancing adaptive capacity of local communities and restoring carbon sink potential of the Gum Arabic belt, expanding Africa’s Great Green Wall — 2023 Annual Performance Report for SAP019: Gums for Adaptation and Mitigation in Sudan (GAMS): Enhancing adaptive capacity of local communities and restoring carbon sink potential of the Gum Arabic belt, expanding Africa’s Great Green Wall",https://cdn.climatepolicyradar.org/navigator/SDN/2020/gums-for-adaptation-and-mitigation-in-sudan-gams-enhancing-adaptive-capacity-of-local-communities-and-restoring-carbon-sink-potential-of-the-gum-arabic-belt-expanding-africas-great-green-wall_a5d74f8aecd4335d8196502ea5381774.pdf,2018-12-01T00:00:00Z,Performance report,SDN,SAP019,https://climateprojectexplorer.org/document/gums-for-adaptation-and-mitigation-in-sudan-gams-enhancing-adaptive-capacity-of-local-communities-and-restoring-carbon-sink-potential-of-the-gum-arabic-belt-expanding-africas-great-green-wall_9b64,https://www.greenclimate.fund/sites/default/files/document/sap019-annual-performance-report-cy2023.pdf,application/pdf,a5d74f8aecd4335d8196502ea5381774,GCF.family.SAP019.20620,2018,parked_progress
GCF.document.FP139_14630.11397,Building resilience in the face of climate change within traditional rain fed agricultural and pastoral systems in Sudan — Building resilience in the face of climate change within traditional rain fed agricultural and pastoral systems in Sudan,https://cdn.climatepolicyradar.org/navigator/SDN/2019/building-resilience-in-the-face-of-climate-change-within-traditional-rain-fed-agricultural-and-pastoral-systems-in-sudan_9b2f11dd1d13d2c99d1749abd57023bd.pdf,2019-09-01T00:00:00Z,Building resilience in the face of climate change within traditional rain fed agricultural and pastoral systems in Sudan,SDN,FP139,https://climateprojectexplorer.org/document/building-resilience-in-the-face-of-climate-change-within-traditional-rain-fed-agricultural-and-pastoral-systems-in-sudan_1fc8,https://www.greenclimate.fund/sites/default/files/document/fp139-undp-sudan_0.pdf,application/pdf,9b2f11dd1d13d2c99d1749abd57023bd,GCF.family.FP139.14630,2019,parked
GCF.document.FP139_14630.11427,Building resilience in the face of climate change within traditional rain fed agricultural and pastoral systems in Sudan — Gender assessment for FP139: Building resilience in the face of climate change within traditional rain fed agricultural and pastoral systems in Sudan,https://cdn.climatepolicyradar.org/navigator/SDN/2019/building-resilience-in-the-face-of-climate-change-within-traditional-rain-fed-agricultural-and-pastoral-systems-in-sudan_13fc7e5cb02bf4562bb3cf99b999e303.pdf,2019-09-01T00:00:00Z,Gender assessment for FP139: Building resilience in the face of climate change within traditional rain fed agricultural and pastoral systems in Sudan,SDN,FP139,https://climateprojectexplorer.org/document/building-resilience-in-the-face-of-climate-change-within-traditional-rain-fed-agricultural-and-pastoral-systems-in-sudan_1fc8,https://www.greenclimate.fund/sites/default/files/document/fp139-gender-assessment.pdf,application/pdf,13fc7e5cb02bf4562bb3cf99b999e303,GCF.family.FP139.14630,2019,parked
GCF.document.FP139_14630.11426,Building resilience in the face of climate change within traditional rain fed agricultural and pastoral systems in Sudan — Gender action plan for FP139: Building resilience in the face of climate change within traditional rain fed agricultural and pastoral systems in Sudan,https://cdn.climatepolicyradar.org/navigator/SDN/2019/building-resilience-in-the-face-of-climate-change-within-traditional-rain-fed-agricultural-and-pastoral-systems-in-sudan_0543f91935fb4e80b2d31dbb12e645c2.pdf,2019-09-01T00:00:00Z,Gender action plan for FP139: Building resilience in the face of climate change within traditional rain fed agricultural and pastoral systems in Sudan,SDN,FP139,https://climateprojectexplorer.org/document/building-resilience-in-the-face-of-climate-change-within-traditional-rain-fed-agricultural-and-pastoral-systems-in-sudan_1fc8,https://www.greenclimate.fund/sites/default/files/document/fp139-gender-action-plan.pdf,application/pdf,0543f91935fb4e80b2d31dbb12e645c2,GCF.family.FP139.14630,2019,parked
GCF.document.FP139_14630.12658,Building resilience in the face of climate change within traditional rain fed agricultural and pastoral systems in Sudan — 2020 Annual Performance Report for FP139: Building resilience in the face of climate change within traditional rain fed agricultural and pastoral systems in Sudan,https://cdn.climatepolicyradar.org/navigator/SDN/2019/building-resilience-in-the-face-of-climate-change-within-traditional-rain-fed-agricultural-and-pastoral-systems-in-sudan_07ba7c8d0d1161cf9d3b638befc268c9.pdf,2019-09-01T00:00:00Z,Performance report,SDN,FP139,https://climateprojectexplorer.org/document/building-resilience-in-the-face-of-climate-change-within-traditional-rain-fed-agricultural-and-pastoral-systems-in-sudan_1fc8,https://www.greenclimate.fund/sites/default/files/document/fp139-annual-performance-report-cy2020-disclosable.pdf,application/pdf,07ba7c8d0d1161cf9d3b638befc268c9,GCF.family.FP139.14630,2019,parked_progress
GCF.document.FP139_14630.14690,Building resilience in the face of climate change within traditional rain fed agricultural and pastoral systems in Sudan — 2021 Annual Performance Report for FP139: Building resilience in the face of climate change within traditional rain fed agricultural and pastoral systems in Sudan,https://cdn.climatepolicyradar.org/navigator/SDN/2019/building-resilience-in-the-face-of-climate-change-within-traditional-rain-fed-agricultural-and-pastoral-systems-in-sudan_25efd9fbae255773287f52dcd7d822b8.pdf,2019-09-01T00:00:00Z,Performance report,SDN,FP139,https://climateprojectexplorer.org/document/building-resilience-in-the-face-of-climate-change-within-traditional-rain-fed-agricultural-and-pastoral-systems-in-sudan_1fc8,https://www.greenclimate.fund/sites/default/files/document/fp139-annual-performance-report-cy2021-v.pdf,application/pdf,25efd9fbae255773287f52dcd7d822b8,GCF.family.FP139.14630,2019,parked_progress
GCF.document.FP139_14630.16329,Building resilience in the face of climate change within traditional rain fed agricultural and pastoral systems in Sudan — 2022 Annual Performance Report for FP139: Building resilience in the face of climate change within traditional rain fed agricultural and pastoral systems in Sudan,https://cdn.climatepolicyradar.org/navigator/SDN/2019/building-resilience-in-the-face-of-climate-change-within-traditional-rain-fed-agricultural-and-pastoral-systems-in-sudan_8262e82aeee91ad2817d4d9b0ba2d10a.pdf,2019-09-01T00:00:00Z,Performance report,SDN,FP139,https://climateprojectexplorer.org/document/building-resilience-in-the-face-of-climate-change-within-traditional-rain-fed-agricultural-and-pastoral-systems-in-sudan_1fc8,https://www.greenclimate.fund/sites/default/files/document/fp139-annual-performance-report-cy2022-v.pdf,application/pdf,8262e82aeee91ad2817d4d9b0ba2d10a,GCF.family.FP139.14630,2019,parked_progress
GCF.document.FP139_14630.20031,Building resilience in the face of climate change within traditional rain fed agricultural and pastoral systems in Sudan — 2023 Annual Performance Report for FP139: Building resilience in the face of climate change within traditional rain fed agricultural and pastoral systems in Sudan,https://cdn.climatepolicyradar.org/navigator/SDN/2020/building-resilience-in-the-face-of-climate-change-within-traditional-rain-fed-agricultural-and-pastoral-systems-in-sudan_c0d240777dc1977647578cb480f3c6a8.pdf,2019-09-01T00:00:00Z,Performance report,SDN,FP139,https://climateprojectexplorer.org/document/building-resilience-in-the-face-of-climate-change-within-traditional-rain-fed-agricultural-and-pastoral-systems-in-sudan_1fc8,https://www.greenclimate.fund/sites/default/files/document/fp139-annual-performance-report-cy2023.pdf,application/pdf,c0d240777dc1977647578cb480f3c6a8,GCF.family.FP139.14630,2019,parked_progress
GCF.document.FP179_24770.13163,Tanzania Agriculture Climate Adaptation Technology Deployment Programme (TACATDP) — Tanzania Agriculture Climate Adaptation Technology Deployment Programme (TACATDP),https://cdn.climatepolicyradar.org/navigator/TZA/2021/tanzania-agriculture-climate-adaptation-technology-deployment-programme-tacatdp_02d76d29870f8de88ed3e82a31375889.pdf,2021-10-07T00:00:00Z,Tanzania Agriculture Climate Adaptation Technology Deployment Programme (TACATDP),TZA,FP179,https://climateprojectexplorer.org/document/tanzania-agriculture-climate-adaptation-technology-deployment-programme-tacatdp_3b2f,https://www.greenclimate.fund/sites/default/files/document/funding-proposal-fp179.pdf,application/pdf,02d76d29870f8de88ed3e82a31375889,GCF.family.FP179.24770,2021,parked
GCF.document.FP179_24770.12852,Tanzania Agriculture Climate Adaptation Technology Deployment Programme (TACATDP) — Gender assessment for FP179: Tanzania Agriculture Climate Adaptation Technology Deployment Programme (TACATDP),https://cdn.climatepolicyradar.org/navigator/TZA/2021/tanzania-agriculture-climate-adaptation-technology-deployment-programme-tacatdp_af7861600449128072f4df8ca9b61636.pdf,2021-10-07T00:00:00Z,Gender assessment for FP179: Tanzania Agriculture Climate Adaptation Technology Deployment Programme (TACATDP),TZA,FP179,https://climateprojectexplorer.org/document/tanzania-agriculture-climate-adaptation-technology-deployment-programme-tacatdp_3b2f,https://www.greenclimate.fund/sites/default/files/document/fp179-gender-assessment.pdf,application/pdf,af7861600449128072f4df8ca9b61636,GCF.family.FP179.24770,2021,parked
GCF.document.FP179_24770.12839,Tanzania Agriculture Climate Adaptation Technology Deployment Programme (TACATDP) — Gender action plan for FP179: Tanzania Agriculture Climate Adaptation Technology Deployment Programme (TACATDP),https://cdn.climatepolicyradar.org/navigator/TZA/2021/tanzania-agriculture-climate-adaptation-technology-deployment-programme-tacatdp_ffc4b6b276adad13c61ebd5875fde3cc.pdf,2021-10-07T00:00:00Z,Gender action plan for FP179: Tanzania Agriculture Climate Adaptation Technology Deployment Programme (TACATDP),TZA,FP179,https://climateprojectexplorer.org/document/tanzania-agriculture-climate-adaptation-technology-deployment-programme-tacatdp_3b2f,https://www.greenclimate.fund/sites/default/files/document/fp179-gender-action-plan.pdf,application/pdf,ffc4b6b276adad13c61ebd5875fde3cc,GCF.family.FP179.24770,2021,parked
GCF.document.FP179_24770.21154,Tanzania Agriculture Climate Adaptation Technology Deployment Programme (TACATDP) — 2024 Annual Performance Report for FP179: Tanzania Agriculture Climate Adaptation Technology Deployment Programme (TACATDP),https://cdn.climatepolicyradar.org/navigator/TZA/2021/tanzania-agriculture-climate-adaptation-technology-deployment-programme-tacatdp_2088c63b04241f6db93ad6012d786502.pdf,2021-10-07T00:00:00Z,Performance report,TZA,FP179,https://climateprojectexplorer.org/document/tanzania-agriculture-climate-adaptation-technology-deployment-programme-tacatdp_3b2f,https://www.greenclimate.fund/sites/default/files/document/fp179-50875-annual-performance-report-cy2024-v3.pdf,application/pdf,2088c63b04241f6db93ad6012d786502,GCF.family.FP179.24770,2021,parked_progress
GCF.document.FP179_24770.20060,Tanzania Agriculture Climate Adaptation Technology Deployment Programme (TACATDP) — 2023 Annual Performance Report for FP179: Tanzania Agriculture Climate Adaptation Technology Deployment Programme (TACATDP),https://cdn.climatepolicyradar.org/navigator/TZA/2021/tanzania-agriculture-climate-adaptation-technology-deployment-programme-tacatdp_82f5c63b5c4e3d62c31d85e8b11b8656.pdf,2021-10-07T00:00:00Z,Performance report,TZA,FP179,https://climateprojectexplorer.org/document/tanzania-agriculture-climate-adaptation-technology-deployment-programme-tacatdp_3b2f,https://www.greenclimate.fund/sites/default/files/document/fp179-annual-performance-report-cy2023.pdf,application/pdf,82f5c63b5c4e3d62c31d85e8b11b8656,GCF.family.FP179.24770,2021,parked_progress
GCF.document.FP059_14810.6160,Climate Resilient Water Sector in Grenada (G-CREWS) — Gender assessment for FP059: Climate Resilient Water Sector in Grenada (G-CREWS)-,https://cdn.climatepolicyradar.org/navigator/GRD/2018/climate-resilient-water-sector-in-grenada-g-crews_72f2bbcf9d8a09a6adb66c3cad7c31fc.pdf,2018-03-01T00:00:00Z,Gender assessment for FP059: Climate Resilient Water Sector in Grenada (G-CREWS)-,GRD,FP059,https://climateprojectexplorer.org/document/climate-resilient-water-sector-in-grenada-g-crews_90fe,https://www.greenclimate.fund/sites/default/files/document/gender-assessment-fp059-giz-grenada.pdf,application/pdf,72f2bbcf9d8a09a6adb66c3cad7c31fc,GCF.family.FP059.14810,2018,out_of_scope_geo
GCF.document.FP059_14810.6741,Climate Resilient Water Sector in Grenada (G-CREWS) — Gender action plan for FP059: Climate Resilient Water Sector in Grenada (G-CREWS)-,https://cdn.climatepolicyradar.org/navigator/GRD/2018/climate-resilient-water-sector-in-grenada-g-crews_d71c9c9eba8b8c69e803cf7b66b300f9.pdf,2018-03-01T00:00:00Z,Gender action plan for FP059: Climate Resilient Water Sector in Grenada (G-CREWS)-,GRD,FP059,https://climateprojectexplorer.org/document/climate-resilient-water-sector-in-grenada-g-crews_90fe,https://www.greenclimate.fund/sites/default/files/document/gender-action-plan-fp059-giz-grenada.pdf,application/pdf,d71c9c9eba8b8c69e803cf7b66b300f9,GCF.family.FP059.14810,2018,out_of_scope_geo
GCF.document.FP059_14810.12679,Climate Resilient Water Sector in Grenada (G-CREWS) — 2020 Annual Performance Report for  FP059: Climate Resilient Water Sector in Grenada (G-CREWS),https://cdn.climatepolicyradar.org/navigator/GRD/2018/climate-resilient-water-sector-in-grenada-g-crews_6c21adfa344f14e6a74eb02fcbae8b7a.pdf,2018-03-01T00:00:00Z,Performance report,GRD,FP059,https://climateprojectexplorer.org/document/climate-resilient-water-sector-in-grenada-g-crews_90fe,https://www.greenclimate.fund/sites/default/files/document/fp059-annual-performance-report-cy2020.pdf,application/pdf,6c21adfa344f14e6a74eb02fcbae8b7a,GCF.family.FP059.14810,2018,out_of_scope_geo
GCF.document.FP059_14810.14506,Climate Resilient Water Sector in Grenada (G-CREWS) — 2021 Annual Performance Report for FP059: Climate Resilient Water Sector in Grenada (G-CREWS),https://cdn.climatepolicyradar.org/navigator/GRD/2018/climate-resilient-water-sector-in-grenada-g-crews_677e96e64f3fca58441ba32d792c4e32.pdf,2018-03-01T00:00:00Z,Performance report,GRD,FP059,https://climateprojectexplorer.org/document/climate-resilient-water-sector-in-grenada-g-crews_90fe,https://www.greenclimate.fund/sites/default/files/document/fp059-annual-performance-report-cy2021.pdf,application/pdf,677e96e64f3fca58441ba32d792c4e32,GCF.family.FP059.14810,2018,out_of_scope_geo
GCF.document.FP059_14810.6342,Climate Resilient Water Sector in Grenada (G-CREWS) — Climate-Resilient Water Sector in Grenada (G-CREWS),https://cdn.climatepolicyradar.org/navigator/GRD/2018/climate-resilient-water-sector-in-grenada-g-crews_9a22bbe007a4cd44a7ffb9e2d80a1b21.pdf,2018-03-01T00:00:00Z,Climate-Resilient Water Sector in Grenada (G-CREWS),GRD,FP059,https://climateprojectexplorer.org/document/climate-resilient-water-sector-in-grenada-g-crews_90fe,https://www.greenclimate.fund/sites/default/files/document/funding-proposal-fp059-giz-grenada.pdf,application/pdf,9a22bbe007a4cd44a7ffb9e2d80a1b21,GCF.family.FP059.14810,2018,out_of_scope_geo
GCF.document.FP059_14810.15810,Climate Resilient Water Sector in Grenada (G-CREWS) — 2022 Annual Performance Report for FP059: Climate Resilient Water Sector in Grenada (G-CREWS),https://cdn.climatepolicyradar.org/navigator/GRD/2018/climate-resilient-water-sector-in-grenada-g-crews_0bacab49f139047e02a5f53240a1c4c1.pdf,2018-03-01T00:00:00Z,Performance report,GRD,FP059,https://climateprojectexplorer.org/document/climate-resilient-water-sector-in-grenada-g-crews_90fe,https://www.greenclimate.fund/sites/default/files/document/fp059-annual-performance-report-cy2022-v.pdf,application/pdf,0bacab49f139047e02a5f53240a1c4c1,GCF.family.FP059.14810,2018,out_of_scope_geo
GCF.document.FP059_14810.20007,Climate Resilient Water Sector in Grenada (G-CREWS) — 2023 Annual Performance Report for FP059: Climate Resilient Water Sector in Grenada (G-CREWS),https://cdn.climatepolicyradar.org/navigator/GRD/2018/climate-resilient-water-sector-in-grenada-g-crews_1e3620005712c1ceba39701be7c213af.pdf,2018-03-01T00:00:00Z,Performance report,GRD,FP059,https://climateprojectexplorer.org/document/climate-resilient-water-sector-in-grenada-g-crews_90fe,https://www.greenclimate.fund/sites/default/files/document/fp059-annual-performance-report-cy2023.pdf,application/pdf,1e3620005712c1ceba39701be7c213af,GCF.family.FP059.14810,2018,out_of_scope_geo
GCF.document.FP059_14810.21241,Climate Resilient Water Sector in Grenada (G-CREWS) — Interim evaluation report for FP059: Climate Resilient Water Sector in Grenada (G-CREWS),https://cdn.climatepolicyradar.org/navigator/GRD/2018/climate-resilient-water-sector-in-grenada-g-crews_06d0bc1f52f9626680a9836483b11824.pdf,2018-03-01T00:00:00Z,Interim evaluation report for FP059: Climate Resilient Water Sector in Grenada (G-CREWS),GRD,FP059,https://climateprojectexplorer.org/document/climate-resilient-water-sector-in-grenada-g-crews_90fe,https://www.greenclimate.fund/sites/default/files/document/fp059-interim-evaluation-report-pub.pdf,application/pdf,06d0bc1f52f9626680a9836483b11824,GCF.family.FP059.14810,2018,out_of_scope_geo
GCF.document.FP059_14810.21082,Climate Resilient Water Sector in Grenada (G-CREWS) — 2024 Annual Performance Report for FP059: Climate Resilient Water Sector in Grenada (G-CREWS),https://cdn.climatepolicyradar.org/navigator/GRD/2018/climate-resilient-water-sector-in-grenada-g-crews_7dfc915dd3038ae8616a13a39c224e9a.pdf,2018-03-01T00:00:00Z,Performance report,GRD,FP059,https://climateprojectexplorer.org/document/climate-resilient-water-sector-in-grenada-g-crews_90fe,https://www.greenclimate.fund/sites/default/files/document/fp059-50766-annual-performance-report-cy2024-v3.pdf,application/pdf,7dfc915dd3038ae8616a13a39c224e9a,GCF.family.FP059.14810,2018,out_of_scope_geo
GCF.document.FP034_13510.6293,"Building Resilient Communities, Wetland Ecosystems and Associated Catchments in Uganda — Building resilient communities, wetlands ecosystems and associated catchments in Uganda",https://cdn.climatepolicyradar.org/navigator/UGA/2016/building-resilient-communities-wetland-ecosystems-and-associated-catchments-in-uganda_de8eaf2445e0a5b0714a6d7e8b17bda2.pdf,2016-12-15T00:00:00Z,"Building resilient communities, wetlands ecosystems and associated catchments in Uganda",UGA,FP034,https://climateprojectexplorer.org/document/building-resilient-communities-wetland-ecosystems-and-associated-catchments-in-uganda_efe7,https://www.greenclimate.fund/sites/default/files/document/funding-proposal-fp034-undp-uganda.pdf,application/pdf,de8eaf2445e0a5b0714a6d7e8b17bda2,GCF.family.FP034.13510,2016,parked
GCF.document.FP034_13510.6125,"Building Resilient Communities, Wetland Ecosystems and Associated Catchments in Uganda — Gender assessment for FP034: Building Resilient Communities, Wetland Ecosystems and Associated Catchments in Uganda",https://cdn.climatepolicyradar.org/navigator/UGA/2016/building-resilient-communities-wetland-ecosystems-and-associated-catchments-in-uganda_0afa5be6da94c667d089146ac1387e97.pdf,2016-12-15T00:00:00Z,"Gender assessment for FP034: Building Resilient Communities, Wetland Ecosystems and Associated Catchments in Uganda",UGA,FP034,https://climateprojectexplorer.org/document/building-resilient-communities-wetland-ecosystems-and-associated-catchments-in-uganda_efe7,https://www.greenclimate.fund/sites/default/files/document/gender-assessment-fp034-undp-uganda.pdf,application/pdf,0afa5be6da94c667d089146ac1387e97,GCF.family.FP034.13510,2016,parked
GCF.document.FP034_13510.6186,"Building Resilient Communities, Wetland Ecosystems and Associated Catchments in Uganda — Gender action plan for FP034: Building Resilient Communities, Wetland Ecosystems and Associated Catchments in Uganda",https://cdn.climatepolicyradar.org/navigator/UGA/2016/building-resilient-communities-wetland-ecosystems-and-associated-catchments-in-uganda_d56ec8c54c2c7b7f35729cae4754d5aa.pdf,2016-12-15T00:00:00Z,"Gender action plan for FP034: Building Resilient Communities, Wetland Ecosystems and Associated Catchments in Uganda",UGA,FP034,https://climateprojectexplorer.org/document/building-resilient-communities-wetland-ecosystems-and-associated-catchments-in-uganda_efe7,https://www.greenclimate.fund/sites/default/files/document/gender-action-plan-fp034-undp-uganda.pdf,application/pdf,d56ec8c54c2c7b7f35729cae4754d5aa,GCF.family.FP034.13510,2016,parked
GCF.document.FP034_13510.11516,"Building Resilient Communities, Wetland Ecosystems and Associated Catchments in Uganda — 2019 Annual Performance Report for FP034: Building Resilient Communities, Wetland Ecosystems and Associated Catchments in Uganda",https://cdn.climatepolicyradar.org/navigator/UGA/2016/building-resilient-communities-wetland-ecosystems-and-associated-catchments-in-uganda_ae7539a039b11f72ca65a5e0d3ec771d.pdf,2016-12-15T00:00:00Z,Performance report,UGA,FP034,https://climateprojectexplorer.org/document/building-resilient-communities-wetland-ecosystems-and-associated-catchments-in-uganda_efe7,https://www.greenclimate.fund/sites/default/files/document/fp034-2019apr.pdf,application/pdf,ae7539a039b11f72ca65a5e0d3ec771d,GCF.family.FP034.13510,2016,parked_progress
GCF.document.FP034_13510.12701,"Building Resilient Communities, Wetland Ecosystems and Associated Catchments in Uganda — 2020 Annual Performance Report for FP034: Building Resilient Communities, Wetland Ecosystems and Associated Catchments in Uganda",https://cdn.climatepolicyradar.org/navigator/UGA/2016/building-resilient-communities-wetland-ecosystems-and-associated-catchments-in-uganda_28b101fabfe19550ff3a8495d04e0f29.pdf,2016-12-15T00:00:00Z,Performance report,UGA,FP034,https://climateprojectexplorer.org/document/building-resilient-communities-wetland-ecosystems-and-associated-catchments-in-uganda_efe7,https://www.greenclimate.fund/sites/default/files/document/fp034-annual-performance-report-cy2020-disclosable.pdf,application/pdf,28b101fabfe19550ff3a8495d04e0f29,GCF.family.FP034.13510,2016,parked_progress
GCF.document.FP034_13510.14208,"Building Resilient Communities, Wetland Ecosystems and Associated Catchments in Uganda — 2018 Annual Performance Report for FP034: Building Resilient Communities, Wetland Ecosystems and Associated Catchments in Uganda",https://cdn.climatepolicyradar.org/navigator/UGA/2016/building-resilient-communities-wetland-ecosystems-and-associated-catchments-in-uganda_36697c59d2e1e1f0343abad52f50841f.pdf,2016-12-15T00:00:00Z,Performance report,UGA,FP034,https://climateprojectexplorer.org/document/building-resilient-communities-wetland-ecosystems-and-associated-catchments-in-uganda_efe7,https://www.greenclimate.fund/sites/default/files/document/fp034-2018apr.pdf,application/pdf,36697c59d2e1e1f0343abad52f50841f,GCF.family.FP034.13510,2016,parked_progress
GCF.document.FP034_13510.14253,"Building Resilient Communities, Wetland Ecosystems and Associated Catchments in Uganda — 2017 Annual Performance Report for FP034: Building Resilient Communities, Wetland Ecosystems and Associated Catchments in Uganda",https://cdn.climatepolicyradar.org/navigator/UGA/2016/building-resilient-communities-wetland-ecosystems-and-associated-catchments-in-uganda_c12c1cabfdd404b211d726f32124a07b.pdf,2016-12-15T00:00:00Z,Performance report,UGA,FP034,https://climateprojectexplorer.org/document/building-resilient-communities-wetland-ecosystems-and-associated-catchments-in-uganda_efe7,https://www.greenclimate.fund/sites/default/files/document/fp034-2017apr.pdf,application/pdf,c12c1cabfdd404b211d726f32124a07b,GCF.family.FP034.13510,2016,parked_progress
GCF.document.FP034_13510.14501,"Building Resilient Communities, Wetland Ecosystems and Associated Catchments in Uganda — 2021 Annual Performance Report for FP034: Building Resilient Communities, Wetland Ecosystems and Associated Catchments in Uganda",https://cdn.climatepolicyradar.org/navigator/UGA/2016/building-resilient-communities-wetland-ecosystems-and-associated-catchments-in-uganda_23b19ece6d85407d22d3ac0c39f63585.pdf,2016-12-15T00:00:00Z,Performance report,UGA,FP034,https://climateprojectexplorer.org/document/building-resilient-communities-wetland-ecosystems-and-associated-catchments-in-uganda_efe7,https://www.greenclimate.fund/sites/default/files/document/fp034-annual-performance-report-cy2021.pdf,application/pdf,23b19ece6d85407d22d3ac0c39f63585,GCF.family.FP034.13510,2016,parked_progress
GCF.document.FP034_13510.16359,"Building Resilient Communities, Wetland Ecosystems and Associated Catchments in Uganda — 2022 Annual Performance Report for FP034: Building Resilient Communities, Wetland Ecosystems and Associated Catchments in Uganda",https://cdn.climatepolicyradar.org/navigator/UGA/2016/building-resilient-communities-wetland-ecosystems-and-associated-catchments-in-uganda_5c992b1bdd16b62d531aee696e1e9f1b.pdf,2016-12-15T00:00:00Z,Performance report,UGA,FP034,https://climateprojectexplorer.org/document/building-resilient-communities-wetland-ecosystems-and-associated-catchments-in-uganda_efe7,https://www.greenclimate.fund/sites/default/files/document/fp034-annual-performance-report-cy2022-v.pdf,application/pdf,5c992b1bdd16b62d531aee696e1e9f1b,GCF.family.FP034.13510,2016,parked_progress
GCF.document.FP034_13510.20003,"Building Resilient Communities, Wetland Ecosystems and Associated Catchments in Uganda — 2023 Annual Performance Report for FP034: Building Resilient Communities, Wetland Ecosystems and Associated Catchments in Uganda",https://cdn.climatepolicyradar.org/navigator/UGA/2016/building-resilient-communities-wetland-ecosystems-and-associated-catchments-in-uganda_6b82f907573d5001229a0818a9f182f4.pdf,2016-12-15T00:00:00Z,Performance report,UGA,FP034,https://climateprojectexplorer.org/document/building-resilient-communities-wetland-ecosystems-and-associated-catchments-in-uganda_efe7,https://www.greenclimate.fund/sites/default/files/document/fp034-annual-performance-report-cy2023.pdf,application/pdf,6b82f907573d5001229a0818a9f182f4,GCF.family.FP034.13510,2016,parked_progress
GCF.document.FP034_13510.21589,"Building Resilient Communities, Wetland Ecosystems and Associated Catchments in Uganda — Interim evaluation report for FP034: Building Resilient Communities, Wetland Ecosystems and Associated Catchments in Uganda",https://cdn.climatepolicyradar.org/navigator/UGA/2016/building-resilient-communities-wetland-ecosystems-and-associated-catchments-in-uganda_3876a4aba650325bbc9392460f9d0623.pdf,2016-12-15T00:00:00Z,"Interim evaluation report for FP034: Building Resilient Communities, Wetland Ecosystems and Associated Catchments in Uganda",UGA,FP034,https://climateprojectexplorer.org/document/building-resilient-communities-wetland-ecosystems-and-associated-catchments-in-uganda_efe7,https://www.greenclimate.fund/sites/default/files/document/fp034-interim-evaluation-report-pub.pdf,application/pdf,3876a4aba650325bbc9392460f9d0623,GCF.family.FP034.13510,2016,parked
GCF.document.FP072_14990.6171,Strengthening climate resilience of agricultural livelihoods in Agro-Ecological Regions I and II in Zambia — Gender assessment for FP072: Strengthening climate resilience of agricultural livelihoods in Agro-Ecological Regions I and II in Zambia,https://cdn.climatepolicyradar.org/navigator/ZMB/2018/strengthening-climate-resilience-of-agricultural-livelihoods-in-agro-ecological-regions-i-and-ii-in-zambia_7c8aa8a6cb7e95338938a33363f0c62d.pdf,2018-03-01T00:00:00Z,Gender assessment for FP072: Strengthening climate resilience of agricultural livelihoods in Agro-Ecological Regions I and II in Zambia,ZMB,FP072,https://climateprojectexplorer.org/document/strengthening-climate-resilience-of-agricultural-livelihoods-in-agro-ecological-regions-i-and-ii-in-zambia_d4ef,https://www.greenclimate.fund/sites/default/files/document/gender-assessment-fp072-undp-zambia.pdf,application/pdf,7c8aa8a6cb7e95338938a33363f0c62d,GCF.family.FP072.14990,2018,parked
GCF.document.FP072_14990.6224,Strengthening climate resilience of agricultural livelihoods in Agro-Ecological Regions I and II in Zambia — Gender action plan for FP072: Strengthening climate resilience of agricultural livelihoods in Agro-Ecological Regions I and II in Zambia,https://cdn.climatepolicyradar.org/navigator/ZMB/2018/strengthening-climate-resilience-of-agricultural-livelihoods-in-agro-ecological-regions-i-and-ii-in-zambia_e1fa91c95cf7bbf2f37cd4ea4b9d4e7e.pdf,2018-03-01T00:00:00Z,Gender action plan for FP072: Strengthening climate resilience of agricultural livelihoods in Agro-Ecological Regions I and II in Zambia,ZMB,FP072,https://climateprojectexplorer.org/document/strengthening-climate-resilience-of-agricultural-livelihoods-in-agro-ecological-regions-i-and-ii-in-zambia_d4ef,https://www.greenclimate.fund/sites/default/files/document/gender-action-plan-fp072-undp-zambia.pdf,application/pdf,e1fa91c95cf7bbf2f37cd4ea4b9d4e7e,GCF.family.FP072.14990,2018,parked
GCF.document.FP072_14990.11523,Strengthening climate resilience of agricultural livelihoods in Agro-Ecological Regions I and II in Zambia — 2019 Annual Performance Report for FP072: Strengthening climate resilience of agricultural livelihoods in Agro-Ecological Regions I and II in Zambia,https://cdn.climatepolicyradar.org/navigator/ZMB/2018/strengthening-climate-resilience-of-agricultural-livelihoods-in-agro-ecological-regions-i-and-ii-in-zambia_807583d12956724edf3d6decd3c2a8e6.pdf,2018-03-01T00:00:00Z,Performance report,ZMB,FP072,https://climateprojectexplorer.org/document/strengthening-climate-resilience-of-agricultural-livelihoods-in-agro-ecological-regions-i-and-ii-in-zambia_d4ef,https://www.greenclimate.fund/sites/default/files/document/fp072-2019apr.pdf,application/pdf,807583d12956724edf3d6decd3c2a8e6,GCF.family.FP072.14990,2018,parked_progress
GCF.document.FP072_14990.12642,Strengthening climate resilience of agricultural livelihoods in Agro-Ecological Regions I and II in Zambia — 2020 Annual Performance Report for FP072: Strengthening climate resilience of agricultural livelihoods in Agro-Ecological Regions I and II in Zambia,https://cdn.climatepolicyradar.org/navigator/ZMB/2018/strengthening-climate-resilience-of-agricultural-livelihoods-in-agro-ecological-regions-i-and-ii-in-zambia_668bd6891116f44a74dfe1d10fab4e18.pdf,2018-03-01T00:00:00Z,Performance report,ZMB,FP072,https://climateprojectexplorer.org/document/strengthening-climate-resilience-of-agricultural-livelihoods-in-agro-ecological-regions-i-and-ii-in-zambia_d4ef,https://www.greenclimate.fund/sites/default/files/document/fp072-annual-performance-report-cy2020-disclosable.pdf,application/pdf,668bd6891116f44a74dfe1d10fab4e18,GCF.family.FP072.14990,2018,parked_progress
GCF.document.FP072_14990.14216,Strengthening climate resilience of agricultural livelihoods in Agro-Ecological Regions I and II in Zambia — 2018 Annual Performance Report for FP072: Strengthening climate resilience of agricultural livelihoods in Agro-Ecological Regions I and II in Zambia,https://cdn.climatepolicyradar.org/navigator/ZMB/2018/strengthening-climate-resilience-of-agricultural-livelihoods-in-agro-ecological-regions-i-and-ii-in-zambia_e712e048f4e3f16a1b2705865309dc86.pdf,2018-03-01T00:00:00Z,Performance report,ZMB,FP072,https://climateprojectexplorer.org/document/strengthening-climate-resilience-of-agricultural-livelihoods-in-agro-ecological-regions-i-and-ii-in-zambia_d4ef,https://www.greenclimate.fund/sites/default/files/document/fp072-2018apr.pdf,application/pdf,e712e048f4e3f16a1b2705865309dc86,GCF.family.FP072.14990,2018,parked_progress
GCF.document.FP072_14990.14680,Strengthening climate resilience of agricultural livelihoods in Agro-Ecological Regions I and II in Zambia — 2021 Annual Performance Report for FP072: Strengthening climate resilience of agricultural livelihoods in Agro-Ecological Regions I and II in Zambia,https://cdn.climatepolicyradar.org/navigator/ZMB/2018/strengthening-climate-resilience-of-agricultural-livelihoods-in-agro-ecological-regions-i-and-ii-in-zambia_1914b162505a4a56839521e2af6cfaca.pdf,2018-03-01T00:00:00Z,Performance report,ZMB,FP072,https://climateprojectexplorer.org/document/strengthening-climate-resilience-of-agricultural-livelihoods-in-agro-ecological-regions-i-and-ii-in-zambia_d4ef,https://www.greenclimate.fund/sites/default/files/document/fp072-annual-performance-report-cy2021-v.pdf,application/pdf,1914b162505a4a56839521e2af6cfaca,GCF.family.FP072.14990,2018,parked_progress
GCF.document.FP072_14990.6358,Strengthening climate resilience of agricultural livelihoods in Agro-Ecological Regions I and II in Zambia — Strengthening climate resilience of agricultural livelihoods in agro-ecological regions I and II in Zambia,https://cdn.climatepolicyradar.org/navigator/ZMB/2018/strengthening-climate-resilience-of-agricultural-livelihoods-in-agro-ecological-regions-i-and-ii-in-zambia_0e437f2a893c427060444cb664473c8a.pdf,2018-03-01T00:00:00Z,Strengthening climate resilience of agricultural livelihoods in agro-ecological regions I and II in Zambia,ZMB,FP072,https://climateprojectexplorer.org/document/strengthening-climate-resilience-of-agricultural-livelihoods-in-agro-ecological-regions-i-and-ii-in-zambia_d4ef,https://www.greenclimate.fund/sites/default/files/document/funding-proposal-fp072-undp-zambia.pdf,application/pdf,0e437f2a893c427060444cb664473c8a,GCF.family.FP072.14990,2018,parked
GCF.document.FP072_14990.16349,Strengthening climate resilience of agricultural livelihoods in Agro-Ecological Regions I and II in Zambia — 2022 Annual Performance Report for FP072: Strengthening climate resilience of agricultural livelihoods in Agro-Ecological Regions I and II in Zambia,https://cdn.climatepolicyradar.org/navigator/ZMB/2018/strengthening-climate-resilience-of-agricultural-livelihoods-in-agro-ecological-regions-i-and-ii-in-zambia_9e167c7fd845eb8bde273e4e2706e46e.pdf,2018-03-01T00:00:00Z,Performance report,ZMB,FP072,https://climateprojectexplorer.org/document/strengthening-climate-resilience-of-agricultural-livelihoods-in-agro-ecological-regions-i-and-ii-in-zambia_d4ef,https://www.greenclimate.fund/sites/default/files/document/fp072-annual-performance-report-cy2022-v.pdf,application/pdf,9e167c7fd845eb8bde273e4e2706e46e,GCF.family.FP072.14990,2018,parked_progress
GCF.document.FP072_14990.20013,Strengthening climate resilience of agricultural livelihoods in Agro-Ecological Regions I and II in Zambia — 2023 Annual Performance Report for FP072: Strengthening climate resilience of agricultural livelihoods in Agro-Ecological Regions I and II in Zambia,https://cdn.climatepolicyradar.org/navigator/ZMB/2018/strengthening-climate-resilience-of-agricultural-livelihoods-in-agro-ecological-regions-i-and-ii-in-zambia_9163b6169a7f3dacf20b8cefb78cd6d0.pdf,2018-03-01T00:00:00Z,Performance report,ZMB,FP072,https://climateprojectexplorer.org/document/strengthening-climate-resilience-of-agricultural-livelihoods-in-agro-ecological-regions-i-and-ii-in-zambia_d4ef,https://www.greenclimate.fund/sites/default/files/document/fp072-annual-performance-report-cy2023.pdf,application/pdf,9163b6169a7f3dacf20b8cefb78cd6d0,GCF.family.FP072.14990,2018,parked_progress
GCF.document.FP072_14990.21089,Strengthening climate resilience of agricultural livelihoods in Agro-Ecological Regions I and II in Zambia — 2024 Annual Performance Report for FP072: Strengthening climate resilience of agricultural livelihoods in Agro-Ecological Regions I and II in Zambia,https://cdn.climatepolicyradar.org/navigator/ZMB/2018/strengthening-climate-resilience-of-agricultural-livelihoods-in-agro-ecological-regions-i-and-ii-in-zambia_4011df4b59d2764b9f6834342e740828.pdf,2018-03-01T00:00:00Z,Performance report,ZMB,FP072,https://climateprojectexplorer.org/document/strengthening-climate-resilience-of-agricultural-livelihoods-in-agro-ecological-regions-i-and-ii-in-zambia_d4ef,https://www.greenclimate.fund/sites/default/files/document/fp072-50778-annual-performance-report-cy2024-v1.pdf,application/pdf,4011df4b59d2764b9f6834342e740828,GCF.family.FP072.14990,2018,parked_progress
GCF.document.FP072_14990.21529,Strengthening climate resilience of agricultural livelihoods in Agro-Ecological Regions I and II in Zambia — Interim evaluation report for FP072: Strengthening climate resilience of agricultural livelihoods in Agro-Ecological Regions I and II in Zambia,https://cdn.climatepolicyradar.org/navigator/ZMB/2018/strengthening-climate-resilience-of-agricultural-livelihoods-in-agro-ecological-regions-i-and-ii-in-zambia_2304504a85f888726f1354002be9956f.pdf,2018-03-01T00:00:00Z,Interim evaluation report for FP072: Strengthening climate resilience of agricultural livelihoods in Agro-Ecological Regions I and II in Zambia,ZMB,FP072,https://climateprojectexplorer.org/document/strengthening-climate-resilience-of-agricultural-livelihoods-in-agro-ecological-regions-i-and-ii-in-zambia_d4ef,https://www.greenclimate.fund/sites/default/files/document/fp072-interim-evaluation-report-pub.pdf,application/pdf,2304504a85f888726f1354002be9956f,GCF.family.FP072.14990,2018,parked
GCF.document.FP080_17500.6339,Zambia Renewable Energy Financing Framework — Zambia renewable energy financing framework,https://cdn.climatepolicyradar.org/navigator/ZMB/2018/zambia-renewable-energy-financing-framework_7386195cd3b5354e9cfe2200b911359b.pdf,2018-03-01T00:00:00Z,Zambia renewable energy financing framework,ZMB,FP080,https://climateprojectexplorer.org/document/zambia-renewable-energy-financing-framework_da26,https://www.greenclimate.fund/sites/default/files/document/funding-proposal-fp080-afdb-zambia.pdf,application/pdf,7386195cd3b5354e9cfe2200b911359b,GCF.family.FP080.17500,2018,parked
GCF.document.FP080_17500.6179,Zambia Renewable Energy Financing Framework — Gender assessment for FP080: Zambia Renewable Energy Financing Framework,https://cdn.climatepolicyradar.org/navigator/ZMB/2018/zambia-renewable-energy-financing-framework_845965503ecfbafb8e5c03286d27a6cb.pdf,2018-03-01T00:00:00Z,Gender assessment for FP080: Zambia Renewable Energy Financing Framework,ZMB,FP080,https://climateprojectexplorer.org/document/zambia-renewable-energy-financing-framework_da26,https://www.greenclimate.fund/sites/default/files/document/gender-assessment-fp080-afdb-zambia.pdf,application/pdf,845965503ecfbafb8e5c03286d27a6cb,GCF.family.FP080.17500,2018,parked
GCF.document.FP080_17500.6217,Zambia Renewable Energy Financing Framework — Gender action plan for FP080: Zambia Renewable Energy Financing Framework,https://cdn.climatepolicyradar.org/navigator/ZMB/2018/zambia-renewable-energy-financing-framework_b2abeec8a62b46118cf78090b027473f.pdf,2018-03-01T00:00:00Z,Gender action plan for FP080: Zambia Renewable Energy Financing Framework,ZMB,FP080,https://climateprojectexplorer.org/document/zambia-renewable-energy-financing-framework_da26,https://www.greenclimate.fund/sites/default/files/document/gender-action-plan-fp080-afdb-zambia.pdf,application/pdf,b2abeec8a62b46118cf78090b027473f,GCF.family.FP080.17500,2018,parked
GCF.document.FP080_17500.17322,Zambia Renewable Energy Financing Framework — 2022 Annual Performance Report for FP080: Zambia Renewable Energy Financing Framework,https://cdn.climatepolicyradar.org/navigator/ZMB/2018/zambia-renewable-energy-financing-framework_550422f2c3747b41ba3e187d17ea17aa.pdf,2018-03-01T00:00:00Z,Performance report,ZMB,FP080,https://climateprojectexplorer.org/document/zambia-renewable-energy-financing-framework_da26,https://www.greenclimate.fund/sites/default/files/document/fp080-annual-performance-report-cy2022-v.pdf,application/pdf,550422f2c3747b41ba3e187d17ea17aa,GCF.family.FP080.17500,2018,parked_progress
GCF.document.FP080_17500.19991,Zambia Renewable Energy Financing Framework — 2023 Annual Performance Report for FP080: Zambia Renewable Energy Financing Framework,https://cdn.climatepolicyradar.org/navigator/ZMB/2018/zambia-renewable-energy-financing-framework_ab2f7bdd96dddb59653cb73e151890ff.pdf,2018-03-01T00:00:00Z,Performance report,ZMB,FP080,https://climateprojectexplorer.org/document/zambia-renewable-energy-financing-framework_da26,https://www.greenclimate.fund/sites/default/files/document/fp080-annual-performance-report-cy2023.pdf,application/pdf,ab2f7bdd96dddb59653cb73e151890ff,GCF.family.FP080.17500,2018,parked_progress
GCF.document.FP080_17500.21093,Zambia Renewable Energy Financing Framework — 2024 Annual Performance Report for FP080: Zambia Renewable Energy Financing Framework,https://cdn.climatepolicyradar.org/navigator/ZMB/2018/zambia-renewable-energy-financing-framework_ec5a27d5526eed06e08d9df36399c126.pdf,2018-03-01T00:00:00Z,Performance report,ZMB,FP080,https://climateprojectexplorer.org/document/zambia-renewable-energy-financing-framework_da26,https://www.greenclimate.fund/sites/default/files/document/fp080-50785-annual-performance-report-cy2024-v1.pdf,application/pdf,ec5a27d5526eed06e08d9df36399c126,GCF.family.FP080.17500,2018,parked_progress
GCF.document.SAP007_19290.10249,Integrated Climate Risk Management for Food Security and Livelihoods in Zimbabwe focusing on Masvingo and Rushinga Districts — Integrated Climate Risk Management for Food Security and Livelihoods in Zimbabwe focusing on Masvingo and Rushinga Districts,https://cdn.climatepolicyradar.org/navigator/ZWE/2019/integrated-climate-risk-management-for-food-security-and-livelihoods-in-zimbabwe-focusing-on-masvingo-and-rushinga-districts_9f00617bc37c63badfc9afce240369fb.pdf,2019-01-01T00:00:00Z,Integrated Climate Risk Management for Food Security and Livelihoods in Zimbabwe focusing on Masvingo and Rushinga Districts,ZWE,SAP007,https://climateprojectexplorer.org/document/integrated-climate-risk-management-for-food-security-and-livelihoods-in-zimbabwe-focusing-on-masvingo-and-rushinga-districts_e1fa,https://www.greenclimate.fund/sites/default/files/document/funding-proposal-sap007-wfp-zimbabwe.pdf,application/pdf,9f00617bc37c63badfc9afce240369fb,GCF.family.SAP007.19290,2019,parked
GCF.document.SAP007_19290.9957,Integrated Climate Risk Management for Food Security and Livelihoods in Zimbabwe focusing on Masvingo and Rushinga Districts — Gender assessment for SAP007: Integrated climate risk management for food security and livelihoods in Zimbabwe focusing on Masvingo and Rushinga Districts,https://cdn.climatepolicyradar.org/navigator/ZWE/2019/integrated-climate-risk-management-for-food-security-and-livelihoods-in-zimbabwe-focusing-on-masvingo-and-rushinga-districts_ccf7164a819afddc7ad6f5796020d173.pdf,2019-01-01T00:00:00Z,Gender assessment for SAP007: Integrated climate risk management for food security and livelihoods in Zimbabwe focusing on Masvingo and Rushinga Districts,ZWE,SAP007,https://climateprojectexplorer.org/document/integrated-climate-risk-management-for-food-security-and-livelihoods-in-zimbabwe-focusing-on-masvingo-and-rushinga-districts_e1fa,https://www.greenclimate.fund/sites/default/files/document/gender-assessment-sap007-wfp-zimbabwe.pdf,application/pdf,ccf7164a819afddc7ad6f5796020d173,GCF.family.SAP007.19290,2019,parked
GCF.document.SAP007_19290.9963,Integrated Climate Risk Management for Food Security and Livelihoods in Zimbabwe focusing on Masvingo and Rushinga Districts — Gender action plan for SAP007: Integrated climate risk management for food security and livelihoods in Zimbabwe focusing on Masvingo and Rushinga Districts,https://cdn.climatepolicyradar.org/navigator/ZWE/2019/integrated-climate-risk-management-for-food-security-and-livelihoods-in-zimbabwe-focusing-on-masvingo-and-rushinga-districts_e23668cd9b0b3ffa573d708328a2bdab.pdf,2019-01-01T00:00:00Z,Gender action plan for SAP007: Integrated climate risk management for food security and livelihoods in Zimbabwe focusing on Masvingo and Rushinga Districts,ZWE,SAP007,https://climateprojectexplorer.org/document/integrated-climate-risk-management-for-food-security-and-livelihoods-in-zimbabwe-focusing-on-masvingo-and-rushinga-districts_e1fa,https://www.greenclimate.fund/sites/default/files/document/gender-action-and-plans-sap007-wfp-zimbabwe.pdf,application/pdf,e23668cd9b0b3ffa573d708328a2bdab,GCF.family.SAP007.19290,2019,parked
GCF.document.SAP007_19290.14530,Integrated Climate Risk Management for Food Security and Livelihoods in Zimbabwe focusing on Masvingo and Rushinga Districts — 2021 Annual Performance Report for SAP007: Integrated Climate Risk Management for Food Security and Livelihoods in Zimbabwe focusing on Masvingo and Rushinga Districts,https://cdn.climatepolicyradar.org/navigator/ZWE/2019/integrated-climate-risk-management-for-food-security-and-livelihoods-in-zimbabwe-focusing-on-masvingo-and-rushinga-districts_69f1175bc129a4838556ce671930e201.pdf,2019-01-01T00:00:00Z,Performance report,ZWE,SAP007,https://climateprojectexplorer.org/document/integrated-climate-risk-management-for-food-security-and-livelihoods-in-zimbabwe-focusing-on-masvingo-and-rushinga-districts_e1fa,https://www.greenclimate.fund/sites/default/files/document/sap007-annual-performance-report-cy2021.pdf,application/pdf,69f1175bc129a4838556ce671930e201,GCF.family.SAP007.19290,2019,parked_progress
GCF.document.SAP007_19290.16322,Integrated Climate Risk Management for Food Security and Livelihoods in Zimbabwe focusing on Masvingo and Rushinga Districts — 2022 Annual Performance Report for SAP007: Integrated Climate Risk Management for Food Security and Livelihoods in Zimbabwe focusing on Masvingo and Rushinga Districts,https://cdn.climatepolicyradar.org/navigator/ZWE/2019/integrated-climate-risk-management-for-food-security-and-livelihoods-in-zimbabwe-focusing-on-masvingo-and-rushinga-districts_d3a351bdbfcc561e468923af449f2ed4.pdf,2019-01-01T00:00:00Z,Performance report,ZWE,SAP007,https://climateprojectexplorer.org/document/integrated-climate-risk-management-for-food-security-and-livelihoods-in-zimbabwe-focusing-on-masvingo-and-rushinga-districts_e1fa,https://www.greenclimate.fund/sites/default/files/document/sap007-annual-performance-report-cy2022-v.pdf,application/pdf,d3a351bdbfcc561e468923af449f2ed4,GCF.family.SAP007.19290,2019,parked_progress
GCF.document.SAP007_19290.20042,Integrated Climate Risk Management for Food Security and Livelihoods in Zimbabwe focusing on Masvingo and Rushinga Districts — 2023 Annual Performance Report for SAP007: Integrated Climate Risk Management for Food Security and Livelihoods in Zimbabwe focusing on Masvingo and Rushinga Districts,https://cdn.climatepolicyradar.org/navigator/ZWE/2019/integrated-climate-risk-management-for-food-security-and-livelihoods-in-zimbabwe-focusing-on-masvingo-and-rushinga-districts_485f4bae34654f423992b20b1ed1f2d9.pdf,2019-01-01T00:00:00Z,Performance report,ZWE,SAP007,https://climateprojectexplorer.org/document/integrated-climate-risk-management-for-food-security-and-livelihoods-in-zimbabwe-focusing-on-masvingo-and-rushinga-districts_e1fa,https://www.greenclimate.fund/sites/default/files/document/sap007-annual-performance-report-cy2023.pdf,application/pdf,485f4bae34654f423992b20b1ed1f2d9,GCF.family.SAP007.19290,2019,parked_progress
GCF.document.SAP007_19290.21186,Integrated Climate Risk Management for Food Security and Livelihoods in Zimbabwe focusing on Masvingo and Rushinga Districts — 2024 Annual Performance Report for SAP007: Integrated Climate Risk Management for Food Security and Livelihoods in Zimbabwe focusing on Masvingo and Rushinga Districts,https://cdn.climatepolicyradar.org/navigator/ZWE/2019/integrated-climate-risk-management-for-food-security-and-livelihoods-in-zimbabwe-focusing-on-masvingo-and-rushinga-districts_c34e356a211014a6aab80408682b7ba7.pdf,2019-01-01T00:00:00Z,Performance report,ZWE,SAP007,https://climateprojectexplorer.org/document/integrated-climate-risk-management-for-food-security-and-livelihoods-in-zimbabwe-focusing-on-masvingo-and-rushinga-districts_e1fa,https://www.greenclimate.fund/sites/default/files/document/sap007-50923-annual-performance-report-cy2024-v2.pdf,application/pdf,c34e356a211014a6aab80408682b7ba7,GCF.family.SAP007.19290,2019,parked_progress
GCF.document.SAP007_19290.21542,Integrated Climate Risk Management for Food Security and Livelihoods in Zimbabwe focusing on Masvingo and Rushinga Districts — Interim evaluation report for SAP007: Integrated Climate Risk Management for Food Security and Livelihoods in Zimbabwe focusing on Masvingo and Rushinga Districts,https://cdn.climatepolicyradar.org/navigator/ZWE/2019/integrated-climate-risk-management-for-food-security-and-livelihoods-in-zimbabwe-focusing-on-masvingo-and-rushinga-districts_c4da51c7a873d9b0fb2c5dd07ad427a8.pdf,2019-01-01T00:00:00Z,Interim evaluation report for SAP007: Integrated Climate Risk Management for Food Security and Livelihoods in Zimbabwe focusing on Masvingo and Rushinga Districts,ZWE,SAP007,https://climateprojectexplorer.org/document/integrated-climate-risk-management-for-food-security-and-livelihoods-in-zimbabwe-focusing-on-masvingo-and-rushinga-districts_e1fa,https://www.greenclimate.fund/sites/default/files/document/sap007-interim-evaluation-report-pub.pdf,application/pdf,c4da51c7a873d9b0fb2c5dd07ad427a8,GCF.family.SAP007.19290,2019,parked
