source,filename,doc_kind_stated,screened_type,screened_year,project_name,language,verdict,note,implied_type,implied_year
worldbank,worldbank_3W-GEF_-_Africa_-_2nd_phase_fish_GBissau_--_P119380_Implementation_Completion_and_Results_Report_2018.pdf,IMPLEMENTATION COMPLETION AND RESULTS REPORT,implementation completion report,2018,SECOND APL (APL-B1) WEST AF. REG. FISHERIES PROGRAM (GUINEA BISSAU) (P119380),en,OK,,implementation completion report,2018
worldbank,worldbank_3W-Regional_Sahel_Pastoralism_Support_Project_--_P147674_Implementation_Completion_and_Results_Report_2022.pdf,IMPLEMENTATION COMPLETION AND RESULTS REPORT,implementation completion report,2022,REGIONAL SAHEL PASTORALISM SUPPORT PROJECT,en,OK,,implementation completion report,2022
worldbank,worldbank_3W-Sahel_Irrigation_Initiative_Support_Project_--_P154482_Implementation_Completion_and_Results_Report_2025.pdf,IMPLEMENTATION COMPLETION AND RESULTS REPORT,implementation completion report,2025,Sahel Irrigation Initiative Support Project,en,OK,,implementation completion report,2025
worldbank,worldbank_BF-Burkina_Faso_-_Bagre_Growth_Pole_Project_--_P119662_Implementation_Completion_and_Results_Report_2021.pdf,IMPLEMENTATION COMPLETION AND RESULTS REPORT,implementation completion report,2021,BAGRÉ GROWTH POLE PROJECT,en,OK,,implementation completion report,2021
worldbank,worldbank_BI-Burundi_Coffee_Sector_Competitiveness_Project_--_P151869_Implementation_Completion_and_Results_Report_2022.pdf,IMPLEMENTATION COMPLETION AND RESULTS REPORT,implementation completion report,2022,COFFEE SECTOR COMPETITIVENESS PROJECT,en,OK,,implementation completion report,2022
worldbank,worldbank_BJ-Agricultural_Productivity_and_Diversification_--_P115886_Implementation_Completion_and_Results_Report_2022.pdf,IMPLEMENTATION COMPLETION AND RESULTS REPORT,implementation completion report,2022,BENIN AGRICULTURAL PRODUCTIVITY AND DIVERSIFICATION PROJECT,en,OK,,implementation completion report,2022
worldbank,worldbank_BJ-Benin_Second_Fiscal_Reform_and_Growth_DPF_--_P166115_Implementation_Completion_and_Results_Report_2020.pdf,IMPLEMENTATION COMPLETION AND RESULTS REPORT,implementation completion report,2020,Benin First and Second Fiscal Reform and Growth DPF (P160700; P166115; P167278),en,OK,,implementation completion report,2020
worldbank,worldbank_burkina_faso_cote_divoire_nigeria_and_coraf_second_27709252_ICR_2017.pdf,IMPLEMENTATION COMPLETION AND RESULTS REPORT,implementation completion report,2017,THE 2ND SERIES OF PROJECT UNDER THE FIRST PHASE OF THE WEST AFRICA AGRICULTURAL PRODUCTIVITY PROGRAM (WAAPP-1B),en,OK,,implementation completion report,2017
worldbank,worldbank_CF-State_Consolidation_Development_Program_2_--_P164442_Implementation_Completion_and_Results_Report_2020.pdf,IMPLEMENTATION COMPLETION AND RESULTS REPORT,implementation completion report,2020,First and Second State Consolidation Development Program,en,OK,,implementation completion report,2020
worldbank,worldbank_CI-Cashew_Value_Chain_Competitiveness_Project_--_P158810_Implementation_Completion_and_Results_Report_2026.pdf,IMPLEMENTATION COMPLETION AND RESULTS REPORT,implementation completion report,2026,Cashew Value Chain Competitiveness Project (P158810),en,OK,,implementation completion report,2026
worldbank,worldbank_CI-CI_Cote_d_Ivoire_E-Agriculture_Project_--_P160418_Implementation_Completion_and_Results_Report_2024.pdf,IMPLEMENTATION COMPLETION AND RESULTS REPORT,implementation completion report,2024,CI: Cote d'Ivoire E-Agriculture Project,en,OK,,implementation completion report,2024
worldbank,worldbank_CM-CM-Agricultural_Competitiveness_Project_--_P112635_Implementation_Completion_and_Results_Report_2017.pdf,IMPLEMENTATION COMPLETION AND RESULTS REPORT,implementation completion report,2017,Agricultural Competitiveness Project,en,OK,,implementation completion report,2017
worldbank,worldbank_CM-Livestock_Development_Project_--_P154908_Implementation_Completion_and_Results_Report_2024.pdf,IMPLEMENTATION COMPLETION AND RESULTS REPORT,implementation completion report,2024,Livestock Development Project,en,OK,,implementation completion report,2024
worldbank,worldbank_EG-EGYPT-Farm-level_Irrigation_Modernization_--_P117745_Implementation_Completion_and_Results_Report_2018.pdf,IMPLEMENTATION COMPLETION AND RESULTS REPORT,implementation completion report,2018,EGYPT-FARM-LEVEL IRRIGATION MODERNIZATION (P117745),en,OK,,implementation completion report,2018
worldbank,worldbank_ET-ET_Agricultural_Growth_Program_--_P113032_Implementation_Completion_and_Results_Report_2017.pdf,IMPLEMENTATION COMPLETION AND RESULTS REPORT,implementation completion report,2017,ET: Agricultural Growth Project,en,OK,,implementation completion report,2017
worldbank,worldbank_ET-Productive_Safety_Net_APL_III_--_P113220_Implementation_Completion_and_Results_Report_2016.pdf,IMPLEMENTATION COMPLETION AND RESULTS REPORT,implementation completion report,2016,Productive Safety Net APL III Project,en,OK,,implementation completion report,2016
worldbank,worldbank_GH-Land_Administration_Project_-_2_--_P120636_Implementation_Completion_and_Results_Report_2018.pdf,IMPLEMENTATION COMPLETION AND RESULTS REPORT,implementation completion report,2018,Land Administration Project – 2,en,OK,,implementation completion report,2018
worldbank,worldbank_GH-Land_Administration_Project_-_2_--_P120636_Implementation_Completion_and_Results_Report_2020.pdf,IMPLEMENTATION COMPLETION AND RESULTS REPORT,implementation completion report,2020,Land Administration Project – 2,en,OK,,implementation completion report,2020
worldbank,worldbank_GN-Guinea_Agricultural_Support_Project_--_P148114_Implementation_Completion_and_Results_Report_2020.pdf,IMPLEMENTATION COMPLETION AND RESULTS REPORT,implementation completion report,2020,Agriculture Sector Support Project ( P119308 ),en,OK,,implementation completion report,2020
worldbank,worldbank_GW-Rural_Community-Driven_Development_Project_--_P090712_Implementation_Completion_and_Results_Report_2020.pdf,IMPLEMENTATION COMPLETION AND RESULTS REPORT,implementation completion report,2020,RURAL COMMUNITY-DRIVEN DEVELOPMENT PROJECT,en,OK,,implementation completion report,2020
worldbank,worldbank_GW-Second_Emergency_Food_Security_Support_Project_--_P148886_Implementation_Completion_and_Results_Report_2016.pdf,IMPLEMENTATION COMPLETION AND RESULTS REPORT,implementation completion report,2016,SECOND EMERGENCY FOOD SECURITY SUPPORT PROJECT,en,OK,,implementation completion report,2016
worldbank,worldbank_KE-Kenya_Climate_Smart_Agriculture_Project_--_P154784_Implementation_Completion_and_Results_Report_2024.pdf,IMPLEMENTATION COMPLETION AND RESULTS REPORT,implementation completion report,2024,Kenya Climate Smart Agriculture Project,en,OK,,implementation completion report,2024
worldbank,worldbank_KE-Kenya_Coastal_Development_Proejct_--_P094692_Implementation_Completion_and_Results_Report_2017.pdf,IMPLEMENTATION COMPLETION AND RESULTS REPORT,implementation completion report,2017,KENYA COASTAL DEVELOPMENT PROJECT ( P094692 ),en,OK,,implementation completion report,2017
worldbank,worldbank_KE-Western_Kenya_CDD_and_Flood_Mitigation_Project_--_P074106_Implementation_Completion_and_Results_Report_2016.pdf,IMPLEMENTATION COMPLETION AND RESULTS REPORT,implementation completion report,2016,WESTERN KENYA COMMUNITY DRIVEN DEVELOPMENT AND FLOOD MITIGATION PROJECT,en,OK,,implementation completion report,2016
worldbank,worldbank_MA-Strengthening_Agri-Food_Value_Chains_--_P158346_Implementation_Completion_and_Results_Report_2025.pdf,IMPLEMENTATION COMPLETION AND RESULTS REPORT,implementation completion report,2025,Strengthening Agri-Food Value Chains (P158346),en,OK,,implementation completion report,2025
worldbank,worldbank_ML-Mali-Fostering_Agricultural_Productivity_--_P095091_Implementation_Completion_and_Results_Report_2020.pdf,IMPLEMENTATION COMPLETION AND RESULTS REPORT,implementation completion report,2020,Mali-Fostering Agricultural Productivity Project,en,OK,,implementation completion report,2020
worldbank,worldbank_MR-Nouadhibou_Eco-Seafood_Cluster_Project_--_P151058_Implementation_Completion_and_Results_Report_2022.pdf,IMPLEMENTATION COMPLETION AND RESULTS REPORT,implementation completion report,2022,Nouadhibou Eco-Seafood Cluster Project (P151058),en,OK,,implementation completion report,2022
worldbank,worldbank_MW-Malawi_Agricultural_Commercialization_Project_--_P158434_Implementation_Completion_and_Results_Report_2025.pdf,IMPLEMENTATION COMPLETION AND RESULTS REPORT,implementation completion report,2025,Malawi Agricultural Commercialization Project (P158434),en,OK,,implementation completion report,2025
worldbank,worldbank_MZ-MZ_PROIRRI_Sustainable_Irrigation_Development_--_P107598_Implementation_Completion_and_Results_Report_2019.pdf,IMPLEMENTATION COMPLETION AND RESULTS REPORT,implementation completion report,2019,MZ PROIRRI SUSTAINABLE IRRIGATION DEVELOPMENT,en,OK,,implementation completion report,2019
worldbank,worldbank_NE-Climate_Smart_Agriculture_Support_Project_--_P153420_Implementation_Completion_and_Results_Report_2023.pdf,IMPLEMENTATION COMPLETION AND RESULTS REPORT,implementation completion report,2023,ClimateSmart Agriculture Support Project,en,OK,,implementation completion report,2023
worldbank,worldbank_NE-NIGER_COMMUNITY_ACTION_PROGRAM_PHASE_3_--_P132306_Implementation_Completion_and_Results_Report_2021.pdf,IMPLEMENTATION COMPLETION AND RESULTS REPORT,implementation completion report,2021,Niger Community Action Program Phase 3,en,OK,,implementation completion report,2021
worldbank,worldbank_NG-NG-RURAL_ACCESS_MOBILITY_PROJECT-Phase_2_--_P095003_Implementation_Completion_and_Results_Report_2021.pdf,IMPLEMENTATION COMPLETION AND RESULTS REPORT,implementation completion report,2021,NG-RURAL ACCESS & MOBILITY PROJECT - Phase 2,en,OK,,implementation completion report,2021
worldbank,worldbank_P069896-P132431_30329891_ICR_2018.pdf,Document of The World Bank,implementation completion report,2018,BENIN FOREST AND ADJACENT LAND MANAGEMENT PROJECT,en,OK,,implementation completion report,2018
worldbank,worldbank_P073977_27056630_ICR_2016.pdf,Document of The World Bank,implementation completion report,2016,EGYPT-INTEGRATED IRRIGATION IMPROVEMENT AND MANAGEMENT PROJECT,en,OK,,implementation completion report,2016
worldbank,worldbank_P074086-P088887_24817072_ICR_2015.pdf,Document of The World Bank,implementation completion report,2015,IRRIGATION AND WATERSHED MANAGEMENT PROJECT,en,OK,,implementation completion report,2015
worldbank,worldbank_P081567_29935018_ICR_2018.pdf,Document of The World Bank,implementation completion report,2018,AGRICULTURAL DIVERSIFICATION AND MARKET DEVELOPMENT PROJECT,en,OK,,implementation completion report,2018
worldbank,worldbank_P081704_25737463_ICR_2015.pdf,Document of The World Bank,implementation completion report,2015,AGRICULTURAL COMPETITIVENESS AND DIVERSIFICATION PROJECT,en,OK,,implementation completion report,2015
worldbank,worldbank_P083609_25954642_ICR_2015.pdf,Document of The World Bank,implementation completion report,2015,AGRICULTURAL MARKETS AND AGRIBUSINESS DEVELOPMENT PROJECT,en,OK,,implementation completion report,2015
worldbank,worldbank_P084148_25703753_ICR_2015.pdf,Document of The World Bank,implementation completion report,2015,"IRRIGATION, RURAL LIVELIHOODS AND AGRICULTURAL DEVELOPMENT PROJECT",en,OK,,implementation completion report,2015
worldbank,worldbank_P085752_27420049_ICR_2017.pdf,Document of The World Bank,implementation completion report,2017,AGRICULTURAL SECTOR DEVELOPMENT PROJECT,en,OK,,implementation completion report,2017
worldbank,worldbank_P086660_30239742_ICR_2018.pdf,Document of The World Bank FOR OFFICIAL USE ONLY,implementation completion report,2018,Tunisia Second Natural Resources Management Project,en,OK,,implementation completion report,2018
worldbank,worldbank_P087304_30329890_ICR_2018.pdf,Document of The World Bank FOR OFFICIAL USE ONLY,implementation completion report,2018,DAKAR DIAMNIADIO TOLL HIGHWAY ( P087304 ),en,OK,,implementation completion report,2018
worldbank,worldbank_P088600_27708133_ICR_2017.pdf,Document of The World Bank,implementation completion report,2017,KENYA AGRICULTURAL PRODUCTIVITY AND SUSTAINABLE LAND MANAGEMENT PROJECT,en,OK,,implementation completion report,2017
worldbank,worldbank_P091979_29773699_ICR_2018.pdf,Document of The World Bank FOR OFFICIAL USE ONLY,implementation completion report,2018,KENYA ADAPTATION TO CLIMATE CHANGE IN ARID AND SEMI-ARID LANDS (KACCAL) PROJECT,en,YEAR_MISMATCH,,implementation completion report,1979
worldbank,worldbank_P092353_30770997_ICR_2019.pdf,Document of The World Bank FOR OFFICIAL USE ONLY,implementation completion report,2019,IRRIGATION AND DRAINAGE PROJECT ( P092353 ),en,OK,,implementation completion report,2019
worldbank,worldbank_P092724_33763088_ICR_2022.pdf,Document of The World Bank FOR OFFICIAL USE ONLY,implementation completion report,2022,DRC - AGRICULTURE REHABILITATION AND RECOVERY SUPPORT PROJECT,en,OK,,implementation completion report,2022
worldbank,worldbank_P093699_26837658_ICR_2016.pdf,Document of The World Bank FOR OFFICIAL USE ONLY,implementation completion report,2016,MARKET ORIENTED SMALLHOLDER AGRICULTURE PROJECT,en,OK,,implementation completion report,2016
worldbank,worldbank_P093719_30251567_ICR_2018.pdf,Document of The World Bank FOR OFFICIAL USE ONLY,implementation completion report,2018,MA-MODERNIZATION OF IRRIGATED AGRICULTURE IN THE OUM ER RBIA BASIN (P093719),en,OK,,implementation completion report,2018
worldbank,worldbank_P094183_32311200_ICR_2020.pdf,Document of The World Bank,implementation completion report,2020,Agricultural Productivity Program for Southern Africa (APPSA),en,OK,,implementation completion report,2020
worldbank,worldbank_P095210_29871085_ICR_2018.pdf,Document of The World Bank,implementation completion report,2018,NIGER AGRO-PASTORAL EXPORT AND MARKET DEVELOPMENT PROJECT (P095210),en,OK,,implementation completion report,2018
worldbank,worldbank_P095232_31702800_ICR_2019.pdf,Document of The World Bank,implementation completion report,2019,Swaziland Local Government Project (SLGP),en,OK,,implementation completion report,2019
worldbank,worldbank_P095251_28131995_ICR_2017.pdf,Document of The World Bank,implementation completion report,2017,AGRICULTURAL DEVELOPMENT AND RURAL ROADS REHABILITATION PROJECT (P095251),en,YEAR_MISMATCH,,implementation completion report,1995
worldbank,worldbank_P095925_29302939_ICR_2017.pdf,Document of The World Bank,implementation completion report,2017,Alexandria Coastal Zone Management Project (ACZM),en,OK,,implementation completion report,2017
worldbank,worldbank_P096572_32544640_ICR_2020.pdf,Document of The World Bank,implementation completion report,2020,Third National Fadama Development (Fadama III) Project,en,OK,,implementation completion report,2020
worldbank,worldbank_P098538_33660543_ICR_2021.pdf,Document of The World Bank,implementation completion report,2021,Sustainable Land and Water Management Project,en,OK,,implementation completion report,2021
worldbank,worldbank_P100406-P103298_30727025_ICR_2018.pdf,Document of The World Bank,implementation completion report,2018,Lake Victoria Environmental Management Project II APL1 (P100406 and P103298),en,OK,,implementation completion report,2018
worldbank,worldbank_P100620-P111621_25715603_ICR_2015.pdf,IMPLEMENTATION COMPLETION AND RESULTS REPORT,implementation completion report,2015,FOREST AND NATURE CONSERVATION PROJECT,en,OK,,implementation completion report,2015
worldbank,worldbank_P104716_25875232_ICR_2016.pdf,IMPLEMENTATION COMPLETION AND RESULTS REPORT,implementation completion report,2016,AGRICULTURE AND INFRASTRUCTURE DEVELOPMENT PROJECT,en,OK,,implementation completion report,2016
worldbank,worldbank_P105256_27710308_ICR_2017.pdf,IMPLEMENTATION COMPLETION AND RESULTS REPORT,implementation completion report,2017,AGRICULTURE SECTOR WIDE APPROACH SUPPORT PROJECT,en,OK,,implementation completion report,2017
worldbank,worldbank_P106063-P108941_27520760_ICR_2017.pdf,IMPLEMENTATION COMPLETION AND RESULTS REPORT,implementation completion report,2017,FIRST PHASE IN SUPPORT OF THE WEST AFRICA REGIONAL FISHERIES PROGRAM (WARFP),en,OK,,implementation completion report,2017
worldbank,worldbank_P106228_24384889_ICR_2015.pdf,IMPLEMENTATION COMPLETION AND RESULTS REPORT,implementation completion report,2015,NUTRITION PROJECT,en,OK,,implementation completion report,2015
worldbank,worldbank_P107343_32565978_ICR_2020.pdf,IMPLEMENTATION COMPLETION AND RESULTS REPORT,implementation completion report,2020,AGRO-PASTORAL PRODUCTIVITY AND MARKETS DEVELOPMENT PROJECT,en,OK,,implementation completion report,2020
worldbank,worldbank_P107722_31045862_ICR_2019.pdf,IMPLEMENTATION COMPLETION AND RESULTS REPORT,implementation completion report,2019,DEVELOPMENT OF A NATIONAL STATISTICAL SYSTEM FOR TANZANIA,en,OK,,implementation completion report,2019
worldbank,worldbank_P109224_30845198_ICR_2019.pdf,IMPLEMENTATION COMPLETION AND RESULTS REPORT,implementation completion report,2019,AGRICULTURAL TECHNOLOGY AND AGRIBUSINESS ADVISORY SERVICES PROJECT,en,OK,,implementation completion report,2019
worldbank,worldbank_P109986_25715590_ICR_2015.pdf,Document of The World Bank,implementation completion report,2015,Water and Sanitation Millennium Project,en,OK,,implementation completion report,2015
worldbank,worldbank_P110959_33757973_ICR_2022.pdf,,implementation completion report,2022,Papua New Guinea Productive Partnerships in Agriculture Project - Cocoa Component,en,OK,,implementation completion report,2022
worldbank,worldbank_P111153_33112747_ICR_2021.pdf,Document of The World Bank,implementation completion report,2021,Tanzania Strategic Cities Project,en,OK,,implementation completion report,2021
worldbank,worldbank_P111155_33660527_ICR_2021.pdf,Document of The World Bank,implementation completion report,2021,Zanzibar Urban Services Project,en,OK,,implementation completion report,2021
worldbank,worldbank_P111592_31250667_ICR_2019.pdf,Document of The World Bank,implementation completion report,2019,Higher Education Science and Technology Project,en,OK,,implementation completion report,2019
worldbank,worldbank_P111669_30251549_ICR_2018.pdf,Document of The World Bank,implementation completion report,2018,SAO TOME - ADAPTATION TO CLIMATE CHANGE (P111669),en,OK,,implementation completion report,2018
worldbank,worldbank_P112600_31457367_ICR_2019.pdf,,implementation completion report,2019,AFCC2-RI-Association for Strengthening Agricultural Research in Eastern and Central Africa (ASARECA) Trust Fund,en,OK,,implementation completion report,2019
worldbank,worldbank_P112684_31222692_ICR_2019.pdf,Document of The World Bank,implementation completion report,2019,Forum for Agricultural Research in Africa (FARA) Trust Fund,en,OK,,implementation completion report,2019
worldbank,worldbank_P112688_26552213_ICR_2016.pdf,IMPLEMENTATION COMPLETION AND RESULTS REPORT (ICRR),implementation completion report,2016,EASTERN AFRICA AGRICULTURAL PRODUCTIVITY PROJECT (EAAPP-APL1 AND APL 1A),en,OK,,implementation completion report,2016
worldbank,worldbank_P112975_28032662_ICR_2017.pdf,IMPLEMENTATION COMPLETION AND RESULTS REPORT (IDA-4780),implementation completion report,2017,CAMEROON - COMPETITIVE VALUE CHAINS (P112975),en,OK,,implementation completion report,2017
worldbank,worldbank_P113145_29851653_ICR_2018.pdf,"IMPLEMENTATION COMPLETION AND RESULTS REPORT (IDA Credit: 4937-BJ, 5443-BJ, and 5642-BJ)",implementation completion report,2018,BENIN EMERGENCY URBAN ENVIRONMENT PROJECT (P113145),en,OK,,implementation completion report,2018
worldbank,worldbank_P113167_30808186_ICR_2019.pdf,IMPLEMENTATION COMPLETION AND RESULTS REPORT TF‐10038,implementation completion report,2019,Enhancing Institutional Capacities on REDD issues for Sustainable Forest Management in the Congo Basin,en,OK,,implementation completion report,2019
worldbank,worldbank_P113273_31250663_ICR_2019.pdf,IMPLEMENTATION COMPLETION AND RESULTS REPORT,implementation completion report,2019,LIBERIA SMALLHOLDER TREE CROP REVITALIZATION SUPPORT PROJECT,en,OK,,implementation completion report,2019
worldbank,worldbank_P113586_30889356_ICR_2019.pdf,IMPLEMENTATION COMPLETION AND RESULTS REPORT,implementation completion report,2019,SOUTHERN SUDAN EMERGENCY FOOD CRISIS RESPONSE PROJECT (P113586),en,OK,,implementation completion report,2019
worldbank,worldbank_P113629_31456716_ICR_2019.pdf,IMPLEMENTATION COMPLETION AND RESULTS REPORT TF071255,implementation completion report,2019,Centre for Coordination of Agricultural Research and Development for Southern Africa (CCARDESA),en,OK,,implementation completion report,2019
worldbank,worldbank_P113794_31325034_ICR_2019.pdf,IMPLEMENTATION COMPLETION AND RESULTS REPORT TF014701,implementation completion report,2019,Red Sea and Gulf of Aden Strategic Ecosystem Management Project,en,OK,,implementation completion report,2019
worldbank,worldbank_P113971_32255234_ICR_2020.pdf,IMPLEMENTATION COMPLETION AND RESULTS REPORT,implementation completion report,2020,Integrated Growth Poles and Corridor Project 2,en,OK,,implementation completion report,2020
worldbank,worldbank_P114236_32226950_ICR_2020.pdf,IMPLEMENTATION COMPLETION AND RESULTS REPORT,implementation completion report,2020,Burkina Faso Agricultural Productivity and Food Security Project,en,OK,,implementation completion report,2020
worldbank,worldbank_P114264_33853176_ICR_2022.pdf,IMPLEMENTATION COMPLETION AND RESULTS REPORT,implementation completion report,2022,Ghana Commercial Agriculture,en,OK,,implementation completion report,2022
worldbank,worldbank_P114931_30730778_ICR_2018.pdf,IMPLEMENTATION COMPLETION AND RESULTS REPORT,implementation completion report,2018,"LAND HUSBANDRY, WATER HARVESTING AND HILLSIDE IRRIGATION PROJECT",en,OK,,implementation completion report,2018
worldbank,worldbank_P116602_32183245_ICR_2020.pdf,IMPLEMENTATION COMPLETION AND RESULTS REPORT,implementation completion report,2020,URBAN LOCAL GOVERNMENT SUPPORT PROJECT,en,OK,,implementation completion report,2020
worldbank,worldbank_P117082_33700834_ICR_2021.pdf,IMPLEMENTATION COMPLETION AND RESULTS REPORT,implementation completion report,2021,Tunisia Northern Tunis Wastewater Project,en,OK,,implementation completion report,2021
worldbank,worldbank_P117355_32187236_ICR_2020.pdf,IMPLEMENTATION COMPLETION AND RESULTS REPORT,implementation completion report,2020,RURAL COMMUNITY DEVELOPENT AND WATER MOBILIZATION PROJECT (PRODERMO),en,OK,,implementation completion report,2020
worldbank,worldbank_P117635_40079232_ICR_2025.pdf,IMPLEMENTATION COMPLETION AND RESULTS REPORT,implementation completion report,2025,KENYA WATER SECURITY AND CLIMATE RESILIENCE PROJECT,en,OK,,implementation completion report,2025
worldbank,worldbank_P118316_30727023_ICR_2018.pdf,IMPLEMENTATION COMPLETION AND RESULTS REPORT,implementation completion report,2018,AFCC2/RI‐LAKE VICTORIA ENVIRONMENTAL MANAGEMENT PROJECT (BURUNDI AND RWANDA),en,OK,,implementation completion report,2018
worldbank,worldbank_P119140_29326525_ICR_2017.pdf,IMPLEMENTATION COMPLETION AND RESULTS REPORT,implementation completion report,2017,4TH NORTHWEST MOUNTAINOUS & FORESTED AREAS DEVELOPMENT PROJECT (PNO4),en,OK,,implementation completion report,2017
worldbank,worldbank_P119432_32795851_ICR_2021.pdf,IMPLEMENTATION COMPLETION AND RESULTS REPORT,implementation completion report,2021,LESOTHO SMALLHOLDER AGRICULTURE DEVELOPMENT PROJECT,en,OK,,implementation completion report,2021
worldbank,worldbank_P120517_33786571_ICR_2022.pdf,IMPLEMENTATION COMPLETION AND RESULTS REPORT,implementation completion report,2022,"Local Government Support, COVID-19 and Resilience Response project",en,OK,,implementation completion report,2022
worldbank,worldbank_P120629_31371556_ICR_2019.pdf,IMPLEMENTATION COMPLETION AND RESULTS REPORT,implementation completion report,2019,SECOND SUSTAINABLE AND PARTICIPATORY ENERGY MANAGEMENT PROJECT (P120629),en,OK,,implementation completion report,2019
worldbank,worldbank_P121271_30251564_ICR_2018.pdf,IMPLEMENTATION COMPLETION AND RESULTS REPORT,implementation completion report,2018,Integrated Coastal Zone Management Project (P121217),en,OK,,implementation completion report,2018
worldbank,worldbank_P121616_32793391_ICR_2021.pdf,IMPLEMENTATION COMPLETION AND RESULTS REPORT,implementation completion report,2020,LSMS-ISA Nigeria General Household Survey-Panel Component (P121616),en,OK,,implementation completion report,2021
worldbank,worldbank_P121917_31445156_ICR_2019.pdf,IMPLEMENTATION COMPLETION AND RESULTS REPORT (TF098543),implementation completion report,2019,MUNICIPAL SOLID WASTE CARBON FINANCE PROGRAM (P121917),en,YEAR_MISMATCH,,implementation completion report,1917
worldbank,worldbank_P122028_29863377_ICR_2018.pdf,IMPLEMENTATION COMPLETION AND RESULTS REPORT,implementation completion report,2018,Ouarzazate Concentrated Solar Power Project,en,YEAR_MISMATCH,,implementation completion report,2028
worldbank,worldbank_P122065_32209903_ICR_2020.pdf,IMPLEMENTATION COMPLETION AND RESULTS REPORT,implementation completion report,2020,The West Africa Agricultural Productivity Program APL (WAAPP-1C),en,YEAR_MISMATCH,,implementation completion report,2065
worldbank,worldbank_P122123_30726797_ICR_2018.pdf,IMPLEMENTATION COMPLETION AND RESULTS REPORT,implementation completion report,2018,Zambia: Livestock Development and Animal Health Project,en,OK,,implementation completion report,2018
worldbank,worldbank_P122841_32633457_ICR_2020.pdf,IMPLEMENTATION COMPLETION AND RESULTS REPORT,implementation completion report,2020,Stormwater Management and Climate Change Adaptation Project,en,OK,,implementation completion report,2020
worldbank,worldbank_P122950_33226126_ICR_2021.pdf,IMPLEMENTATION COMPLETION AND RESULTS REPORT (IDA-52740),implementation completion report,2021,Benin Cities Support Project,en,OK,,implementation completion report,2021
worldbank,worldbank_P123112_40080017_ICR_2025.pdf,IMPLEMENTATION COMPLETION AND RESULTS REPORT (IDA CREDIT NUMBER 5506-NG),implementation completion report,2025,Transforming Irrigation Management in Nigeria Project,en,OK,,implementation completion report,2025
worldbank,worldbank_P123201_32971761_ICR_2021.pdf,IMPLEMENTATION COMPLETION AND RESULTS REPORT,implementation completion report,2021,Cities and Climate Change Project,en,OK,,implementation completion report,2021
worldbank,worldbank_P124018_33691943_ICR_2021.pdf,IMPLEMENTATION COMPLETION AND RESULTS REPORT,implementation completion report,2021,Senegal - Sustainable and Inclusive Agribusiness Development Project,en,YEAR_MISMATCH,,implementation completion report,1943
worldbank,worldbank_P124715_33141513_ICR_2021.pdf,IMPLEMENTATION COMPLETION AND RESULTS REPORT,implementation completion report,2021,Emergency Infrastructure Renewal Project,en,OK,,implementation completion report,2021
worldbank,worldbank_P124720_33260986_ICR_2021.pdf,IMPLEMENTATION COMPLETION AND RESULTS REPORT,implementation completion report,2021,Western Growth Poles Project,en,OK,,implementation completion report,2021
worldbank,worldbank_P124775_30960087_ICR_2019.pdf,IMPLEMENTATION COMPLETION AND RESULTS REPORT,implementation completion report,2019,Ghana Project Under the First Phase of the West Africa Regional Fisheries Program (P124775),en,OK,,implementation completion report,2019
worldbank,worldbank_P125024_32223745_ICR_2020.pdf,IMPLEMENTATION COMPLETION AND RESULTS REPORT,implementation completion report,2020,Commercial Agriculture and Value Chain Management Project,en,OK,,implementation completion report,2020
worldbank,worldbank_P125237_30876803_ICR_2019.pdf,IMPLEMENTATION COMPLETION AND RESULTS REPORT,implementation completion report,2019,Malawi Nutrition and HIV/AIDS Project (P125237),en,OK,,implementation completion report,2019
worldbank,worldbank_P125669_33654946_ICR_2021.pdf,IMPLEMENTATION COMPLETION AND RESULTS REPORT,implementation completion report,2021,Community Action Project for Climate Resilience,en,OK,,implementation completion report,2021
worldbank,worldbank_P126361_32223772_ICR_2020.pdf,IMPLEMENTATION COMPLETION AND RESULTS REPORT,implementation completion report,2020,Kihansi Catchment Conservation and Management Project,en,OK,,implementation completion report,2020
worldbank,worldbank_P126773_33930673_ICR_2022.pdf,IMPLEMENTATION COMPLETION AND RESULTS REPORT,implementation completion report,2022,First Phase of the West Africa Regional Fisheries Program,en,OK,,implementation completion report,2022
worldbank,worldbank_P126974_33022269_ICR_2021.pdf,IMPLEMENTATION COMPLETION AND RESULTS REPORT,implementation completion report,2021,Africa Higher Education Centers of Excellence Project,en,OK,,implementation completion report,2021
worldbank,worldbank_P127086_33700819_ICR_2021.pdf,IMPLEMENTATION COMPLETION AND RESULTS REPORT,implementation completion report,2021,AFCRI-Sustainable Groundwater Management in SADC Member States,en,OK,,implementation completion report,2021
worldbank,worldbank_P127209_32223774_ICR_2020.pdf,IMPLEMENTATION COMPLETION AND RESULTS REPORT,implementation completion report,2020,Private Sector Rehabilitation & Agribusiness Development (PRSPDA),en,OK,,implementation completion report,2020
worldbank,worldbank_P127254_34076468_ICR_2023.pdf,IMPLEMENTATION COMPLETION AND RESULTS REPORT,implementation completion report,2023,Zambia Strengthening Climate Resilience (PPCR Phase II) Project,en,OK,,implementation completion report,2023
worldbank,worldbank_P127258_31057655_ICR_2019.pdf,IMPLEMENTATION COMPLETION AND RESULTS REPORT,implementation completion report,2019,Sustainable Coffee Landscape Project (P127258),en,OK,,implementation completion report,2019
worldbank,worldbank_P127303_32705465_ICR_2020.pdf,IMPLEMENTATION COMPLETION AND RESULTS REPORT,implementation completion report,2020,Integrated Growth Poles Project (IGPP - P127303),en,OK,,implementation completion report,2020
worldbank,worldbank_P128309_25886461_ICR_2016.pdf,IMPLEMENTATION COMPLETION AND RESULTS REPORT,implementation completion report,2016,Second Emergency Agricultural Productivity Project,en,OK,,implementation completion report,2016
worldbank,worldbank_P128831_30423490_ICR_2018.pdf,IMPLEMENTATION COMPLETION AND RESULTS REPORT,implementation completion report,2018,Madagascar-Irrigation and Watershed Management Project – PHRD,en,OK,,implementation completion report,2018
worldbank,worldbank_P128891_31205939_ICR_2019.pdf,IMPLEMENTATION COMPLETION AND RESULTS REPORT,implementation completion report,2019,Promoting Basic Services Phase III (PBS3) Project,en,OK,,implementation completion report,2019
worldbank,worldbank_P129000_27677310_ICR_2017.pdf,IMPLEMENTATION COMPLETION AND RESULTS REPORT,implementation completion report,2017,Rural Roads Project,en,OK,,implementation completion report,2017
worldbank,worldbank_P129408_34000931_ICR_2023.pdf,IMPLEMENTATION COMPLETION AND RESULTS REPORT,implementation completion report,2023,RI-Regional Pastoral Livelihoods Resilience Project,en,OK,,implementation completion report,2023
worldbank,worldbank_P129472_31871692_ICR_2020.pdf,IMPLEMENTATION COMPLETION AND RESULTS REPORT,implementation completion report,,Senegal Health & Nutrition Financing Project,en,OK,,implementation completion report,2020
worldbank,worldbank_P129565_31250706_ICR_2019.pdf,IMPLEMENTATION COMPLETION AND RESULTS REPORT,implementation completion report,2019,West Africa Agricultural Productivity Program (2A) Second Phase,en,OK,,implementation completion report,2019
worldbank,worldbank_P129688_31250955_ICR_2019.pdf,IMPLEMENTATION COMPLETION AND RESULTS REPORT,implementation completion report,2019,Third Phase (APL 3) of the Community-Based Rural Development Program in Support of the National Program for Decentralized Rural Development and Sustainable Land and Forestry Management Project,en,OK,,implementation completion report,2019
worldbank,worldbank_P129774_31250948_ICR_2019.pdf,IMPLEMENTATION COMPLETION AND RESULTS REPORT,implementation completion report,2019,Morocco Social and Integrated Agriculture Project,en,OK,,implementation completion report,2019
worldbank,worldbank_P130801_29955771_ICR_2018.pdf,IMPLEMENTATION COMPLETION AND RESULTS REPORT,implementation completion report,2018,The Second Phase of the Multicountry Regional Coordination on Improved Water Resources Management and Capacity Building Program - APL 2 (P130801),en,OK,,implementation completion report,2018
worldbank,worldbank_P130840_34462608_ICR_2025.pdf,IMPLEMENTATION COMPLETION AND RESULTS REPORT,implementation completion report,2025,Ibadan Urban Flood Management Project,en,OK,,implementation completion report,2025
worldbank,worldbank_P130888_31709192_ICR_2019.pdf,IMPLEMENTATION COMPLETION AND RESULTS REPORT,implementation completion report,2019,"BUILDING RESILIENCE THROUGH INNOVATION, COMMUNICATION & KNOWLEDGE SERVICES PROJECT",en,OK,,implementation completion report,2019
worldbank,worldbank_P131049_32160299_ICR_2020.pdf,IMPLEMENTATION COMPLETION AND RESULTS REPORT,implementation completion report,2020,PILOT PROGRAM FOR CLIMATE RESILIENCE: TRANSFORMING HYDROLOGICAL AND METEOROLOGICAL SERVICES PROJECT (P131049),en,OK,,implementation completion report,2020
worldbank,worldbank_P131194_33931780_ICR_2022.pdf,IMPLEMENTATION COMPLETION AND RESULTS REPORT,implementation completion report,2022,DJIBOUTI IMPROVING HEALTH SECTOR PERFORMANCE PROJECT,en,OK,,implementation completion report,2022
worldbank,worldbank_P131256_40003244_ICR_2025.pdf,IMPLEMENTATION COMPLETION AND RESULTS REPORT,implementation completion report,2025,MOROCCO NOOR SOLAR POWER PROJECT AND ADDITIONAL FINANCING,en,OK,,implementation completion report,2025
worldbank,worldbank_P131323_34312077_ICR_2024.pdf,IMPLEMENTATION COMPLETION AND RESULTS REPORT,implementation completion report,2024,SENEGAL RIVER BASIN MULTIPURPOSE WATER RESOURCES DEVELOPMENT PROJECT 2,en,YEAR_MISMATCH,,implementation completion report,2077
worldbank,worldbank_P131945_29557646_ICR_2018.pdf,IMPLEMENTATION COMPLETION AND RESULTS REPORT,implementation completion report,2017,"MADAGASCAR EMERGENCY SUPPORT TO CRITICAL EDUCATION, HEALTH AND NUTRITION SERVICES PROJECT",en,YEAR_MISMATCH,,implementation completion report,1945
worldbank,worldbank_P132101_31043791_ICR_2019.pdf,IMPLEMENTATION COMPLETION AND RESULTS REPORT,implementation completion report,2019,EMERGENCY INFRASTRUCTURE PRESERVATION & VULNERABILITY REDUCTION PROJECT,en,OK,,implementation completion report,2019
worldbank,worldbank_P132123_34074799_ICR_2023.pdf,IMPLEMENTATION COMPLETION AND RESULTS REPORT,implementation completion report,2023,SOUTH WEST INDIAN OCEAN FISHERIES GOVERNANCE AND SHARED GROWTH PROJECT 1,en,OK,,implementation completion report,2023
worldbank,worldbank_P132448_33844675_ICR_2022.pdf,IMPLEMENTATION COMPLETION AND RESULTS REPORT,implementation completion report,2022,NILE BASIN DISCOURSE ENGAGING CIVIL SOCIETY FOR SOCIAL AND CLIMATE RESILIENCE IN THE NILE BASIN PROJECT,en,OK,,implementation completion report,2022
worldbank,worldbank_P132998_30944551_ICR_2019.pdf,IMPLEMENTATION COMPLETION AND RESULTS REPORT,implementation completion report,2018,SUSTAINABLE LIVELIHOODS FOR RETURNEES AND HOST COMMUNITIES IN THE SENEGAL RIVER VALLEY (P132998),en,OK,,implementation completion report,2019
worldbank,worldbank_P133133_31490848_ICR_2019.pdf,IMPLEMENTATION COMPLETION AND RESULTS REPORT,implementation completion report,2019,SUSTAINABLE LAND MANAGEMENT PROJECT,en,OK,,implementation completion report,2019
worldbank,worldbank_P133424_33869511_ICR_2022.pdf,IMPLEMENTATION COMPLETION AND RESULTS REPORT,implementation completion report,2022,Public Financial Management Improvement and Consolidation Project,en,OK,,implementation completion report,2022
worldbank,worldbank_P133780_32466097_ICR_2020.pdf,IMPLEMENTATION COMPLETION AND RESULTS REPORT,implementation completion report,2020,Uganda Teacher and School Effectiveness Project,en,OK,,implementation completion report,2020
worldbank,worldbank_P143307_40056517_ICR_2025.pdf,IMPLEMENTATION COMPLETION AND RESULTS REPORT,implementation completion report,,REGIONAL GREAT LAKES INTEGRATED AGRICULTURE DEVELOPMENT PROJECT (P143307),en,OK,,implementation completion report,2025
worldbank,worldbank_P143324_30873243_ICR_2019.pdf,IMPLEMENTATION COMPLETION AND RESULTS REPORT (TF 014232) ON A SMALL GRANT,implementation completion report,2019,"An Innovative, Integrated Approach to Enhance Smallholder Family Nutrition (P143324)",en,OK,,implementation completion report,2019
worldbank,worldbank_P143367_30732963_ICR_2018.pdf,IMPLEMENTATION COMPLETION AND RESULTS REPORT,implementation completion report,2018,AFCC2/RI-African Forum for Agricultural Advisory Services Second Multi-Donor Trust Fund,en,OK,,implementation completion report,2018
worldbank,worldbank_P143417_33751928_ICR_2022.pdf,IMPLEMENTATION COMPLETION AND RESULTS REPORT,implementation completion report,2022,Agriculture Investment and Market Development Project,en,YEAR_MISMATCH,,implementation completion report,1928
worldbank,worldbank_P143650_32715527_ICR_2020.pdf,IMPLEMENTATION COMPLETION AND RESULTS REPORT,implementation completion report,2020,Maternal and Child Nutrition and Health Results Project (P143650),en,OK,,implementation completion report,2020
worldbank,worldbank_P143652_32010768_ICR_2020.pdf,IMPLEMENTATION COMPLETION AND RESULTS REPORT,implementation completion report,2020,Benin Multisectoral Food Health Nutrition Project,en,OK,,implementation completion report,2020
worldbank,worldbank_P143843_33040541_ICR_2021.pdf,IMPLEMENTATION COMPLETION AND RESULTS REPORT,implementation completion report,2021,Maternal and Child Health and Nutrition Services Support Project,en,OK,,implementation completion report,2021
worldbank,worldbank_P143914_33261097_ICR_2021.pdf,IMPLEMENTATION COMPLETION AND RESULTS REPORT,implementation completion report,2021,Gabon - Sustainable Management of Critical Wetlands Ecosystems,en,OK,,implementation completion report,2021
worldbank,worldbank_P143940_32967047_ICR_2021.pdf,IMPLEMENTATION COMPLETION AND RESULTS REPORT,implementation completion report,2021,Flood Emergency Project,en,OK,,implementation completion report,2021
worldbank,worldbank_P144497_33376363_ICR_2021.pdf,IMPLEMENTATION COMPLETION AND RESULTS REPORT,implementation completion report,2021,Expanding Rice Production Project,en,OK,,implementation completion report,2021
worldbank,worldbank_P144539_40070887_ICR_2025.pdf,IMPLEMENTATION COMPLETION AND RESULTS REPORT,implementation completion report,2025,Integrated Disaster Risk Management and Resilience Program,en,OK,,implementation completion report,2025
worldbank,worldbank_P145316_33851362_ICR_2022.pdf,IMPLEMENTATION COMPLETION AND RESULTS REPORT,implementation completion report,2022,Ghana - Dedicated Grant Mechanism for Local Communities Project,en,OK,,implementation completion report,2022
worldbank,worldbank_P145709_31020056_ICR_2019.pdf,IMPLEMENTATION COMPLETION AND RESULTS REPORT,implementation completion report,2019,LIBERIA - STRENGTHENING THE NATIONAL STATISTICS SYSTEM - HOUSEHOLD INCOME EXPENDITURE SURVEY (P145709),en,OK,,implementation completion report,2019
worldbank,worldbank_P145792_32715565_ICR_2020.pdf,IMPLEMENTATION COMPLETION AND RESULTS REPORT,implementation completion report,2020,"Ghana - Maternal, Child Health and Nutrition Project",en,OK,,implementation completion report,2020
worldbank,worldbank_P146247_32293366_ICR_2020.pdf,IMPLEMENTATION COMPLETION AND RESULTS REPORT,implementation completion report,2020,MALI OBSOLETE PESTICIDES DISPOSAL AND PREVENTION PROJECT,en,OK,,implementation completion report,2020
worldbank,worldbank_P146583_33846792_ICR_2022.pdf,IMPLEMENTATION COMPLETION AND RESULTS REPORT,implementation completion report,2022,Nigeria - Program to Support Saving One Million Lives,en,OK,,implementation completion report,2022
worldbank,worldbank_P146591_31212881_ICR_2019.pdf,IMPLEMENTATION COMPLETION AND RESULTS REPORT,implementation completion report,2019,Supporting Psychosocial Health and Resilience in Liberia (P146591),en,OK,,implementation completion report,2019
worldbank,worldbank_P147356_31916549_ICR_2020.pdf,IMPLEMENTATION COMPLETION AND RESULTS REPORT,implementation completion report,2020,ETHIOPIA STATISTICS FOR RESULTS PROJECT,en,OK,,implementation completion report,2020
worldbank,worldbank_P147514_30751724_ICR_2018.pdf,IMPLEMENTATION COMPLETION AND RESULTS REPORT,implementation completion report,2018,MADAGASCAR EMERGENCY FOOD SECURITY AND SOCIAL PROTECTION PROJECT (P147514),en,OK,,implementation completion report,2018
worldbank,worldbank_P147745_30869253_ICR_2019.pdf,IMPLEMENTATION COMPLETION AND RESULTS REPORT,implementation completion report,2019,ZAMBIA LIVELIHOOD AND NUTRITION PROJECT (P147745),en,OK,,implementation completion report,2019
worldbank,worldbank_P148591_34443693_ICR_2025.pdf,IMPLEMENTATION COMPLETION AND RESULTS REPORT,implementation completion report,2025,SECOND AGRICULTURAL GROWTH PROJECT,en,OK,,implementation completion report,2025
worldbank,worldbank_P148839_33805691_ICR_2022.pdf,IMPLEMENTATION COMPLETION AND RESULTS REPORT,implementation completion report,2022,Niger Investment Climate Support (P148839),en,OK,,implementation completion report,2022
worldbank,worldbank_P148927_30996128_ICR_2019.pdf,IMPLEMENTATION COMPLETION AND RESULTS REPORT,implementation completion report,2019,TRANSFORMATION OF AGRICULTURE SECTOR PROGRAM PHASE 3,en,OK,,implementation completion report,2019
worldbank,worldbank_P149095_31250949_ICR_2019.pdf,IMPLEMENTATION COMPLETION AND RESULTS REPORT,implementation completion report,2019,PUBLIC SECTOR GOVERNANCE PROGRAM-FOR-RESULTS,en,OK,,implementation completion report,2019
worldbank,worldbank_P149269_31216188_ICR_2019.pdf,IMPLEMENTATION COMPLETION AND RESULTS REPORT,implementation completion report,2019,SUPPORT TO NPCA TERRICA SECRETARIAT (P149269),en,OK,,implementation completion report,2019
worldbank,worldbank_P149286_34360629_ICR_2024.pdf,IMPLEMENTATION COMPLETION AND RESULTS REPORT,implementation completion report,2024,Uganda Multisectoral Food Security and Nutrition Project,en,OK,,implementation completion report,2024
worldbank,worldbank_P149512_26837659_ICR_2016.pdf,IMPLEMENTATION COMPLETION AND RESULTS REPORT,implementation completion report,2016,EMERGENCY FOOD CRISIS RESPONSE AND AGRICULTURE RE-LAUNCH PROJECT,en,OK,,implementation completion report,2016
worldbank,worldbank_P149620_34369301_ICR_2024.pdf,IMPLEMENTATION COMPLETION AND RESULTS REPORT,implementation completion report,2024,MOZAMBIQUE AGRICULTURE AND NATURAL RESOURCES LANDSCAPE MANAGEMENT PROJECT,en,OK,,implementation completion report,2024
worldbank,worldbank_P149992_31542494_ICR_2019.pdf,IMPLEMENTATION COMPLETION AND RESULTS REPORT,implementation completion report,2019,Mozambique - Artisanal Fisheries and Climate Change (P149992),en,OK,,implementation completion report,2019
worldbank,worldbank_P150148_33289940_ICR_2021.pdf,IMPLEMENTATION COMPLETION AND RESULTS REPORT,implementation completion report,2021,STATISTICS DEVELOPMENT PROJECT,en,OK,,implementation completion report,2021
worldbank,worldbank_P150369_33694440_ICR_2021.pdf,IMPLEMENTATION COMPLETION AND RESULTS REPORT,implementation completion report,2021,Peri-Urban Commercial Vegetables Value Chains Project,en,OK,,implementation completion report,2021
worldbank,worldbank_P150844_33696786_ICR_2021.pdf,IMPLEMENTATION COMPLETION AND RESULTS REPORT,implementation completion report,2021,Rwanda Urban Development Project,en,OK,,implementation completion report,2021
worldbank,worldbank_P150929_31680007_ICR_2019.pdf,IMPLEMENTATION COMPLETION AND RESULTS REPORT,implementation completion report,2019,Infrastructure Resilience Emergency Project,en,OK,,implementation completion report,2019
worldbank,worldbank_P150930_34110629_ICR_2023.pdf,IMPLEMENTATION COMPLETION AND RESULTS REPORT,implementation completion report,2023,Large Scale Irrigation Modernization Project,en,OK,,implementation completion report,2023
worldbank,worldbank_P151215_32753046_ICR_2021.pdf,IMPLEMENTATION COMPLETION AND RESULTS REPORT,implementation completion report,2021,EMERGENCY FOOD AND LIVESTOCK CRISES RESPONSE PROJECT (P151215),en,OK,,implementation completion report,2021
worldbank,worldbank_P151318_33700786_ICR_2021.pdf,IMPLEMENTATION COMPLETION AND RESULTS REPORT,implementation completion report,2021,Higher Education Support Project,en,OK,,implementation completion report,2021
worldbank,worldbank_P151469_34443700_ICR_2024.pdf,IMPLEMENTATION COMPLETION AND RESULTS REPORT,implementation completion report,2024,Madagascar Agriculture Rural Growth and Land Management Project (P151469),en,OK,,implementation completion report,2024
worldbank,worldbank_P151979_31214566_ICR_2019.pdf,IMPLEMENTATION COMPLETION AND RESULTS REPORT,implementation completion report,2019,Cabo Verde: Distributed Solar Energy Systems (SIDS DOCK) (P151979),en,YEAR_MISMATCH,,implementation completion report,1979
worldbank,worldbank_P152016_31117848_ICR_2019.pdf,IMPLEMENTATION COMPLETION AND RESULTS REPORT,implementation completion report,2019,Sudan Statistical Capacity Building Project (P152016),en,YEAR_MISMATCH,,implementation completion report,2016
worldbank,worldbank_P152024_30838042_ICR_2019.pdf,IMPLEMENTATION COMPLETION AND RESULTS REPORT,implementation completion report,2018,Water for Agropastoral Livelihoods Pilot Project (P152024),en,YEAR_MISMATCH,,implementation completion report,2024
worldbank,worldbank_P153085_33851296_ICR_2022.pdf,IMPLEMENTATION COMPLETION AND RESULTS REPORT,implementation completion report,2022,Goma Airport Safety Improvement Project,en,OK,,implementation completion report,2022
worldbank,worldbank_P153277_34207933_ICR_2023.pdf,IMPLEMENTATION COMPLETION AND RESULTS REPORT,implementation completion report,2023,Zanzibar Improving Student Prospects Project,en,OK,,implementation completion report,2023
worldbank,worldbank_P153349_34455729_ICR_2025.pdf,IMPLEMENTATION COMPLETION AND RESULTS REPORT,implementation completion report,2025,National Agricultural and Rural Inclusive Growth Project,en,OK,,implementation completion report,2025
worldbank,worldbank_P153370_34342103_ICR_2024.pdf,IMPLEMENTATION COMPLETION AND RESULTS REPORT,implementation completion report,2024,Second South West Indian Ocean Fisheries Governance and Shared Growth Project – Madagascar,en,OK,,implementation completion report,2024
worldbank,worldbank_P153863_33862266_ICR_2022.pdf,IMPLEMENTATION COMPLETION AND RESULTS REPORT,implementation completion report,2022,Senegal River Basin Integrated Water Resources Management Project,en,OK,,implementation completion report,2022
worldbank,worldbank_P154280_29322296_ICR_2017.pdf,IMPLEMENTATION COMPLETION AND RESULTS REPORT,implementation completion report,2017,Strengthening Capacity for an Inclusive Design of Groundwater Management Contract for Green Growth Project (P154280),en,OK,,implementation completion report,2017
worldbank,worldbank_P154314_32390622_ICR_2020.pdf,IMPLEMENTATION COMPLETION AND RESULTS REPORT,implementation completion report,2020,Benin Statistical Capacity Building (P154314),en,OK,,implementation completion report,2020
worldbank,worldbank_P154403_33657465_ICR_2021.pdf,IMPLEMENTATION COMPLETION AND RESULTS REPORT,implementation completion report,2021,IGAD - Building Disaster Resilience to Disasters through Risk Management and Climate Change Adaptation (P154403),en,OK,,implementation completion report,2021
worldbank,worldbank_P154447_34113348_ICR_2023.pdf,IMPLEMENTATION COMPLETION AND RESULTS REPORT,implementation completion report,2023,Smallholder Agriculture Development and Commercialization Project,en,OK,,implementation completion report,2023
worldbank,worldbank_P154803_33311228_ICR_2021.pdf,IMPLEMENTATION COMPLETION AND RESULTS REPORT,implementation completion report,2021,Malawi Floods Emergency Recovery Project,en,OK,,implementation completion report,2021
worldbank,worldbank_P155081_33870551_ICR_2022.pdf,IMPLEMENTATION COMPLETION AND RESULTS REPORT,implementation completion report,2022,Support to Nutrition Sensitive Agriculture and Capacity Development of Small and Marginal Farmers (P155081),en,OK,,implementation completion report,2022
worldbank,worldbank_P155373_32204550_ICR_2020.pdf,IMPLEMENTATION COMPLETION AND RESULTS REPORT,implementation completion report,2020,Pan-African Forest-Dependent Indigenous Peoples FCPF Capacity Building Program on REDD+ Project,en,OK,,implementation completion report,2020
worldbank,worldbank_P155374_32204561_ICR_2020.pdf,IMPLEMENTATION COMPLETION AND RESULTS REPORT,implementation completion report,2020,PAN-AFRICAN CIVIL SOCIETY FOREST CARBON PARTNERSHIP FACILITY CAPACITY BUILDING PROGRAM ON REDD+ PROJECT,en,OK,,implementation completion report,2020
worldbank,worldbank_P155475_33653594_ICR_2021.pdf,IMPLEMENTATION COMPLETION AND RESULTS REPORT,implementation completion report,,Building Resilience to Food and Nutrition Insecurity Shocks (P155475),en,OK,,implementation completion report,2021
worldbank,worldbank_P155480_30727763_ICR_2018.pdf,IMPLEMENTATION COMPLETION AND RESULTS REPORT,implementation completion report,2018,CHAD - FISCAL CONSOLIDATION PROGRAM,en,OK,,implementation completion report,2018
worldbank,worldbank_P155642_34440888_ICR_2024.pdf,IMPLEMENTATION COMPLETION AND RESULTS REPORT,implementation completion report,2024,Third South West Indian Ocean Fisheries Governance and Shared Growth Project (SWIOFish3),en,OK,,implementation completion report,2024
worldbank,worldbank_P155829_31260901_ICR_2019.pdf,IMPLEMENTATION COMPLETION AND RESULTS REPORT,implementation completion report,2019,Enhanced Capacity towards Sustainable Petroleum Sector Management (P155829),en,OK,,implementation completion report,2019
worldbank,worldbank_P156559_33840180_ICR_2022.pdf,IMPLEMENTATION COMPLETION AND RESULTS REPORT,implementation completion report,2022,Emergency Resilient Recovery Project,en,OK,,implementation completion report,2022
worldbank,worldbank_P156774_33640834_ICR_2021.pdf,IMPLEMENTATION COMPLETION AND RESULTS REPORT,implementation completion report,2021,"STRENGTHENING DRR COORDINATION, PLANNING AND POLICY ADVISORY CAPACITY OF ECOWAS (P156774)",en,OK,,implementation completion report,2021
worldbank,worldbank_P157716_33579400_ICR_2021.pdf,IMPLEMENTATION COMPLETION AND RESULTS REPORT,implementation completion report,,Promoting Young Women’s Livelihoods And Nutrition Project,en,OK,,implementation completion report,2021
worldbank,worldbank_P157993_32866712_ICR_2021.pdf,IMPLEMENTATION COMPLETION AND RESULTS REPORT,implementation completion report,2021,Burundi Maternal Child Nutrition Enhancement Project (P157993),en,OK,,implementation completion report,2021
worldbank,worldbank_P158816_32986461_ICR_2021.pdf,IMPLEMENTATION COMPLETION AND RESULTS REPORT,implementation completion report,,Madagascar Pilot Program for Climate Resilience Phase I (P158816),en,OK,,implementation completion report,2021
worldbank,worldbank_P159189_31693444_ICR_2020.pdf,IMPLEMENTATION COMPLETION AND RESULTS REPORT,implementation completion report,2020,Data Production and Capacity Building in Chad (P159189),en,OK,,implementation completion report,2020
worldbank,worldbank_P159217_34116155_ICR_2023.pdf,IMPLEMENTATION COMPLETION AND RESULTS REPORT,implementation completion report,2023,Strengthening Hydro-Meteorological and Climate Services Project (P159217),en,OK,,implementation completion report,2023
worldbank,worldbank_P159476_34048813_ICR_2023.pdf,IMPLEMENTATION COMPLETION AND RESULTS REPORT,implementation completion report,2023,Burkina Faso Livestock Sector Development Support Project,en,OK,,implementation completion report,2023
worldbank,worldbank_P159979_34367638_ICR_2024.pdf,IMPLEMENTATION COMPLETION AND RESULTS REPORT,implementation completion report,2024,Commercial Agriculture Project,en,OK,,implementation completion report,2024
worldbank,worldbank_P160114_32196008_ICR_2020.pdf,IMPLEMENTATION COMPLETION AND RESULTS REPORT,implementation completion report,2020,CONFLICT MONITORING SYSTEM IN NIGERIA PROJECT,en,OK,,implementation completion report,2020
worldbank,worldbank_P160170_40033994_ICR_2025.pdf,IMPLEMENTATION COMPLETION AND RESULTS REPORT,implementation completion report,2025,NIGER SOLAR ELECTRICITY ACCESS PROJECT,en,OK,,implementation completion report,2025
worldbank,worldbank_P160259_32557408_ICR_2020.pdf,Implementation Completion Report,implementation completion report,2020,Côte d’Ivoire: Country Support Program,en,OK,,implementation completion report,2020
worldbank,worldbank_P160267_31003622_ICR_2019.pdf,IMPLEMENTATION COMPLETION AND RESULTS REPORT,implementation completion report,2019,Forest Investment Program (FIP) Investment Plan,en,OK,,implementation completion report,2019
worldbank,worldbank_P160268_32029315_ICR_2020.pdf,IMPLEMENTATION COMPLETION AND RESULTS REPORT,implementation completion report,2019,Rwanda Pilot Program for Climate Resilience,en,OK,,implementation completion report,2020
worldbank,worldbank_P160613_40108254_ICR_2026.pdf,IMPLEMENTATION COMPLETION AND RESULTS REPORT,implementation completion report,2024,Burundi Landscape Restoration and Resilience Project,en,YEAR_MISMATCH,,implementation completion report,2026
worldbank,worldbank_P160641_34442355_ICR_2024.pdf,IMPLEMENTATION COMPLETION AND RESULTS REPORT,implementation completion report,2024,Mali Livestock Sector Development Support Project (PADEL-M),en,OK,,implementation completion report,2024
worldbank,worldbank_P160945_40093914_ICR_2026.pdf,IMPLEMENTATION COMPLETION AND RESULTS REPORT,implementation completion report,2026,Smallholder Agriculture Transformation and Agribusiness Revitalization Project (STAR-P),en,OK,,implementation completion report,2026
worldbank,worldbank_P160977_34204847_ICR_2023.pdf,IMPLEMENTATION COMPLETION AND RESULTS REPORT,implementation completion report,2023,Improving Mali’s Statistical System,en,OK,,implementation completion report,2023
worldbank,worldbank_P161392_40035372_ICR_2025.pdf,IMPLEMENTATION COMPLETION AND RESULTS REPORT,implementation completion report,2025,Malawi Resilience and Disaster Risk Management Project,en,OK,,implementation completion report,2025
worldbank,worldbank_P161406_40081767_ICR_2025.pdf,IMPLEMENTATION COMPLETION AND RESULTS REPORT,implementation completion report,2025,Strengthening Climate Resilience in Mali Project,en,OK,,implementation completion report,2025
worldbank,worldbank_P161757_34048924_ICR_2023.pdf,IMPLEMENTATION COMPLETION AND RESULTS REPORT,implementation completion report,2023,Accelerating Solar Water Pumping via Innovative Financing (P161757),en,OK,,implementation completion report,2023
worldbank,worldbank_P161770_34437675_ICR_2024.pdf,IMPLEMENTATION COMPLETION AND RESULTS REPORT,implementation completion report,2024,Multisectoral Nutrition and Child Development Project,en,OK,,implementation completion report,2024
worldbank,worldbank_P161781_40085193_ICR_2025.pdf,IMPLEMENTATION COMPLETION AND RESULTS REPORT,implementation completion report,2025,Great Lakes Regional Integrated Agriculture Development Project,en,OK,,implementation completion report,2025
worldbank,worldbank_P161876_33908215_ICR_2022.pdf,IMPLEMENTATION COMPLETION AND RESULTS REPORT,implementation completion report,2022,Transformation of Agriculture Sector Program 4 Phase 2,en,OK,,implementation completion report,2022
worldbank,worldbank_P162069_40053479_ICR_2025.pdf,IMPLEMENTATION COMPLETION AND RESULTS REPORT,implementation completion report,2025,Nigeria- Accelerating Nutrition Results Project,en,YEAR_MISMATCH,,implementation completion report,2069
worldbank,worldbank_P162580_34461752_ICR_2025.pdf,ICR DOCUMENT,implementation completion report,2025,Solar Development in Sub-Saharan Africa - Phase 1 (Sahel) (P162580),en,OK,,implementation completion report,2025
worldbank,worldbank_P162666_34103822_ICR_2023.pdf,Document of The World Bank FOR OFFICIAL USE ONLY,implementation completion report,2023,Empowering farmers at district level through social accountability to improve Performance Contracts (Imihigo) in Rwandan agriculture (P162666),en,OK,,implementation completion report,2023
worldbank,worldbank_P162956_34360092_ICR_2024.pdf,Document of The World Bank FOR OFFICIAL USE ONLY,implementation completion report,2024,Climate Resilient Agriculture and Productivity Enhancement Project,en,OK,,implementation completion report,2024
worldbank,worldbank_P163245_32712148_ICR_2020.pdf,Document of The World Bank FOR OFFICIAL USE ONLY,implementation completion report,2020,Malawi Strategic Program for Climate Resilience (P163245),en,OK,,implementation completion report,2020
worldbank,worldbank_P163358_33855462_ICR_2022.pdf,Document of The World Bank FOR OFFICIAL USE ONLY,implementation completion report,2022,Improving the Efficiency and Sustainability of Charcoal and Woodfuel Value Chains,en,OK,,implementation completion report,2022
worldbank,worldbank_P163486_33657234_ICR_2021.pdf,Document of The World Bank FOR OFFICIAL USE ONLY,implementation completion report,2021,"Strengthening DRR Coordination, Planning and Policy Advisory Capacity of SADC (P163486)",en,OK,,implementation completion report,2021
worldbank,worldbank_P163559_32209898_ICR_2020.pdf,Document of The World Bank FOR OFFICIAL USE ONLY,implementation completion report,2020,South Sudan Emergency Food and Nutrition Security Project,en,OK,,implementation completion report,2020
worldbank,worldbank_P163830_30943852_ICR_2019.pdf,Document of The World Bank FOR OFFICIAL USE ONLY,implementation completion report,2019,Somalia Emergency Drought Response and Recovery Project,en,OK,,implementation completion report,2019
worldbank,worldbank_P163857_33758938_ICR_2022.pdf,IMPLEMENTATION COMPLETION AND RESULTS REPORT,implementation completion report,2022,Somalia Urban Resilience Project,en,OK,,implementation completion report,2022
worldbank,worldbank_P163923_33875176_ICR_2022.pdf,IMPLEMENTATION COMPLETION AND RESULTS REPORT,implementation completion report,,Adolescent Nutrition-Sensitive Agriculture Pilot Project (P163923),en,OK,,implementation completion report,2022
worldbank,worldbank_P163958_32475920_ICR_2020.pdf,IMPLEMENTATION COMPLETION AND RESULTS REPORT,implementation completion report,2020,Zambia Scaling Solar Energy Project (P157943) and Second Scaling Solar Guarantee (P163958),en,OK,,implementation completion report,2020
worldbank,worldbank_P164052_40111928_ICR_2026.pdf,IMPLEMENTATION COMPLETION AND RESULTS REPORT,implementation completion report,2026,Mali Drylands Development Project,en,YEAR_MISMATCH,,implementation completion report,1928
worldbank,worldbank_P164326_34269725_ICR_2024.pdf,IMPLEMENTATION COMPLETION AND RESULTS REPORT,implementation completion report,2024,Guinea Integrated Agricultural Development Project,en,OK,,implementation completion report,2024
worldbank,worldbank_P164336_40108844_ICR_2026.pdf,IMPLEMENTATION COMPLETION AND RESULTS REPORT,implementation completion report,2026,Lowlands Livelihood Resilience Project,en,OK,,implementation completion report,2026
worldbank,worldbank_P164431_40019742_ICR_2025.pdf,IMPLEMENTATION COMPLETION AND RESULTS REPORT,implementation completion report,2025,Smallholder Irrigated Agriculture and Market Access Project - IRRIGA 1,en,OK,,implementation completion report,2025
worldbank,worldbank_P164445_34297221_ICR_2024.pdf,IMPLEMENTATION COMPLETION AND RESULTS REPORT,implementation completion report,2024,Second Agriculture Sector Wide Approach Support Project,en,OK,,implementation completion report,2024
worldbank,worldbank_P164486_40085196_ICR_2025.pdf,IMPLEMENTATION COMPLETION AND RESULTS REPORT,implementation completion report,2025,Agricultural Productivity Program for Southern Africa (APPSA) - Angola and Lesotho,en,OK,,implementation completion report,2025
worldbank,worldbank_P164509_34326407_ICR_2024.pdf,IMPLEMENTATION COMPLETION AND RESULTS REPORT,implementation completion report,2024,Agricultural and Livestock Transformation Project,en,OK,,implementation completion report,2024
worldbank,worldbank_P164520_34461789_ICR_2025.pdf,IMPLEMENTATION COMPLETION AND RESULTS REPORT,implementation completion report,2025,Sustainable Agricultural Intensification and Food Security Project,en,OK,,implementation completion report,2025
worldbank,worldbank_P164764_40113872_ICR_2026.pdf,IMPLEMENTATION COMPLETION AND RESULTS REPORT,implementation completion report,2026,Transforming Landscapes for Resilience and Development in Zambia,en,OK,,implementation completion report,2026
worldbank,worldbank_P164932_40093101_ICR_2026.pdf,IMPLEMENTATION COMPLETION AND RESULTS REPORT,implementation completion report,2026,Improving Results in Secondary Education (IRISE),en,OK,,implementation completion report,2026
worldbank,worldbank_P165253_40099619_ICR_2026.pdf,IMPLEMENTATION COMPLETION AND RESULTS REPORT,implementation completion report,2026,Investing in Early Years and Fertility in Burundi (NKURIZA),en,OK,,implementation completion report,2026
worldbank,worldbank_P166211_40011235_ICR_2025.pdf,IMPLEMENTATION COMPLETION AND RESULTS REPORT,implementation completion report,2025,Early Years Nutrition and Child Development Project,en,OK,,implementation completion report,2025
worldbank,worldbank_P166437_34439092_ICR_2024.pdf,IMPLEMENTATION COMPLETION AND RESULTS REPORT,implementation completion report,2024,Mozambique Disaster Risk Management and Resilience Program (P166437) – Program-for-Results,en,OK,,implementation completion report,2024
worldbank,worldbank_P166526_40081307_ICR_2025.pdf,IMPLEMENTATION COMPLETION AND RESULTS REPORT (6505-MG),implementation completion report,2025,Connectivity for Rural Livelihood Improvement Project,en,OK,,implementation completion report,2025
worldbank,worldbank_P166596_40010057_ICR_2025.pdf,IMPLEMENTATION COMPLETION AND RESULTS REPORT,implementation completion report,2025,BURKINA FASO IMPROVING EDUCATION OF CHILDREN WITH DISABILITIES PROJECT,en,OK,,implementation completion report,2025
worldbank,worldbank_P167681_34463484_ICR_2025.pdf,IMPLEMENTATION COMPLETION AND RESULTS REPORT,implementation completion report,2025,Improving Youth Employability Through Informal Apprenticeship (P167681),en,OK,,implementation completion report,2025
worldbank,worldbank_P167826_34151419_ICR_2023.pdf,IMPLEMENTATION COMPLETION AND RESULTS REPORT,implementation completion report,2023,Somalia - Water for Agro-Pastoral Productivity and Resilience Project,en,OK,,implementation completion report,2023
worldbank,worldbank_P167988_33200970_ICR_2021.pdf,IMPLEMENTATION COMPLETION AND RESULTS REPORT,implementation completion report,2021,IMPROVING HOUSEHOLD SURVEYS AND ADMINISTRATIVE DATA IN SUDAN: STATISTICAL CAPACITY BUILDING PROJECT (P167988),en,OK,,implementation completion report,2021
worldbank,worldbank_P168474_34020194_ICR_2023.pdf,IMPLEMENTATION COMPLETION AND RESULTS REPORT,implementation completion report,2023,First and Second Consolidation and Social Inclusion Development Program,en,OK,,implementation completion report,2023
worldbank,worldbank_P169051_34290410_ICR_2024.pdf,IMPLEMENTATION COMPLETION AND RESULTS REPORT (TF0B0649),implementation completion report,2024,Africa Climate Resilience Investment Facility (P169051),en,OK,,implementation completion report,2024
worldbank,worldbank_P169498_33711957_ICR_2022.pdf,IMPLEMENTATION COMPLETION AND RESULTS REPORT,implementation completion report,2022,Three Development Policy Grants (Productivity and Transparency Support Development Policy Financing),en,YEAR_MISMATCH,,implementation completion report,1957
worldbank,worldbank_P169949_34449307_ICR_2025.pdf,IMPLEMENTATION COMPLETION AND RESULTS REPORT,implementation completion report,2025,South Sudan Enhancing Community Resilience and Local Governance Project,en,OK,,implementation completion report,2025
worldbank,worldbank_P171611_40105550_ICR_2026.pdf,IMPLEMENTATION COMPLETION AND RESULTS REPORT,implementation completion report,2026,Chad Local Development and Adaptation Project (ALBIA),en,OK,,implementation completion report,2026
worldbank,worldbank_P172153_34356933_ICR_2024.pdf,IMPLEMENTATION COMPLETION AND RESULTS REPORT,implementation completion report,2024,Rwanda NDC Deep Dive: Advancing Financial Innovation to scale up Climate Action,en,OK,,implementation completion report,2024
worldbank,worldbank_P172848_40103629_ICR_2025.pdf,IMPLEMENTATION COMPLETION AND RESULTS REPORT,implementation completion report,2025,Nile Cooperation for Climate Resilience,en,OK,,implementation completion report,2025
worldbank,worldbank_P173073_40080450_ICR_2025.pdf,IMPLEMENTATION COMPLETION AND RESULTS REPORT,implementation completion report,2025,Improving Early Childhood Development outcomes in rural Morocco (Program-for-Results),en,OK,,implementation completion report,2025
worldbank,worldbank_P173521_34461810_ICR_2025.pdf,IMPLEMENTATION COMPLETION AND RESULTS REPORT,implementation completion report,2025,Sudan Family Support Project,en,OK,,implementation completion report,2025
worldbank,worldbank_P174336_34445216_ICR_2024.pdf,IMPLEMENTATION COMPLETION AND RESULTS REPORT,implementation completion report,2024,Guinea-Bissau Emergency Food Security Project,en,OK,,implementation completion report,2024
worldbank,worldbank_P177782_40114111_ICR_2026.pdf,IMPLEMENTATION COMPLETION AND RESULTS REPORT,implementation completion report,2026,Emergency Project to Combat the Food Crisis in Cameroon,en,OK,,implementation completion report,2026
worldbank,worldbank_P178045_40108366_ICR_2026.pdf,IMPLEMENTATION COMPLETION AND RESULTS REPORT,implementation completion report,2026,"Support to Regional Knowledge Capacity on Economic Transformation, Resilience, and Recovery Project",en,OK,,implementation completion report,2026
worldbank,worldbank_P178332_40112622_ICR_2026.pdf,IMPLEMENTATION COMPLETION AND RESULTS REPORT,implementation completion report,2026,JSDF-Djibouti: Promoting Women's and Community Resilience in the Fight Against Gender-Based Violence (P178332),en,OK,,implementation completion report,2026
worldbank,worldbank_RW-Third_Rural_Sector_Support_Project_--_P126440_Implementation_Completion_and_Results_Report_2019.pdf,IMPLEMENTATION COMPLETION AND RESULTS REPORT,implementation completion report,2019,Third Rural Sector Support Project (P126440),en,OK,,implementation completion report,2019
worldbank,worldbank_SN-SN_Casamance_Development_Pole_Project_--_P125506_Implementation_Completion_and_Results_Report_2021.pdf,IMPLEMENTATION COMPLETION AND RESULTS REPORT,implementation completion report,2021,Casamance Development Pole Project,en,OK,,implementation completion report,2021
worldbank,worldbank_TD-Agriculture_Production_Support_Project_--_P126576_Implementation_Completion_and_Results_Report_2017.pdf,IMPLEMENTATION COMPLETION AND RESULTS REPORT,implementation completion report,2017,Agriculture Production Support Project (P126576),en,OK,,implementation completion report,2017
worldbank,worldbank_TD-Chad_Value_Chain_Support_Project_--_P133021_Implementation_Completion_and_Results_Report_2021.pdf,IMPLEMENTATION COMPLETION AND RESULTS REPORT,implementation completion report,2021,Chad Value Chain Support Project,en,OK,,implementation completion report,2021
worldbank,worldbank_TG-Togo_Agricultural_Sector_Support_Project_--_P118045_Implementation_Completion_and_Results_Report_2021.pdf,IMPLEMENTATION COMPLETION AND RESULTS REPORT,implementation completion report,2021,Togo Agricultural Sector Support Project,en,OK,,implementation completion report,2021
worldbank,worldbank_UG-Agriculture_Cluster_Development_Project_--_P145037_Implementation_Completion_and_Results_Report_2024.pdf,IMPLEMENTATION COMPLETION AND RESULTS REPORT,implementation completion report,2024,Agriculture Cluster Development Project (P145037),en,OK,,implementation completion report,2024
worldbank,worldbank_UG-Water_Management_and_Development_Project_--_P123204_Implementation_Completion_and_Results_Report_2020.pdf,Document of The World Bank,implementation completion report,2020,Uganda Water Management and Development Project,en,OK,,implementation completion report,2020
worldbank,worldbank_ZM-Irrigation_Development_and_Support_Project_--_P102459_Implementation_Completion_and_Results_Report_2025.pdf,ICR DOCUMENT,implementation completion report,2025,Irrigation Development and Support Project,en,OK,,implementation completion report,2025
worldbank,worldbank_ZM-Zambia_Agribusiness_and_Trade_Project_--_P156492_Implementation_Completion_and_Results_Report_2024.pdf,ICR DOCUMENT,implementation completion report,2024,Zambia Agribusiness and Trade Project,en,OK,,implementation completion report,2024
worldbank,worldbank_ZM-Zambia_COMACO_Landscape_Management_--_P144254_Implementation_Completion_and_Results_Report_2020.pdf,Document of the World Bank,implementation completion report,2020,COMACO Landscape Management Project,en,OK,,implementation completion report,2020
gef,gef_10025_Terminal_Evaluation.pdf,Validated Terminal Review,terminal evaluation,2025,Capacity Building for Burkina Faso’s transparency system for climate change mitigation and adaptation,en,OK,,terminal evaluation,
gef,gef_10026_Terminal_Evaluation.pdf,Validated Terminal Review,terminal evaluation,2024,Togo Climate Transparency Framework,en,OK,,terminal evaluation,
gef,gef_10027_Terminal_Evaluation.pdf,Validated Terminal Review,terminal evaluation,2025,Building and strengthening Sierra Leone’s national capacity to implement the transparency elements of the Paris Agreement – CBIT Sierra Leone Project,en,OK,,terminal evaluation,
gef,gef_10117_Mid-Term_Review.pdf,MID-TERM REVIEW,mid-term evaluation,2026,Green Sharm El Sheikh,en,OK,,mid-term evaluation,
gef,gef_10149_Terminal_Evaluation.pdf,Validated Terminal Review of the UNEP-GEF Project ‘Malawi Climate Transparency Framework’ (GEF ID 10149) 2021-2024,terminal evaluation,2025,Malawi Climate Transparency Framework,en,OK,,terminal evaluation,
gef,gef_10165_Mid-Term_Review.pdf,Examen à Mi-Parcours du projet Numéro d’identification FAO: GCP/TOG/018/LDF Numéro d’identification GEF: 10165,mid-term evaluation,2025,Renforcement de la résilience des communautés côtières du Togo face au changement climatique,fr,OK,,mid-term evaluation,
gef,gef_10199_Mid-Term_Review.pdf,MID-TERM REVIEW,mid-term evaluation,2025,Improving Water Availability in The Gambia’s Rural and Peri-Urban Communities for Domestic and Agricultural Use,en,OK,,mid-term evaluation,
gef,gef_10348_Mid-Term_Review.pdf,MID-TERM REVIEW,mid-term evaluation,2025,Landscape Restoration and Ecosystem Management for Sustainable Food Systems,en,OK,,mid-term evaluation,
gef,gef_10429_Terminal_Evaluation.pdf,"Terminal Evaluation of the UNEP-GEF Project: Strengthening the capacity of institutions in Zimbabwe to conform to the transparency requirements of the Paris Agreement, GEF ID 10429",terminal evaluation,2025,Strengthening the capacity of institutions in Zimbabwe to conform to the transparency requirements of the Paris Agreement,en,OK,,terminal evaluation,
gef,gef_10470_Mid-Term_Review.pdf,MID-TERM REVIEW,mid-term evaluation,2026,National child project under the GEF Africa Mini-grids Program Somalia,en,OK,,mid-term evaluation,
gef,gef_10471_Mid-Term_Review.pdf,MID-TERM REVIEW,mid-term evaluation,2026,National child project under the GEF Africa Mini-grids Program Djibouti,en,OK,,mid-term evaluation,
gef,gef_10473_Mid-Term_Review.pdf,MID-TERM REVIEW,mid-term evaluation,2026,National child project under the GEF Africa Mini-grids Program Comoros,en,OK,,mid-term evaluation,
gef,gef_10475_Mid-Term_Review.pdf,MID-TERM REVIEW,mid-term evaluation,2026,National child project under the GEF Africa Mini-grids Program Malawi,en,OK,,mid-term evaluation,
gef,gef_10479_Mid-Term_Review.pdf,MID-TERM REVIEW,mid-term evaluation,2025,Sudan’s Capacity Building Initiative for Transparency Project,en,OK,,mid-term evaluation,
gef,gef_10486_Mid-Term_Review.pdf,MID-TERM REVIEW,mid-term evaluation,2026,Child Project Title: Strengthening Marrakech’s sustainable development through innovative planning and financing,en,OK,,mid-term evaluation,
gef,gef_10530_Mid-Term_Review.pdf,Implementation Status & Results Report,monitoring & evaluation report,2024,Second Rwanda Urban Development Project (P165017),en,TYPE_MISMATCH,,mid-term evaluation,
gef,gef_10583_Terminal_Evaluation.pdf,IMPLEMENTATION COMPLETION AND RESULTS REPORT,implementation completion report,2025,Mozambique Conservation Areas for Biodiversity and Development - Phase 2,en,OK,,terminal evaluation,
gef,gef_10768_Mid-Term_Review.pdf,Implementation Status & Results Report,monitoring & evaluation report,2024,Resilient Urban Sierra Leone Project (P168608),en,TYPE_MISMATCH,,mid-term evaluation,
gef,gef_2921_Terminal_Evaluation.pdf,Implementation Completion and Results Report,implementation completion report,2017,Guinea Electricity Sector Efficiency Improvement Project,en,OK,,terminal evaluation,
gef,gef_3302_Terminal_Evaluation.pdf,PROJECT COMPLETION REPORT,implementation completion report,2016,Climate Adaptation for Rural Livelihoods and Agriculture (CARLA) PROJECT,en,OK,,terminal evaluation,
gef,gef_3669_Terminal_Evaluation.pdf,IMPLEMENTATION COMPLETION AND RESULTS REPORT,implementation completion report,2018,Tunisia Second Natural Resources Management Project,en,OK,,terminal evaluation,
gef,gef_3701_Terminal_Evaluation.pdf,MEMORANDUM,monitoring & evaluation report,2018,BURUNDI: WATERSHED MANAGEMENT AND CLIMATE RESILIENCE IMPROVEMENT PROJECT (PABVARC),fr,OK,,terminal evaluation,
gef,gef_3827_Terminal_Evaluation.pdf,Document of The World Bank,implementation completion report,2017,Lagos Urban Transport Project 2 (LUTP2),en,OK,,terminal evaluation,
gef,gef_3841_Terminal_Evaluation.pdf,Terminal Evaluation,terminal evaluation,2018,Lesotho NAPA Project,en,OK,,terminal evaluation,
gef,gef_3876_Terminal_Evaluation.pdf,"Terminal Evaluation of the UNEP/GEF Project ""Promotion of Energy Efficiency in Public Lighting in Côte d’Ivoire""",terminal evaluation,2023,Promotion of Energy Efficiency in Public Lighting in Côte d’Ivoire,en,OK,,terminal evaluation,
gef,gef_3880_Terminal_Evaluation.pdf,Document of The World Bank,implementation completion report,2016,Emergency Infrastructure Rehabilitation and Energy Project,en,OK,,terminal evaluation,
gef,gef_3892_Terminal_Evaluation.pdf,Document of The World Bank,implementation completion report,2017,Energy for Rural Transformation Project in Support of the Second Phase of the Energy for Rural Transformation Program,en,OK,,terminal evaluation,
gef,gef_3958_Terminal_Evaluation.pdf,Elaboration d’un rapport de revue documentaire et analyses préliminaires,other,2021,SPWA-CC : Projet de promotion de minicentrales hydroélectriques en République de Guinée,fr,TYPE_MISMATCH,,terminal evaluation,
gef,gef_4018_Terminal_Evaluation.pdf,IMPLEMENTATION COMPLETION AND RESULTS REPORT,implementation completion report,2018,SAO TOME - ADAPTATION TO CLIMATE CHANGE ( P111669 ),en,OK,,terminal evaluation,
gef,gef_4141_Terminal_Evaluation.pdf,Terminal Evaluation of the UN Environment – Adaptation Fund Project “Implementation of Concrete Adaptation Measures to Reduce Vulnerability of Livelihoods and Economy on Coastal Communities of Tanzania” & UN Environment – GEF Project “Developing Core Capacity to Address Adaptation to Climate Change in Productive Coastal Zones of Tanzania”,terminal evaluation,2019,Implementation of Concrete Adaptation Measures to Reduce Vulnerability of Livelihoods and Economy on Coastal Communities of Tanzania & Developing Core Capacity to Address Adaptation to Climate Change in Productive Coastal Zones of Tanzania,en,OK,,terminal evaluation,
gef,gef_4164_Terminal_Evaluation.pdf,FINAL EVALUATION,terminal evaluation,2017,CONCENTRATING SOLAR POWER TECHNOLOGY TRANSFER FOR ELECTRICITY GENERATION IN NAMIBIA (CSP-TT NAM),en,OK,,terminal evaluation,
gef,gef_4336_Terminal_Evaluation.pdf,Independent Evaluation Group (IEG) Implementation Completion Report (ICR) Review,monitoring & evaluation report,2018,LR-Electricity System Enhancement (FY11) (P120660),en,OK,,terminal evaluation,
gef,gef_4453_Mid-Term_Review.pdf,Lesotho Adaptation of Small-Scale Agricultural Production (LASAP) Mid-Term-Review / Supervision report,monitoring & evaluation report,2020,Lesotho Adaptation of Small-Scale Agricultural Production (LASAP),en,TYPE_MISMATCH,,mid-term evaluation,
gef,gef_4645_Mid-Term_Review.pdf,The World Bank Implementation Status & Results Report,implementation status / progress report,2018,Hwange-Sanyati Biological Corridor Project (P124625),en,NOT_AN_EVALUATION+TYPE_MISMATCH,,mid-term evaluation,
gef,gef_4785_Terminal_Evaluation.pdf,INDEPENDENT TERMINAL EVALUATION,terminal evaluation,2023,Promoting Integrated Biomass and Small Hydro Solutions for Productive Uses in Cameroon,en,OK,,terminal evaluation,
gef,gef_4800_Terminal_Evaluation.pdf,Terminal evaluation of the project “Sustainable forest management under the authority of Cameroonian Councils”,terminal evaluation,2023,Sustainable forest management under the authority of Cameroonian Councils,en,OK,,terminal evaluation,
gef,gef_4908_Terminal_Evaluation.pdf,Implementation Completion and Results Report,implementation completion report,2017,Agriculture Production Support Project (P126576),en,OK,,terminal evaluation,
gef,gef_4923_Mid-Term_Review.pdf,Examination Report,mid-term evaluation,2020,Promoting mini & micro-hydro in the Republic of Moldova,en,OK,,mid-term evaluation,
gef,gef_4952_Terminal_Evaluation.pdf,Implementation Completion and Results Report,implementation completion report,2022,Landscape Approach to Forest Restoration and Conservation (LAFREC) Project,en,OK,,terminal evaluation,
gef,gef_4993_Terminal_Evaluation.pdf,Terminal Evaluation Report,terminal evaluation,2018,Strengthening Climate Information & Early Warning Systems Uganda (SCIEWS),en,OK,,terminal evaluation,
gef,gef_5083_Terminal_Evaluation.pdf,"Terminal evaluation of project Capacity, Policy and Financial Incentives for Participatory Forest Management in Kirisia Forest and Integrated Rangelands Management",terminal evaluation,2023,"Capacity, Policy and Financial Incentives for Participatory Forest Management in Kirisia Forest and Integrated Rangelands Management",en,OK,,terminal evaluation,
gef,gef_5124_Terminal_Evaluation.pdf,Terminal evaluation of the project Strengthening capacity for climate change adaptation through support to integrated watershed management in Lesotho,terminal evaluation,2021,Strengthening capacity for climate change adaptation through support to integrated watershed management in Lesotho,en,OK,,terminal evaluation,
gef,gef_5154_Terminal_Evaluation.pdf,Independent Terminal Evaluation,terminal evaluation,2023,Sustainable Conversion of Waste to Clean Energy for Greenhouse Gas (GHG) Emission Reduction Project,en,OK,,terminal evaluation,
gef,gef_5187_Terminal_Evaluation.pdf,Implementation Completion and Results Report,implementation completion report,2019,Third Phase (APL 3) of the Community-based Rural Development Program in support of the National Program for Decentralized Rural Development and Sustainable Land and Forestry Management Project,en,OK,,terminal evaluation,
gef,gef_5204_Terminal_Evaluation.pdf,PROJECT COMPLETION REPORT,implementation completion report,2020,UGANDA: ADDITIONAL FUNDS TO THE WATER SUPPLY AND SANITATION PROGRAMME,en,OK,,terminal evaluation,
gef,gef_5220_Evaluation.pdf,IMPLEMENTATION COMPLETION AND RESULTS REPORT,implementation completion report,2019,SUSTAINABLE LAND MANAGEMENT PROJECT,en,OK,,terminal evaluation,
gef,gef_5225_Project_Implementation_Report.pdf,Implementation Status & Results Report,monitoring & evaluation report,2018,Mozambique Conservation Areas for Biodiversity and Development Project (P131965),en,OK,,,
gef,gef_5233_Terminal_Evaluation.pdf,RAPPORT D ACHEVEMENT DE PROJET,implementation completion report,2023,MADAGASCAR PROJET DE REHABILITATION DES INFRASTRUCTURES AGRICOLES DANS LA REGION SUD-OUEST (PRIASO),fr,OK,,terminal evaluation,
gef,gef_5252_Terminal_Evaluation.pdf,IMPLEMENTATION COMPLETION AND RESULTS REPORT ON GRANTS,implementation completion report,2021,NIGER COMMUNITY ACTION PROGRAM PHASE 3,en,OK,,terminal evaluation,
gef,gef_5270_Project_Implementation_Report.pdf,Implementation Status & Results Report,monitoring & evaluation report,2019,NATURAL RESOURCES MANAGEMENT IN A CHANGING CLIMATE IN MALI (P145799),en,OK,,,
gef,gef_5286_Terminal_Evaluation.pdf,TERMINAL EVALUATION,terminal evaluation,2024,Building climate change resilience in the fisheries sector in Malawi,en,OK,,terminal evaluation,
gef,gef_5328_Terminal_Evaluation.pdf,Terminal evaluation,terminal evaluation,2024,Building climate change resilience in the fisheries sector in Malawi,en,OK,,terminal evaluation,
gef,gef_5331_Terminal_Evaluation.pdf,INDEPENDENT TERMINAL EVALUATION,terminal evaluation,2020,Promoting Investments in Small to Medium-Scale Renewable Energy Technologies in the Electricity Sector,English,OK,,terminal evaluation,
gef,gef_5382_Terminal_Evaluation.pdf,TERMINAL EVALUATION,terminal evaluation,2025,Ecosystem-Based Adaptation Targeting Vulnerable Communities of the Upper Guinea Region,English,OK,,terminal evaluation,
gef,gef_5394_Terminal_Evaluation.pdf,TERMINAL SELF-EVALUATION REPORT (SER),monitoring & evaluation report,,Climate Resilient Livestock Management Project (CRLMP),English,OK,,terminal evaluation,
gef,gef_5433_Terminal_Evaluation.pdf,"Final Evaluation of the project ""Strengthening capacities of agricultural producers to cope with climate change for increased food security through the Farmers Field School approach (FSP) in Mozambique""",monitoring & evaluation report,2022,Strengthening capacities of agricultural producers to cope with climate change for increased food security through the Farmers Field School approach (FSP) in Mozambique,English,OK,,terminal evaluation,
gef,gef_5445_Terminal_Evaluation.pdf,Simplified Operational Completion Report (OCR),implementation completion report,2025,Preparation of Ghana's Initial Biennial Update Report to UNFCCC,English,OK,,terminal evaluation,
gef,gef_5451_Terminal_Evaluation.pdf,Implementation Completion and Results Report,implementation completion report,2023,Strengthening Hydro-Meteorological and Climate Services Project (P159217),English,OK,,terminal evaluation,
gef,gef_5495_Terminal_Evaluation.pdf,TERMINAL EVALUATION,terminal evaluation,2025,Increasing the Capacity of Vulnerable Rwandan Communities to Adapt to Adverse Effects of Climate Change: Livelihood Diversification and Investment in Rural Infrastructures,English,OK,,terminal evaluation,
gef,gef_5503_Terminal_Evaluation.pdf,Terminal evaluation of the project “Mainstreaming ecosystem-based approaches to climate-resilient rural livelihoods in vulnerable rural areas through the farmer field school methodology”,terminal evaluation,2022,Mainstreaming ecosystem-based approaches to climate-resilient rural livelihoods in vulnerable rural areas through the farmer field school methodology,English,OK,,terminal evaluation,
gef,gef_5516_Terminal_Evaluation.pdf,Terminal evaluation of Project “Payment for Ecosystem Services to Support Forest Conservation and Sustainable Livelihoods”,terminal evaluation,2022,Payment for Ecosystem Services to Support Forest Conservation and Sustainable Livelihoods,en,OK,,terminal evaluation,
gef,gef_5519_Terminal_Evaluation.pdf,Simplified Operational Completion Report (OCR),monitoring & evaluation report,2025,South Sudan’s Initial National Communication to the UNFCCC,en,OK,,terminal evaluation,
gef,gef_5580_Terminal_Evaluation.pdf,TERMINAL EVALUATION,terminal evaluation,2026,Development of an Improved and Innovative Management System for Sustainable Climate-resilient Livelihoods in Mauritania,en,OK,,terminal evaluation,
gef,gef_5617_Terminal_Evaluation.pdf,Simplified Operational Completion Report (OCR),monitoring & evaluation report,2025,Preparation of Mauritania’s initial Biennial Update Report (BUR1) under the United Nations Framework Convention on Climate Change (UNFCCC),en,OK,,terminal evaluation,
gef,gef_5618_Terminal_Evaluation.pdf,Simplified Operational Completion Report (OCR),monitoring & evaluation report,2025,Preparation of Côte d’Ivoire’s Initial Biennial Update Report to UNFCCC,en,OK,,terminal evaluation,
gef,gef_5649_Terminal_Evaluation.pdf,TERMINAL EVALUATION,terminal evaluation,2026,Nationally Appropriate Mitigation Actions for Low Carbon Island Development Strategy for Mauritius,en,OK,,terminal evaluation,
gef,gef_5685_Terminal_Evaluation.pdf,Rapport d'achèvement,monitoring & evaluation report,2023,Programme de développement rural des zones de montagne – Phase I,fr,OK,,terminal evaluation,
gef,gef_5695_Mid-Term_Review.pdf,"Mid-Term Review of the UNEP-GEF project “Ecosystem-based Adaptation for Rural Resilience”, Tanzania – February 2022",mid-term evaluation,2022,Ecosystem-based Adaptation for Rural Resilience,en,OK,,mid-term evaluation,
gef,gef_5703_Mid-Term_Review.pdf,Mid-Term Review of the UN Environment Project,mid-term evaluation,2022,Enhancing the resilience of communities living in climate change vulnerable areas of Sudan using Ecosystem Based approaches to Adaptation (EbA),en,OK,,mid-term evaluation,
gef,gef_5704_Terminal_Evaluation.pdf,Evaluation Report,monitoring & evaluation report,2023,Promoting organic waste-to-energy and other low-carbon Technologies in small and medium and micro-scale enterprises (SMMEs): Accelerating biogas market development in South Africa,en,OK,,terminal evaluation,
gef,gef_5737_Terminal_Evaluation.pdf,Final Self-Evaluation of the Energy Efficient Low Carbon Transport Project in South Africa (LCT-SA),monitoring & evaluation report,2021,Energy Efficient Low Carbon Transport Project in South Africa (LCT-SA),en,OK,,terminal evaluation,
gef,gef_5802_Project_Implementation_Report.pdf,GEF - PROJECT IMPLEMENTATION REPORT (PIR),implementation status / progress report,2025,Promoting SLM Practices to Restore and Enhance Carbon Stocks through Adoption of Green Rural Habitat Initiatives,en,NOT_AN_EVALUATION,,,
gef,gef_5807_Terminal_Evaluation.pdf,PROJECT OPERATIONAL COMPLETION REPORT,implementation completion report,2025,Preparation of Benin’s First Biennial Update Report (BUR1) to UNFCCC,en,OK,,terminal evaluation,
gef,gef_5902_Terminal_Evaluation.pdf,TERMINAL EVALUATION,terminal evaluation,2025,Adapting to Climate Change Induced Coastal Risks Management in Sierra Leone,en,OK,,terminal evaluation,
gef,gef_6912_Terminal_Evaluation.pdf,TERMINAL EVALUATION,terminal evaluation,2025,Strengthening Comoros Resilience Against Climate Change and Variability Related Disaster,en,OK,,terminal evaluation,
gef,gef_6968_Terminal_Evaluation.pdf,TERMINAL EVALUATION,terminal evaluation,2025,Chad National Adaptation Plan,en,OK,,terminal evaluation,
gef,gef_6983_Project_Implementation_Report.pdf,PROJECT IMPLEMENTATION REPORT,implementation status / progress report,2025,Mozambique: Building Resilience in the Coastal Zone through Ecosystem Based Approaches to Adaptation (EbA).,en,NOT_AN_EVALUATION,,,
gef,gef_8010_Mid-Term_Review.pdf,Executive Summary of the Mid-Term Review of FAO-GEF Project,mid-term evaluation,2022,Natural Landscapes Rehabilitation and Climate Change Adaptation in the Region of Mumirwa in Bujumbura and Mayor of Bujumbura through a Farmer Field School Approach,en,OK,,mid-term evaluation,
gef,gef_8020_Mid-Term_Review.pdf,Mid-term evaluation of the Planning and Financing for Climate Change Adaptation (PFAN) project,mid-term evaluation,2023,Planning and Financing for Climate Change Adaptation (CCA) in Niger,en,OK,,mid-term evaluation,
gef,gef_8028_Terminal_Evaluation.pdf,TERMINAL EVALUATION,terminal evaluation,2025,Support for Integrated Water Resources Management to Ensure Water Access and Disaster Reduction for Somalia’s Pastoralists,en,OK,,terminal evaluation,
gef,gef_9110_Terminal_Evaluation.pdf,PROJECT OPERATIONAL COMPLETION REPORT,monitoring & evaluation report,2025,PREPARATION OF GABON’S INITIAL BIENNIAL UPDATE REPORT (BUR1) TO THE UNFCCC GEF-FUNDED PROJECT: Enabling Activity,en,OK,,terminal evaluation,
gef,gef_9132_Terminal_Evaluation.pdf,TERMINAL EVALUATION,terminal evaluation,2025,Food-IAP: Reversing Land Degradation Trends and Increasing Food Security in Degraded Ecosystems of Semi-arid Areas of Central Tanzania,en,OK,,terminal evaluation,
gef,gef_9136_Terminal_Evaluation.pdf,REPORT ON THE COMPLETION OF THE ProDAF/GEF GUICHET ON GEF FINANCING,implementation completion report,2023,ProDAF FEM financing window completion report (GEF grant),en,OK,,terminal evaluation,
gef,gef_9145_Mid-Term_Review.pdf,Final Report,mid-term evaluation,2023,Mid-term Evaluation for the GEF-funded project for resilience and resource-efficiency in Johannesburg,en,OK,,mid-term evaluation,
gef,gef_9171_Terminal_Evaluation.pdf,PROJECT OPERATIONAL COMPLETION REPORT,implementation completion report,2025,Preparation of Ghana’s Fourth National Communication (NC4) and Second Biennial Update Report (BUR2) to UNFCCC,en,OK,,terminal evaluation,
gef,gef_9178_Mid-Term_Review.pdf,Mid-term review of FAO-GEF project,mid-term evaluation,2021,Food-IAP: Support for Sustainable Food Production and Enhancement of Food Security and Climate Resilience in Burundi's Highlands,en,OK,,mid-term evaluation,
gef,gef_9213_Terminal_Evaluation.pdf,IMPLEMENTATION COMPLETION AND RESULTS REPORT,implementation completion report,2024,Zambia Integrated Forest Landscape Project,en,OK,,terminal evaluation,
gef,gef_9225_Terminal_Evaluation.pdf,Independent Evaluation,monitoring & evaluation report,2024,Towards Sustainable Energy for All in Mozambique: Providing Market-Based Dissemination of Integrated Renewable Energy Systems for Productive Activities in Rural Areas,en,OK,,terminal evaluation,
gef,gef_9291_Mid-Term_Review.pdf,MID-TERM REVIEW,mid-term evaluation,2020,Project to Promote Small Hydroelectric Power Plants in the Central African Republic,en,OK,,mid-term evaluation,
gef,gef_9294_Terminal_Evaluation.pdf,GEF 7 Core Indicators – March 2019 (revised),monitoring & evaluation report,2019,,en/fr,OK,,terminal evaluation,
gef,gef_9327_Terminal_Evaluation.pdf,Simplified Operational Completion Report,implementation completion report,2025,Enabling Activities for preparation of Mauritania's Fourth National Communication (NC4) to the UNFCCC,en,OK,,terminal evaluation,
gef,gef_9330_Terminal_Evaluation.pdf,IMPLEMENTATION COMPLETION AND RESULTS REPORT,implementation completion report,2024,Sustainable Landscape Management Project,en,OK,,terminal evaluation,
gef,gef_9340_Terminal_Evaluation.pdf,IMPLEMENTATION COMPLETION AND RESULTS REPORT,implementation completion report,2021,Sustainable Land and Water Management Project,en,OK,,terminal evaluation,
gef,gef_9383_Terminal_Evaluation.pdf,TERMINAL EVALUATION,terminal evaluation,2025,Sustainable Forest Management and Conservation Project in Central and South Benin,en,OK,,terminal evaluation,
gef,gef_9417_Mid-Term_Review.pdf,MID-TERM EVALUATION OF THE PROJECT “RECONNECT”,mid-term evaluation,,"Restoration of Ecological Corridors of West Mayo-Kebbi in Chad, in support of the Multiple Land and Forest Benefits (RECONNECT)",en,OK,,mid-term evaluation,
gef,gef_9423_Mid-Term_Review.pdf,MID-TERM REVIEW,mid-term evaluation,2025,Egyptian Programme for Promoting Industrial Motor Efficiency,en,OK,,mid-term evaluation,
gef,gef_9488_Project_Implementation_Report.pdf,PROJECT IMPLEMENTATION REPORT,monitoring & evaluation report,2025,Rural Livelihoods' Adaptation to Climate Change in the Horn of Africa - Phase II (RLACC II),en,OK,,,
gef,gef_9498_Mid-Term_Review.pdf,Mid-Term Review of the UNEP-GEF Project ‘Leapfrogging Tunisia’s lighting market to high efficiency technologies’,mid-term evaluation,2025,Leapfrogging Tunisia’s lighting market to high efficiency technologies,en,OK,,mid-term evaluation,
gef,gef_9515_Terminal_Evaluation.pdf,GEF 7 Core Indicator Worksheet Annex B,administrative / meeting document,2019,,en,NOT_AN_EVALUATION+TYPE_MISMATCH,,terminal evaluation,
gef,gef_9517_Mid-Term_Review.pdf,Mid-Term Review of FAO-GEF Project FAO Project ID: GCP/STP/022/GFF GEF Project ID: 9517 Landscape Restoration for Ecosystem Functionality and Climate Change Mitigation in the Republic of Sao Tome & Principe The Restoration Initiative Child project Final Report MTR conducted in November 2021,mid-term evaluation,2022,Landscape Restoration for Ecosystem Functionality and Climate Change Mitigation in the Republic of Sao Tome & Principe – The Restoration Initiative Child project,en,OK,,mid-term evaluation,
gef,gef_9519_Project_Implementation_Report.pdf,PROJECT IMPLEMENTATION REPORT,implementation status / progress report,2025,"Supporting Landscapes Restoration and Sustainable Use of Local Plant Species and Tree Products (Bambusa ssp, Irvingia spp, etc) for Biodiversity Conservation, Sustainable Livelihoods and Emissions Reduction in Cameroon",en,NOT_AN_EVALUATION,,,
gef,gef_9524_Mid-Term_Review.pdf,MID-TERM REVIEW,mid-term evaluation,2025,Supporting the implementation of integrated ecosystem management approach for landscape restoration and biodiversity conservation in Tanzania,en,OK,,mid-term evaluation,
gef,gef_9526_Mid-Term_Review.pdf,MID-TERM REVIEW,mid-term evaluation,2025,"Enhancing Integrated Natural Resource Management to Arrest and Reverse Current Trends in Biodiversity Loss and Land Degradation for Increased Ecosystem Services in the Tana Delta, Kenya",en,OK,,mid-term evaluation,
gef,gef_9556_Mid-Term_Review.pdf,Final Report,mid-term evaluation,2022,Restoration of arid and semi‐arid lands (ASAL) of Kenya through bio‐enterprise development and other incentives The Restoration Initiative Child project,en,OK,,mid-term evaluation,
gef,gef_9660_Terminal_Evaluation.pdf,TERMINAL EVALUATION,terminal evaluation,2025,Strengthening Biodiversity and Ecosystems Management and Climate-Smart Landscapes in the Mid to Lower Zambezi Region of Zimbabwe,en,OK,,terminal evaluation,
gef,gef_9673_Terminal_Evaluation.pdf,Terminal Evaluation of the UNEP-GEF Project: Strengthening South Africa’s Capacity to comply with enhanced transparency reporting requirements under Article 13 of the Paris Agreement (GEF ID 9673),terminal evaluation,2025,Strengthening South Africa’s Capacity to comply with enhanced transparency reporting requirements under Article 13 of the Paris Agreement,en,OK,,terminal evaluation,
gef,gef_9674_Terminal_Evaluation.pdf,Terminal Evaluation Final Report,terminal evaluation,2020,"Strengthening National Institutions in Kenya to Meet the Transparency Requirements of the Paris Agreement and Supporting the Coordination of National, Regional and Global Transparency-related Activities in Kenya (CBIT Kenya)",en,OK,,terminal evaluation,
gef,gef_9714_Mid-Term_Review.pdf,MID-TERM REVIEW,mid-term evaluation,2025,Improving Nigeria's Industrial Energy Performance and Resource Efficient Cleaner Production through Programmatic Approaches and the Promotion of Innovation in Clean Technology Solutions,en,OK,,mid-term evaluation,
gef,gef_9760_Terminal_Evaluation.pdf,IMPLEMENTATION COMPLETION AND RESULTS REPORT,implementation completion report,2024,Improved Forested Landscape Management Project,en,OK,,terminal evaluation,
gef,gef_9820_Terminal_Evaluation.pdf,Validated Terminal Review of the UNEP-GEF Project,terminal evaluation,2023,Strengthening Ghana's national capacity for transparency and ambitious climate reporting,en,OK,,terminal evaluation,
gef,gef_9842_Terminal_Evaluation.pdf,IMPLEMENTATION COMPLETION AND RESULTS REPORT,implementation completion report,2025,Shire Valley Transformation Program - Phase 1,en,OK,,terminal evaluation,
gef,gef_9897_Project_Implementation_Report.pdf,PROJECT IMPLEMENTATION REPORT,implementation status / progress report,2025,Strategic Program to Promote Renewable Energy and Energy Efficiency Investments in the Electricity Sector of Sao Tome and Principe,en,NOT_AN_EVALUATION,,,
gef,gef_9923_Terminal_Evaluation.pdf,TERMINAL EVALUATION REPORT (Final),terminal evaluation,2022,Building and strengthening Liberia’s national capacity to implement the transparency elements of the Paris Climate Agreement (CBIT Liberia),en,OK,,terminal evaluation,
gef,gef_9997_Terminal_Evaluation.pdf,Draft Terminal Evaluation Report – CBIT Rwanda Project,terminal evaluation,2025,Strengthening the Capacity of Institutions in Rwanda to Implement the Transparency Requirements of the Paris Agreement,en,OK,,terminal evaluation,
gcf,gcf_FP023_Evaluation_report.pdf,Final Evaluation Report,terminal evaluation,2024,Climate Resilient Agriculture in three of the Vulnerable Extreme northern crop-growing regions (CRAVE) Namibia,en,OK,,terminal evaluation,
gcf,gcf_FP023_Evaluation_report_1.pdf,Interim Evaluation Report,monitoring & evaluation report,2021,Climate Resilient Agriculture in three of the Vulnerable Extreme northern crop-growing regions (CRAVE) Namibia,en,OK,,terminal evaluation,
gcf,gcf_FP023_Project_completion_summary.pdf,GCF PROJECT COMPLETION SUMMARY,monitoring & evaluation report,2023,"Climate Resilient Agriculture in three of the Kavango West, Kavango East, and Zambezi regions (CRAVE)",en,OK,,implementation completion report,
gcf,gcf_FP024_Evaluation_report.pdf,Interim Evaluation Report,monitoring & evaluation report,2020,Empower to Adapt: Creating Climate-Change Resilient Livelihoods through Community-Based Natural Resource Management in Namibia,en,OK,,terminal evaluation,
gcf,gcf_FP024_Evaluation_report_1.pdf,Final Independent Evaluation Report,monitoring & evaluation report,2023,Empower to Adapt: Creating Climate-Change Resilient Livelihoods through Community-Based Natural Resource Management in Namibia,en,OK,,terminal evaluation,
gcf,gcf_FP024_Project_completion_report.pdf,Project/Programme Completion Report (PCR) TEMPLATE,monitoring & evaluation report,2023,Empower to Adapt: Creating Climate-Change Resilient Livelihoods through Community-Based Natural Resource Management in Namibia,en,OK,,implementation completion report,
gcf,gcf_FP024_Project_completion_summary.pdf,GCF PROJECT COMPLETION SUMMARY,monitoring & evaluation report,2022,Empower to Adopt: Creating Climate-Change Resilient Livelihoods through Community-Based Natural Resource Management in Namibia,en,OK,,implementation completion report,
gcf,gcf_FP049_Final_evaluation_2017.pdf,Final Evaluation Report,monitoring & evaluation report,2025,Building the climate resilience of food insecure smallholder farmers through integrated management of climate risks (the R4 Rural Resilience Initiative),en,YEAR_MISMATCH,,terminal evaluation,2017
afdb,afdb_EVAL_Egypt_-_El_Beheira_Rural_Development_Project_2020.pdf,Abbreviated Project Performance Evaluation Report (PPER),portfolio performance review / program evaluation,1999,El-Beheira Rural Development Project,en,YEAR_MISMATCH,,,2020
afdb,afdb_EVAL_El_Nino_Infrastructure_Rehabilitation_2020.pdf,PROJECT PERFORMANCE EVALUATION REPORT,portfolio performance review / program evaluation,2007,Kenya El Nino Infrastructure Rehabilitation Project,en,YEAR_MISMATCH,,,2020
afdb,afdb_EVAL_Evaluation_of_the_African_Development_Bank_Group_s_strategy_2019.pdf,An IDEV Corporate Evaluation Evaluation of the AfDB's Strategy for Addressing Fragility and Building Resilience in Africa (2014–2019) Summary Report,monitoring & evaluation report,2020,,en,OK,,terminal evaluation,2019
afdb,afdb_EVAL_Pilot_Research_development_Support_Project_On_Integrated_Pes_2020.pdf,Project Performance Evaluation Report (PPER),monitoring & evaluation report,2010,MULTINATIONAL PILOT RESEARCH/DEVELOPMENT SUPPORT PROJECT ON INTEGRATED PEST MANAGEMENT FOR SUBSISTENCE FARMING IN THE LAKE CHAD BASIN,en,YEAR_MISMATCH,,,2020
afdb,afdb_EVAL_Project_to_Upgrade_the_Cotonou-Porto_Novo_Road_2020.pdf,PROJECT PERFORMANCE EVALUATION REPORT (PPER),monitoring & evaluation report,2010,Project to Upgrade the Cotonou-Porto Novo Road,en,YEAR_MISMATCH,,,2020
afdb,afdb_EVAL_Strengthening_Agricultural_Value_Chains_to_Feed_Africa_Clus_2020.pdf,An IDEV Project Cluster Evaluation,portfolio performance review / program evaluation,2018,Strengthening Agricultural Value Chains to Feed Africa,en,YEAR_MISMATCH,,,2020
afdb,afdb_EVAL_The_African_Development_Bank_s_Support_for_Agricultural_Valu_2020.pdf,Independent Development Evaluation Evaluation of Bank’s Support to the Agricultural Value Chains Development Draft Approach Paper,administrative / meeting document,2016,Evaluation of Bank’s Support to the Agricultural Value Chains Development,en,NOT_AN_EVALUATION+YEAR_MISMATCH,,,2020
afdb,afdb_EVAL_Towards_purposeful_partnerships_in_African_agriculture_2020.pdf,Towards purposeful partnerships in African agriculture,portfolio performance review / program evaluation,2010,,en,YEAR_MISMATCH,,,2020
afdb,afdb_PCR_African_Continent_-_Harmonization_of_African_Standards_for_A_2019.pdf,PROJECT COMPLETION REPORT,administrative / meeting document,2017,Harmonization of African Standards for Agriculture and Food Products,en,NOT_AN_EVALUATION+TYPE_MISMATCH+YEAR_MISMATCH,,implementation completion report,2019
afdb,afdb_PCR_Angola_-_Bom_Jesus-Calenga_Smallholder_Agricultural_Developm_2020.pdf,PROJECT COMPLETION REPORT FOR PUBLIC SECTOR OPERATIONS (PCR),administrative / meeting document,2018,Bom Jesus-Calenga Smallholder Agricultural Development Project,en,NOT_AN_EVALUATION+TYPE_MISMATCH+YEAR_MISMATCH,,implementation completion report,2020
afdb,afdb_PCR_Angola_-_Emergency_Food_and_Nutrition_Security_for_Children_2023.pdf,PROJECT COMPLETION REPORT FOR PUBLIC SECTOR OPERATIONS (PCR),implementation completion report,2023,EMERGENCY FOOD AND NUTRITION SECURITY FOR CHILDREN IN BIE REGION,en,OK,,implementation completion report,2023
afdb,afdb_PCR_Angola_-_Fisheries_Sector_Support_Project_-_Project_Completi_2024.pdf,PROJECT COMPLETION REPORT FOR PUBLIC SECTOR OPERATIONS (PCR),implementation completion report,2024,FISHERIES SECTOR SUPPORT PROJECT,en,OK,,implementation completion report,2024
afdb,afdb_PCR_Benin_-_Project_to_Support_Food_Production_and_Build_Resilie_2023.pdf,PROJECT COMPLETION REPORT (PCR) FOR PUBLIC SECTOR OPERATIONS,implementation completion report,2023,"PROJECT TO SUPPORT FOOD PRODUCTION AND BUILD RESILIENCE IN ALIBORI, BORGOU AND COLLINES DEPARTMENTS (PAPVIRE-A)",en,OK,,implementation completion report,2023
afdb,afdb_PCR_Benin_-_Projet_d_Appui_a_la_Production_Vivriere_et_au_Renfor_2025.pdf,RAPPORT D’ACHÈVEMENT DE PROJET (RAP) POUR LES OPERATIONS DU SECTEUR PUBLIC,implementation completion report,2023,PROJET D’APPUI A LA PRODUCTION VIVRIÈRE ET AU RENFORCEMENT RESILIENCE DANS LES COLLINES DE ALIBORI ET BORGOU (PAPVIRE-A),fr,YEAR_MISMATCH,,implementation completion report,2025
afdb,afdb_PCR_Burkina_Faso_-_Sub-Project_drainage_of_Ouagadougou_s_outlyin_2022.pdf,PROJECT COMPLETION REPORT (PCR) FOR PUBLIC SECTOR OPERATIONS,implementation completion report,2022,SUB-PROJECT 1- DRAINAGE OF OUAGADOUGOU’S OUTLYING DISTRICTS (SPAQPO),en,OK,,implementation completion report,2022
afdb,afdb_PCR_Burkina_Faso_-_Support_Project_for_Establishing_an_Agribusin_2024.pdf,PROJECT COMPLETION REPORT (PCR) FOR PUBLIC SECTOR OPERATIONS,implementation completion report,2024,SUPPORT PROJECT FOR ESTABLISHING AN AGRIBUSINESS BANK (PACBA),en,OK,,implementation completion report,2024
afdb,afdb_PCR_Burundi_-_Rwanda_Nyamitanga-Ruhwa-Ntendezi-Mwityazo_Road_Pro_2019.pdf,PROJECT COMPLETION REPORT (PCR),implementation completion report,2019,Nyamitanga-Ruhwa-Ntendezi-Mwityazo Road Project,en,OK,,implementation completion report,2019
afdb,afdb_PCR_Burundi_-_Songa_Solar-Hydro_Hybrid_grid_connected_mini-grids_2024.pdf,SIMPLIFIED PROJECT COMPLETION REPORT,implementation completion report,2024,Songa Solar-Hydro Hybrid grid connected mini-grids,en,OK,,implementation completion report,2024
afdb,afdb_PCR_Burundi_-_Watershed_management_and_climate_resilience_improv_2019.pdf,PROJECT COMPLETION REPORT (PCR),implementation completion report,2018,Watershed Management and Climate Resilience Improvement Project (PABVARC),en,OK,,implementation completion report,2019
afdb,afdb_PCR_Cabo_Verde_-_Support_for_the_General_Agricultural_Census_GA_2020.pdf,PROJECT COMPLETION REPORT (PCR) FOR PUBLIC SECTOR OPERATIONS,implementation completion report,2020,Support for the General Agricultural Census (GAC),en,OK,,implementation completion report,2020
afdb,afdb_PCR_Cameroon_-_Grassfield_Participatory_and_Decentralized_Rural_2022.pdf,PROJECT COMPLETION REPORT,implementation completion report,2022,Grassfield Participatory and Decentralized Rural Development Project (Phase II),en,OK,,implementation completion report,2022
afdb,afdb_PCR_Cameroon_-_Project_to_Support_the_National_Agricultural_Rese_2019.pdf,PROJECT COMPLETION REPORT,implementation completion report,2009,Project to Support the National Agricultural Research and Extension Programme,en,YEAR_MISMATCH,,implementation completion report,2019
afdb,afdb_PCR_Chad_-_Emergency_Fiscal_Consolidation_Support_Programme_Puc_2020.pdf,PUCB COMPLETION REPORT (PCR),implementation completion report,2020,Emergency Fiscal Consolidation Support Programme (PUCB),en,OK,,implementation completion report,2020
afdb,afdb_PCR_Chad_-_Pastoral_Livestock_System_Support_Project_-_Project_C_2018.pdf,COMPLETION REPORT – PROJECT,implementation completion report,2011,Pastoral Livestock System Support Project (PASEP),en,YEAR_MISMATCH,,implementation completion report,2018
afdb,afdb_PCR_Chad_-_Rural_Pastoral_and_Transhumance_Infrastructure_Proje_2020.pdf,PROJECT COMPLETION REPORT,implementation completion report,2020,"Rural, Pastoral and Transhumance Infrastructure Project",en,OK,,implementation completion report,2020
afdb,afdb_PCR_Cote_d_Ivoire_-_Agricultural_Infrastructure_Support_Project_2020.pdf,PROJECT COMPLETION REPORT,implementation completion report,2020,Agricultural Infrastructure Support Project in Indenie-Djuablin Region (PAIA-ID),en,OK,,implementation completion report,2020
afdb,afdb_PCR_Djibouti_-_AEPA_en_milieu_rural_et_centres_secondaires_de_Ta_2024.pdf,RAPPORT D’ACHÈVEMENT DE PROJET (RAP) POUR LES OPERATIONS DU SECTEUR PUBLIC,implementation completion report,2023,"AEPA EN MILIEU RURAL ET CENTRES SECONDAIRES DE TADJOURAH, ARTA ET ALI SABIEH",fr,OK,,implementation completion report,2024
afdb,afdb_PCR_Djibouti_-_Drought_Resilience_and_Sustainable_Livelihood_Pro_2024.pdf,PROJECT COMPLETION REPORT (PCR) FOR PUBLIC SECTOR OPERATIONS,implementation completion report,2024,Drought Resilience and Sustainable Livelihood Programme in the Horn of Africa Countries - Phase III (DRSLP - III),en,OK,,implementation completion report,2024
afdb,afdb_PCR_Djibouti_-_Drought_Resilience_and_Sustainable_Livelihoods_Pr_2020.pdf,PROJECT COMPLETION REPORT (PCR),implementation completion report,2020,Drought Resilience and Sustainable Livelihoods Programme in the Horn of Africa (DRSLP - I),en,OK,,implementation completion report,2020
afdb,afdb_PCR_Djibouti_-_GEF_Rural_Livelihoods_Adaptation_to_Climate_Chang_2024.pdf,PROJECT COMPLETION REPORT (PCR) FOR PUBLIC SECTOR OPERATIONS,implementation completion report,2024,Rural Livelihoods’ Adaptation to Climate Change in the Horn of Africa (RLACC),en,OK,,implementation completion report,2024
afdb,afdb_PCR_DRC_-_Preparation_Project_for_the_Development_and_Constructi_2023.pdf,SIMPLIFIED PROJECT COMPLETION REPORT,implementation completion report,2023,Preparation project for the development and construction of the ENK Special Purpose Hydropower Plants in North Kivu Province,en,OK,,implementation completion report,2023
afdb,afdb_PCR_Egypt_-_Feasibility_Study_and_Capacity_Building_for_the_Use_2023.pdf,MIC TAF COMPLETION REPORT,implementation completion report,2023,Feasibility Study and Capacity Building for the Use Of Renewable Energy For Pumping Irrigation Water,en,OK,,implementation completion report,2023
afdb,afdb_PCR_Eritrea_-_Drought_Resilience_and_Sustainable_Livelihoods_Pro_2024.pdf,PROJECT COMPLETION REPORT FOR PUBLIC SECTOR OPERATIONS (PCR),implementation completion report,2024,DROUGHT RESILIENCE AND SUSTAINABLE LIVELIHOODS PROGRAMME DRLSP-IV ERITREA,en,OK,,implementation completion report,2024
afdb,afdb_PCR_Eswatini_-_AEFPF_-_Food_Security_Budget_Support_-_Project_Co_2025.pdf,PROJECT COMPLETION REPORT FOR PUBLIC SECTOR OPERATIONS (PCR),implementation completion report,2025,ESWATINI AEFPF - FOOD SECURITY BUDGET SUPPORT,en,OK,,implementation completion report,2025
afdb,afdb_PCR_Ethiopia_-_Assela_Wind_Farm_-_Wind_Feasibility_Study_and_Bid_2023.pdf,PROJECT COMPLETION REPORT,implementation completion report,2018,Assela Wind Farm - Wind Feasibility Study and Bid Document Preparation,en,YEAR_MISMATCH,,implementation completion report,2023
afdb,afdb_PCR_Ethiopia_-_Ethiopia_Improved_Sanitation_Value_Chain_in_ArbaM_2022.pdf,PROJECT COMPLETION REPORT FOR PUBLIC SECTOR OPERATIONS (PCR),implementation completion report,2021,Ethiopia (P-ET-EAZ-005) Improved Sanitation Value Chain in ArbaMinch,en,OK,,implementation completion report,2022
afdb,afdb_PCR_Gabon_-_Promotion_des_Investissements_dans_les_Filieres_Port_2023.pdf,RAPPORT D’ACHÈVEMENT DE PROJETS,implementation completion report,2020,Promotion des Investissements dans les Filières Porteuses Café/Cacao et Cultures Vivrières,fr,YEAR_MISMATCH,,implementation completion report,2023
afdb,afdb_PCR_Gabon_-_Technical_Support_for_the_Agricultural_Transformatio_2022.pdf,PROJECT COMPLETION REPORT (PCR),implementation completion report,2022,TECHNICAL SUPPORT FOR THE AGRICULTURAL TRANSFORMATION STRATEGY AND PROMOTION OF YOUTH ENTREPRENEURSHIP IN THE AGRICULTURAL SECTOR AND AGRIBUSINESS* (PASTA-PEJA),en,OK,,implementation completion report,2022
afdb,afdb_PCR_Gambia_-_Lowland_Agricultural_Development_Programme_LADEP_2019.pdf,PROGRAMME COMPLETION REPORT,implementation completion report,2007,Lowland Agricultural Development Programme (LADEP),en,YEAR_MISMATCH,,implementation completion report,2019
afdb,afdb_PCR_Gambia_-_The_Gambia_Strategic_Program_On_Climate_Resilience_2022.pdf,PROJECT COMPLETION REPORT,implementation completion report,2021,THE GAMBIA STRATEGIC PROGRAM ON CLIMATE RESILIENCE PROJECT,en,OK,,implementation completion report,2022
afdb,afdb_PCR_Guinea_Bissau_-_Rice_Value_Chains_Development_Project_-_Proj_2025.pdf,PROJECT COMPLETION REPORT (PCR) FOR PUBLIC SECTOR OPERATIONS,implementation completion report,2024,RICE VALUE CHAINS DEVELOPMENT PROJECT,en,OK,,implementation completion report,2025
afdb,afdb_PCR_Kenya_-_Drought_Resilience_Sustainable_Livelihood_Program_2024.pdf,PROJECT COMPLETION REPORT FOR PUBLIC SECTOR OPERATIONS,implementation completion report,2024,KENYA-DROUGHT RESILIENCE & SUSTAINABLE LIVELIHOOD PROGRAM IN THE HORN OF AFRICA (PHASE I),en,OK,,implementation completion report,2024
afdb,afdb_PCR_Kenya_-_GEF_Rural_Livelihoods_Adaptation_to_Climate_Change_i_2024.pdf,PROJECT COMPLETION REPORT FOR PUBLIC SECTOR OPERATIONS (PCR),implementation completion report,2024,KENYA-MULTINATIONAL-GEF RURAL LIVELIHOODS ADAPTATION TO CLIMATE CHANGE IN THE HORN OF AFRICA-I,en,OK,,implementation completion report,2024
afdb,afdb_PCR_Lesotho_-_Mafeteng_Solar_PV_Project_-_Project_Completion_Rep_2022.pdf,PROJECT COMPLETION REPORT (PCR),implementation completion report,2022,Lesotho - Mafeteng Solar PV Project,en,OK,,implementation completion report,2022
afdb,afdb_PCR_Liberia_-_Agriculture_Sector_Rehabilitation_Project_ASRP_-_2018.pdf,PROJECT COMPLETION REPORT (PCR),implementation completion report,2018,Agriculture Sector Rehabilitation Project (ASRP),en,OK,,implementation completion report,2018
afdb,afdb_PCR_Liberia_-_Smallholder_Agricultural_Productivity_Enhancement_2022.pdf,PROJECT COMPLETION REPORT (PCR),implementation completion report,2022,SMALLHOLDER AGRICULTURAL PRODUCTIVITY ENHANCEMENT AND COMMERCIALIZATION (SAPEC),en,OK,,implementation completion report,2022
afdb,afdb_PCR_Madagascar_-_Emergency_humanitarian_aid_following_the_combin_2022.pdf,Rapport technique et financier,monitoring & evaluation report,2021,"Projet d’appui à l'amélioration de l'efficacité et de l’efficience en matière de réduction des risques de catastrophes (naturelles, climatiques et anthropiques)",fr,OK,,implementation completion report,2022
afdb,afdb_PCR_Madagascar_-_Program_for_Promoting_Youth_Entrepreneurship_in_2023.pdf,PROJECT COMPLETION REPORT FOR PUBLIC SECTOR OPERATIONS (PCR),implementation completion report,2023,PROGRAMME FOR PROMOTING YOUTH ENTREPRENEURSHIP IN AGRICULTURE AND AGRO-INDUSTRY,en,OK,,implementation completion report,2023
afdb,afdb_PCR_Madagascar_-_Projet_d_appui_a_l_amelioration_de_l_efficacite_2023.pdf,RAPPORT D’ACHEVEMENT DE PROJET,implementation completion report,2022,"Projet d’appui à l'amélioration de l'efficacité et de l’efficience en matière de réduction des risques de catastrophes (naturelles, climatiques et anthropiques)",fr,OK,,implementation completion report,2023
afdb,afdb_PCR_Madagascar_-_South-West_Region_Agricultural_Infrastructure_R_2023.pdf,PROJECT COMPLETION REPORT FOR PUBLIC SECTOR OPERATIONS (PCR),implementation completion report,2023,SOUTH-WEST REGION AGRICULTURAL INFRASTRUCTURE REHABILIGATION PROJECT (PRIASO),en,OK,,implementation completion report,2023
afdb,afdb_PCR_Malawi_-_Agriculture_Infrastructure_Support_Project_AISP_2018.pdf,PROJECT COMPLETION REPORT,implementation completion report,2017,Agriculture Infrastructure Support Project (AISP),en,OK,,implementation completion report,2018
afdb,afdb_PCR_Malawi_-_Climate_Adaptation_for_Rural_Livelihoods_and_Agricu_2023.pdf,PROJECT COMPLETION REPORT,implementation completion report,2016,Climate Adaptation for Rural Livelihoods and Agriculture (CARLA) Project,en,YEAR_MISMATCH,,implementation completion report,2023
afdb,afdb_PCR_Maurice_-_Projet_de_Reamenagement_de_la_Centrale_de_Saint_Lo_2020.pdf,RAPPORT D’ACHEVEMENT DE PROJET (RAP),implementation completion report,2019,PROJET DE RÉAMÉNAGEMENT DE LA CENTRALE DE SAINT LOUIS,fr,OK,,implementation completion report,2020
afdb,afdb_PCR_Mauritanie_-_Aide_humanitaire_d_urgence_aux_victimes_des_ino_2023.pdf,PROJECT COMPLETION REPORT FOR PUBLIC SECTOR OPERATIONS (PCR),implementation completion report,2021,AIDE HUMANITAIRE D’URGENCE AUX VICTIMES DES INONDATIONS DE LA WILAYA DU GUIDAMAKHA,en,YEAR_MISMATCH,,implementation completion report,2023
afdb,afdb_PCR_Morocco_-_Inclusive_and_Sustainable_Development_Support_Prog_2020.pdf,PROJECT COMPLETION REPORT (PCR),implementation completion report,2020,INCLUSIVE AND SUSTAINABLE DEVELOPMENT SUPPORT PROGRAMME FOR AGRICULTURAL SECTORS (PADIDFA),en,OK,,implementation completion report,2020
afdb,afdb_PCR_Morocco_-_National_Irrigation_Water_Saving_Programme_Support_2018.pdf,PROJECT COMPLETION REPORT (PCR),implementation completion report,2018,NATIONAL IRRIGATION WATER SAVING PROGRAMME SUPPORT PROJECT (PAPNEEI),en,OK,,implementation completion report,2018
afdb,afdb_PCR_Morocco_-_Noor_Ouarzazate_Solar_Complex_Project_-_Phase_I_N_2019.pdf,PROJECT COMPLETION REPORT FOR PUBLIC SECTOR OPERATIONS (PCR),implementation completion report,2019,Noor Ouarzazate Solar Complex Project – Phase I (Noor Ouarzazate I Power Plant),en,OK,,implementation completion report,2019
afdb,afdb_PCR_Morocco_-_NOOR_Ouarzazate_Solar_Complex_Project_-_Phase_II_2020.pdf,PROJECT COMPLETION REPORT (PCR),implementation completion report,2020,NOOR Ouarzazate Solar Complex Project – Phase II (NOOR Ouarzazate II Power Plant),en,OK,,implementation completion report,2020
afdb,afdb_PCR_Morocco_-_NOOR_Ouarzazate_Solar_Complex_Project_-_Phase_III_2021.pdf,PROJECT COMPLETION REPORT (PCR),implementation completion report,2021,NOOR OUARZAZATE SOLAR COMPLEX PROJECT – PHASE III (NOOR OUARZAZATE III POWER PLANT,en,OK,,implementation completion report,2021
afdb,afdb_PCR_Mozambique_-_Baixo_Limpopo_Irrigation_Climate_Resilience_P_2025.pdf,PROJECT COMPLETION REPORT FOR PUBLIC SECTOR OPERATIONS (PCR),implementation completion report,2025,BAIXO LIMPOPO IRRIGATION & CLIMATE RESILIENCE PROJECT,en,OK,,implementation completion report,2025
afdb,afdb_PCR_Mozambique_-_Integrated_Feasibility_Study_and_Project_Prepar_2023.pdf,PROJECT COMPLETION REPORT FOR PUBLIC SECTOR OPERATIONS (PCR),implementation completion report,2018,Integrated Feasibility Study and Project Preparation for the COFAMOSA Irrigation Project,en,YEAR_MISMATCH,,implementation completion report,2023
afdb,afdb_PCR_Mozambique_-_Massingir_Dam_and_Smallholder_Agricultural_Reha_2018.pdf,PROJECT COMPLETION REPORT (PCR),implementation completion report,2018,Massingir Dam and Smallholder Agricultural Rehabilitation Project Supplementary Loan,en,OK,,implementation completion report,2018
afdb,afdb_PCR_Mozambique_-_Namaacha_Wind_Farm_Project_-_Project_Completion_2024.pdf,SIMPLIFIED PROJECT COMPLETION REPORT (PCR),implementation completion report,2024,"Moçambique – Namaacha Wind Farm Project – Parque Eólico de Namaacha S.A., SPV (eleQtra Moçambique Ltd.)",en,OK,,implementation completion report,2024
afdb,afdb_PCR_Mozambique_-_Niassa_Provincial_Towns_Water_Supply_and_Sanita_2017.pdf,PROJECT COMPLETION REPORT FOR PUBLIC SECTOR OPERATIONS (PCR),implementation completion report,2017,NIASSA PROVINCIAL TOWNS WATER SUPPLY AND SANITATION PROJECT,en,OK,,implementation completion report,2017
afdb,afdb_PCR_Mozambique_-_Urban_Sanitation_Drainage_and_Solid_Waste_Mana_2024.pdf,PROJECT COMPLETION REPORT FOR PUBLIC SECTOR OPERATIONS (PCR),implementation completion report,2024,"URBAN SANITATION, DRAINAGE AND SOLID WASTE MANAGEMENT IN CHIMOIO & INHAMBANE",en,OK,,implementation completion report,2024
afdb,afdb_PCR_Mozambique_-_Women_s_Empowerment_and_Skills_Development_Proj_2023.pdf,PROJECT COMPLETION REPORT FOR PUBLIC SECTOR OPERATIONS (PCR),implementation completion report,2023,WOMEN’S EMPOWERMENT AND SKILLS DEVELOPMENT PROJECT - CONSOLIDATION PHASE (WESDP II),en,OK,,implementation completion report,2023
afdb,afdb_PCR_Mozambique_-PPF-Value_Chain_and_Market_Development_Program_A_2023.pdf,PROJECT COMPLETION REPORT FOR PUBLIC SECTOR OPERATIONS (PCR),implementation completion report,2023,PPF-VALUE CHAIN AND MARKET DEVELOPMENT PROGRAM ALONG PEMBA-LICHINGA CORRIDOR,en,OK,,implementation completion report,2023
afdb,afdb_PCR_Multinational_-_50_Million_African_Women_Speak_Networking_Pl_2021.pdf,PROJECT COMPLETION REPORT (PCR),implementation completion report,2021,50 Million African Women Speak networking platform project to improve access to information on financial and non-financial services (COMESA) / 50 Million African Women Speak networking platform project to improve access to information on financial and non-financial services (EAC),en,OK,,implementation completion report,2021
afdb,afdb_PCR_Multinational_-_Benin_Togo_-_Lome-Cotonou_Road_Rehabilitatio_2023.pdf,PROJECT COMPLETION REPORT FOR PUBLIC SECTOR OPERATIONS (PCR),implementation completion report,2023,BENIN/TOGO: LOME-COTONOU ROAD REHABILITATION AND ABIDJAN- LAGOS TRANSPORT CORRIDOR FACILITATION PROJECT: PHASE 1,fr,OK,,implementation completion report,2023
afdb,afdb_PCR_Multinational_-_CGIAR_-_Support_to_Agricultural_Research_for_2018.pdf,PROJECT COMPLETION REPORT (PCR),implementation completion report,2017,MULTINATIONAL – CGIAR: “SUPPORT TO AGRICULTURAL RESEARCH FOR DEVELOPMENT OF STRATEGIC CROPS IN AFRICA” (SARD-SC),en,OK,,implementation completion report,2018
afdb,afdb_PCR_Multinational_-_DRC_Kolwezi_-_Zambia_Solwezi_330_KV_Powe_2025.pdf,SIMPLIFIED PROJECT COMPLETION REPORT,implementation completion report,2024,DRC (Kolwezi) - ZAMBIA (Solwezi) 330 KV Power Line Interconnection Project,en,OK,,implementation completion report,2025
afdb,afdb_PCR_Multinational_-_Ethiopia-Drought_Resilience_Sustainable_Li_2024.pdf,PROJECT COMPLETION REPORT FOR PUBLIC SECTOR OPERATIONS (PCR),implementation completion report,2024,ETHIOPIA-DROUGHT RESILIENCE & SUSTAINABLE LIVELIHOOD PROGRAM IN THE HORN OF AFRICA (PHASE I),en,OK,,implementation completion report,2024
afdb,afdb_PCR_Multinational_-_IGA-Drought_Resilience_Sustainable_Livelyhoo_2023.pdf,PROJECT COMPLETION REPORT FOR PUBLIC SECTOR OPERATIONS (PCR),implementation completion report,2023,IGAD–DROUGHT RESILIENCE & SUSTAINABLE LIVELIHOOD PROGRAM IN THE HORN OF AFRICA (PHASE I),en,OK,,implementation completion report,2023
afdb,afdb_PCR_Multinational_-_Lakes_Edward_and_Albert_Integrated_Fisheries_2023.pdf,PROJECT COMPLETION REPORT (PCR),implementation completion report,2021,NILE BASIN INITIATIVE / NILE EQUATORIAL LAKES SUBSIDIARY ACTION PROGRAM (NBI / NELSAP) MULTINATIONAL LAKES EDWARD AND ALBERT IN- TEGRATED FISHERIES AND WATER RESOURCES MANAGEMENT (LEAF II) PROJECT,en,YEAR_MISMATCH,,implementation completion report,2023
afdb,afdb_PCR_Multinational_-_Leveraging_investments_to_increase_Access_to_2022.pdf,PROJECT COMPLETION REPORT,implementation completion report,2020,Leveraging investments to increase Access to fertilizer Utilisation by Smallholder Farmers,en,YEAR_MISMATCH,,implementation completion report,2022
afdb,afdb_PCR_Multinational_-_Projet_de_Rehabilitation_de_Routes_et_de_Fac_2024.pdf,RAPPORT D’ACHEVEMENT,implementation completion report,2023,Multinational Togo/Burkina Faso - Projet de Réhabilitation de Routes et de Facilitation du Transport sur le Corridor cu9 Lomé – Cinkansé- Ouagadougou,fr,OK,,implementation completion report,2024
afdb,afdb_PCR_Multinational_-_Regional_Project_on_Sustainable_Management_o_2018.pdf,PROJECT COMPLETION REPORT,implementation completion report,2018,"PROGEBE: Gestion durable du betail ruminant endemique en Afrique de l’Ouest (Gambie, Guinée, Mali, Sénégal)",fr,OK,,implementation completion report,2018
afdb,afdb_PCR_Multinational_-_Technologies_for_African_Agricultural_Transf_2023.pdf,PROJECT COMPLETION REPORT,implementation completion report,2022,Multinational–CGIAR-led Program: “Technologies for African Agricultural Transformation (TAAT) I”,en,OK,,implementation completion report,2023
afdb,afdb_PCR_Namibia_-_Humanitarian_Emergency_Assistance_To_Mitigate_Effe_2023.pdf,PROJECT COMPLETION REPORT,implementation completion report,2023,HUMANITARIAN EMERGENCY ASSISTANCE TO MITIGATE EFFECTS OF 2019 DROUGHT,en,OK,,implementation completion report,2023
afdb,afdb_PCR_Niger_-_Climate_Information_Development_and_Forecasting_Proj_2021.pdf,PROJECT COMPLETION REPORT (PCR) FOR CLIMATE INFORMATION AND FORECASTING DEVELOPMENT PROJECT,implementation completion report,2021,Climate Information Development and Forecasting Project in Niger (PDIPC),en,OK,,implementation completion report,2021
afdb,afdb_PCR_Niger_-_Economic_Resilience_Support_Programme_PARRE_Phase_2020.pdf,PARRE COMPLETION REPORT,implementation completion report,2020,"Economic Resilience Support Programme (PARRE), Phase 1",en,OK,,implementation completion report,2020
afdb,afdb_PCR_Niger_-_Financial_Reforms_and_Food_Security_Support_Programm_2020.pdf,PROJECT COMPLETION REPORT (PCR) FOR PUBLIC-SECTOR OPERATIONS,implementation completion report,2020,Financial Reforms and Food Security Support Programme (PAREFSA II),en,OK,,implementation completion report,2020
afdb,afdb_PCR_Niger_-_programme_de_renforcement_de_la_resilience_a_l_insec_2023.pdf,RAPPORT D’ACHEVEMENT DU PROJET D'ASSISTANCE HUMANITAIRE D'URGENCE EN FAVEUR DES POPULATIONS AFFECTEES PAR LES INONDATIONS (PAUPAI),implementation completion report,2023,RAPPORT D’ACHEVEMENT DU PROJET D'ASSISTANCE HUMANITAIRE D'URGENCE EN FAVEUR DES POPULATIONS AFFECTEES PAR LES INONDATIONS (PAUPAI),fr,OK,,implementation completion report,2023
afdb,afdb_PCR_Niger_-_Water_Mobilization_Project_to_Enhance_Food_Security_2020.pdf,"PROJECT COMPLETION REPORT FOR WATER MOBILIZATION PROJECT TO ENHANCE FOOD SECURITY IN THE MARADI, TAHOUA AND ZINDER REGIONS (PMERSA-MTZ)",implementation completion report,2020,"Water Mobilization Project to Enhance Food Security in the Maradi, Tahoua and Zinder Regions (PMERSA-MTZ)",en,OK,,implementation completion report,2020
afdb,afdb_PCR_Nigeria_-_Capacity_Building_and_Institutional_Strengthening_2023.pdf,PROJECT COMPLETION REVIEW REPORT (PCR),implementation completion report,2020,Capacity Building and Institutional Strengthening of Bank of Agriculture (BOA) Project,en,YEAR_MISMATCH,,implementation completion report,2023
afdb,afdb_PCR_Nigeria_-_Emergency_Assistance_to_Support_the_Fight_against_2023.pdf,Final Report,monitoring & evaluation report,2018,"Emergency Assistance to Support the Fight against Malnutrition in Borno State, Nigeria",en,YEAR_MISMATCH,,implementation completion report,2023
afdb,afdb_PCR_Nigeria_-_Jigawa_Solar_Independent_Power_Procurement_Program_2024.pdf,SIMPLIFIED PROJECT COMPLETION REPORT,implementation completion report,2024,JIGAWA SOLAR INDEPENDENT POWER PROCUREMENT PROGRAMME – PHASE 1,en,OK,,implementation completion report,2024
afdb,afdb_PCR_Nigeria_-_Strengthening_of_the_Federal_Ministry_of_Agricultu_2024.pdf,MIC TAF COMPLETION REPORT,implementation completion report,2023,Strengthening of the Federal Ministry of Agriculture and Rural Development,en,OK,,implementation completion report,2024
afdb,afdb_PCR_Sao_tome_and_principe_-_Infrastructure_Rehabilitation_for_Fo_2018.pdf,PROJECT COMPLETION REPORT (PCR),implementation completion report,2017,Infrastructure Rehabilitation for Food Security Support Project (PRIASA),en,OK,,implementation completion report,2018
afdb,afdb_PCR_Senegal_-_Emergency_Agricultural_Production_Project_in_Seneg_2025.pdf,PROJECT COMPLETION REPORT (PCR) FOR PUBLIC SECTOR OPERATIONS,implementation completion report,2025,EMERGENCY AGRICULTURAL PRODUCTION PROJECT IN SENEGAL,en,OK,,implementation completion report,2025
afdb,afdb_PCR_Senegal_-_Projet_d_appui_a_la_securite_alimentaire_dans_les_2025.pdf,RAPPORT D’ACHÈVEMENT (RAP) POUR LES GROUPE DE LA BANQUE OPERATIONS DU SECTEUR PUBLIC AFRICAINE DE DEVELOPPEMENT,implementation completion report,2023,"Projet d’appui à la sécurité alimentaire dans les régions de Louga, Matam et Kaffrine (PASA-LMK)",fr,YEAR_MISMATCH,,implementation completion report,2025
afdb,afdb_PCR_Sierra_Leone_-_Fiscal_Consolidation_Support_Programme_FCSP_2022.pdf,PROJECT COMPLETION REPORT FOR PUBLIC SECTOR OPERATIONS (PCR),implementation completion report,2022,FISCAL CONSOLIDATION SUPPORT PROGRAMME (FCSP),en,OK,,implementation completion report,2022
afdb,afdb_PCR_Sierra_Leone_-_PFM_Improvement_and_Consolidation_PFMIC_-_P_2022.pdf,PROJECT COMPLETION REPORT FOR PUBLIC SECTOR OPERATIONS (PCR),implementation completion report,2022,PFM IMPROVEMENT AND CONSOLIDATION (PFMIC),en,OK,,implementation completion report,2022
afdb,afdb_PCR_Sierra_Leones_-_Emergency_Food_Production_Project_-_Project_2025.pdf,PROJECT COMPLETION REPORT FOR PUBLIC SECTOR OPERATIONS (PCR),implementation completion report,2025,EMERGENCY FOOD PRODUCTION PROJECT,en,OK,,implementation completion report,2025
afdb,afdb_PCR_Somalia_-_Water_Infrastructure_Development_for_Resilience_In_2022.pdf,PROJECT COMPLETION REPORT FOR PUBLIC SECTOR OPERATIONS (PCR),implementation completion report,2022,WATER INFRASTRUCTURE DEVELOPMENT FOR RESILIENCE IN SOMALILAND PROJECT,en,OK,,implementation completion report,2022
afdb,afdb_PCR_Soudan_-_Darfur_Water_Project_for_Conflict_Resolution_and_Pe_2018.pdf,PROJECT COMPLETION REPORT FOR PUBLIC SECTOR OPERATIONS (PCR),implementation completion report,2018,Darfur Water Project for Conflict Resolution and Peace Building,en,OK,,implementation completion report,2018
afdb,afdb_PCR_South_Africa_-_Sere_Wind_Farm_Project_-_Project_Completion_R_2018.pdf,PROJECT COMPLETION REPORT FOR PUBLIC SECTOR OPERATIONS (PCR),implementation completion report,2018,SERE WIND FARM PROJECT,en,OK,,implementation completion report,2018
afdb,afdb_PCR_South_Sudan_-_Regional_emergency_response_-_emergency_humani_2023.pdf,TERMINAL REPORT,terminal evaluation,2021,Regional emergency response – emergency humanitarian assistance to populations affected by floods,en,YEAR_MISMATCH,,implementation completion report,2023
afdb,afdb_PCR_South_Sudan_-_Resilience_Water_Project_for_Improved_Liveliho_2023.pdf,PROJECT COMPLETION REPORT FOR PUBLIC SECTOR OPERATIONS (PCR),implementation completion report,2023,RESILIENCE WATER PROJECT FOR IMPROVED LIVELIHOOD IN JUBA,en,OK,,implementation completion report,2023
afdb,afdb_PCR_Tanzania_-_District_agricultural_sector_investment_project_-_2015.pdf,PROJECT COMPLETION REPORT FOR PUBLIC SECTOR OPERATIONS (PCR),implementation completion report,2014,District Agricultural Sector Investment Project,en,OK,,implementation completion report,2015
afdb,afdb_PCR_Tanzania_-_Kikonge_Multipurpose_Dam_Hydropower_and_Irrigatio_2023.pdf,PROJECT COMPLETION REPORT FOR PUBLIC SECTOR OPERATIONS (PCR),implementation completion report,2023,KIKONGE MULTIPURPOSE DAM HYDROPOWER AND IRRIGATION,en,OK,,implementation completion report,2023
afdb,afdb_PCR_Tanzania_-_Support_to_vocational_education_and_training_and_2020.pdf,PROJECT COMPLETION REPORT (PCR) FOR SUPPORT TO TECHNICAL VOCATIONAL EDUCATION AND TRAINING AND TEACHERS EDUCATION IN TANZANIA (STVET -TZ),implementation completion report,2020,Support to Technical Vocational Education and Training and Teacher Education in Tanzania,en,OK,,implementation completion report,2020
afdb,afdb_PCR_Tanzania_-_Tanzania_agricultural_development_bank_-_Project_2022.pdf,PROJECT COMPLETION REPORT FOR PUBLIC SECTOR OPERATIONS (PCR),implementation completion report,2020,Tanzania agricultural development bank,en,YEAR_MISMATCH,,implementation completion report,2022
afdb,afdb_PCR_Togo_-_Project_name_-_CIZO_Pilot_project_for_rural_electrifi_2022.pdf,CIZO Pilot project for rural electrification through solar home systems in Togo – Technical Assistance,implementation completion report,,“CIZO” Pilot project for rural electrification through solar home systems in Togo – Technical Assistance,en,OK,,implementation completion report,2022
afdb,afdb_PCR_Tunisia_-_Studies_on_Risk_Management_and_the_Establishment_o_2024.pdf,TAF-MIC PROJECT COMPLETION REPORT (PCR),implementation completion report,2024,Studies on Risk Management and the Establishment of an Agricultural Insurance and Micro-insurance System in Tunisia,en,OK,,implementation completion report,2024
afdb,afdb_PCR_Tunisia_-_Studies_to_Assess_the_IADP_Experience_and_Prepare_2025.pdf,"SIMPLIFIED PROJECT COMPLETION REPORT (S-PCR) Small-scale Operations, Studies and Trust Funds 1",other,2025,Studies to Assess the IADP Experience and Prepare the ZAGHOUAN Integrated Agricultural Development Project,en,TYPE_MISMATCH,,implementation completion report,2025
afdb,afdb_PCR_Uganda_-_Community_Agricultural_Infrastructure_Improvement_P_2018.pdf,PROJECT COMPLETION REPORT,implementation completion report,2018,Community Agricultural Infrastructure Improvement Programme – Project 3 (CAIIP-3),en,OK,,implementation completion report,2018
afdb,afdb_PCR_Uganda_-_MATIP_2-_Markets_and_Agricultural_Trade_Improvement_2024.pdf,PROJECT COMPLETION REPORT FOR PUBLIC SECTOR OPERATIONS (PCR),implementation completion report,2024,MATIP 2- MARKETS AND AGRICULTURAL TRADE IMPROVEMENT PROGRAMME - PROJECT 2,en,OK,,implementation completion report,2024
afdb,afdb_PCR_Uganda_-_Multinational_Lakes_Edward_And_Albert_Integrated_Fi_2022.pdf,PROJECT COMPLETION REPORT (PCR),implementation completion report,2021,Uganda (P-Z1-AAF-010) MULTINATIONAL LAKES EDWARD AND ALBERT INTEGRATED FISHERIES AND WATER RESOURCES MANAGEMENT (LEAF II) PROJECT,en,OK,,implementation completion report,2022
afdb,afdb_PCR_Zambia_-_Climate_Resilient_Livestock_Management_Project_-_Pr_2023.pdf,PROJECT COMPLETION REPORT FOR PUBLIC SECTOR OPERATIONS (PCR),implementation completion report,2023,GEF CLIMATE RESILIENT LIVESTOCK MANAGEMENT PROJECT,en,OK,,implementation completion report,2023
afdb,afdb_PCR_Zambia_-_GAFSP-Agriculture_Productivity_and_Market_Enhanceme_2024.pdf,PROJECT COMPLETION REPORT FOR PUBLIC SECTOR OPERATIONS (PCR),implementation completion report,2024,GAFSP-AGRICULTURE PRODUCTIVITY AND MARKET ENHANCEMENT PROJECT (APMEP),en,OK,,implementation completion report,2024
afdb,afdb_PCR_Zambia_-_GAFSP_Mitigating_Impact_of_COVID-19_on_Household_Fo_2025.pdf,PROJECT COMPLETION REPORT FOR PUBLIC SECTOR OPERATIONS (PCR),implementation completion report,2025,ZAMBIA MITIGATING IMPACT OF COVID19 ON HOUSEHOLD FOOD SECURITY,en,OK,,implementation completion report,2025
afdb,afdb_PCR_Zambia_-_Livestock_Infrastructure_Support_Project_LISP_Ref_2022.pdf,PROJECT COMPLETION REPORT FOR PUBLIC SECTOR OPERATIONS (PCR),implementation completion report,2022,LIVESTOCK INFRASTRUCTURE SUPPORT PROJECT (LISP) REFORM (ISEP),en,OK,,implementation completion report,2022
afdb,afdb_PCR_Zambia_-_MIC_TAF_Grant_-_Feasibility_Study_for_Zambia_Youth_2023.pdf,PROJECT COMPLETION REPORT FOR PUBLIC SECTOR OPERATIONS (PCR),implementation completion report,2020,MIC TAF Grant – Feasibility Study for Zambia Youth in Agribusiness (ENABLE YOUTH) and Agricultural Commodity Corridors Programme,en,YEAR_MISMATCH,,implementation completion report,2023
afdb,afdb_PCR_Zambia_-_MIC_TAF_Grant_Luswishi_Farm_Block_-_Project_Complet_2022.pdf,PROJECT COMPLETION REPORT FOR PUBLIC SECTOR OPERATIONS (PCR),implementation completion report,2022,MIC TAF GRANT LUSWISHI FARM BLOCK,en,OK,,implementation completion report,2022
afdb,afdb_PCR_Zambia_-_Trade_and_Institutional_Capacity_Building_in_the_Ap_2020.pdf,PROJECT COMPLETION REPORT FOR PUBLIC SECTOR OPERATIONS (PCR),implementation completion report,2019,Trade and Institutional Capacity Building in the Apiculture Sector (TICBAS),en,OK,,implementation completion report,2020
afdb,afdb_PCR_Zambia_-_Upscali_Feasibility_Study_for_Upscaling_Smallholder_2023.pdf,PROJECT COMPLETION REPORT FOR PUBLIC SECTOR OPERATIONS (PCR),implementation completion report,2020,UPSCALI FEASIBILITY STUDY FOR UPSCALING SMALLHOLDER IRRIGATION SYSTEMS FOR CLIMATE CHANGE ADAPTATIONNG SMALLHOLDER IRRIGATION PROJECT,en,YEAR_MISMATCH,,implementation completion report,2023
afdb,afdb_PCR_Zambie_-_Renforcement_des_capacites_commerciales_et_institut_2020.pdf,RAPPORT D’ACHÈVEMENT DE PROJET (RAP) POUR LES OPÉRATIONS DU SECTEUR PUBLIC,implementation completion report,2019,Renforcement des capacités commerciales et institutionnelles dans le secteur de l’apiculture (TICBAS),fr,OK,,implementation completion report,2020
afdb,afdb_PCR_Zimbabwe_-_Innovative_Solutions_to_support_livelihood_of_Vul_2023.pdf,PROJECT COMPLETION REPORT FOR PUBLIC SECTOR OPERATIONS (PCR),implementation completion report,2021,Zimbabwe (P-ZW-K00-006) Innovative Solutions to support livelihood of Vulnerable Communities project (ISV-COM),en,YEAR_MISMATCH,,implementation completion report,2023
afdb,afdb_PCR_Zimbabwe_-_Integrated_Urban_Water_Management_-_Project_Compl_2022.pdf,PROJECT COMPLETION REPORT FOR PUBLIC SECTOR OPERATIONS (PCR),implementation completion report,2022,ZIMBABWE INTEGRATED URBAN WATER MANAGEMENT,en,OK,,implementation completion report,2022
afdb,afdb_PCR_Zimbabwe_-_Support_to_the_Beef_and_Leather_Value_Chain_Proje_2023.pdf,PROJECT COMPLETION REPORT FOR PUBLIC SECTOR OPERATIONS (PCR),implementation completion report,2023,SUPPORT TO THE BEEF AND LEATHER VALUE CHAIN PROJECT,en,OK,,implementation completion report,2023
afdb,afdb_PCR_Zimbabwe_-_ZIMFUND_EPIRP_consolidation_works_-_Project_Compl_2023.pdf,PROJECT COMPLETION REPORT FOR PUBLIC SECTOR OPERATIONS (PCR),implementation completion report,2023,ZIMFUND EPIRP CONSOLIDATION WORKS,en,OK,,implementation completion report,2023
afdb,afdb_PPER_Tunisia_-_Ghezala-Mateur_Mixed_Agricultural_Development_Proj_2015.pdf,Project Performance Evaluation Report (PPER),monitoring & evaluation report,2000,Ghezala-Mateur Mixed Agricultural Development Project,en,YEAR_MISMATCH,,,2015
af,af_002MMUCR_Completion_report_2011.pdf,Project Completion Report,monitoring & evaluation report,2019,Climate Change Adaptation Programme in the Coastal Zone of Mauritius,en,YEAR_MISMATCH,,implementation completion report,2011
af,af_002MMUCR_Final_evaluation_2011.pdf,TERMINAL EVALUATION REPORT,terminal evaluation,2020,Climate Change Adaptation Programme in the Coastal Zone of Mauritius,en,YEAR_MISMATCH,,terminal evaluation,2011
af,af_002MMUCR_Mid-term_evaluation_2011.pdf,Mid-Term Evaluation Report,mid-term evaluation,2015,Climate Change Adaptation Programme in the Coastal Zone of Mauritius,en,YEAR_MISMATCH,,mid-term evaluation,2011
af,af_007NSNCR_Final_evaluation_2010.pdf,Adaptation Fund – Final Evaluation Report,monitoring & evaluation report,2015,Adaptation to coastal erosion in vulnerable areas,en,YEAR_MISMATCH,,terminal evaluation,2010
af,af_007NSNCR_Mid-term_evaluation_2010.pdf,RAPPORT D’EVALUATION A MI-PARCOURS,mid-term evaluation,2012,PROGRAMME D’ADAPTATION A L’EROSION COTIERE DANS LES ZONES VULNERABLES,fr,YEAR_MISMATCH,,mid-term evaluation,2010
af,af_010MMGAR_Final_evaluation_2011.pdf,Terminal Evaluation of the Project : Promoting Climate Resilience in the Rice Sector through Pilot Investments in Alaotra-Mangoro Region,terminal evaluation,2020,Promoting Climate Resilience in the Rice Sector through Pilot Investments in Alaotra-Mangoro Region,en,YEAR_MISMATCH,,terminal evaluation,2011
af,af_017MERRR_Final_evaluation_2011.pdf,TERMINAL EVALUATION REPORT,terminal evaluation,2019,"Climate Change Adaptation Programme in Water and Agriculture in Anseba Region, Eritrea",en,YEAR_MISMATCH,,terminal evaluation,2011
af,af_017MERRR_Mid-term_evaluation_2011.pdf,Mid-Term Review Report,mid-term evaluation,2017,"CLIMATE CHANGE ADAPTATION PROGRAMME IN WATER AND AGRICULTURE IN ANSEBA REGION, ERITREA",en,YEAR_MISMATCH,,mid-term evaluation,2011
af,af_025MTZCR_Final_evaluation_2011.pdf,FINAL REPORT,terminal evaluation,2019,"Implementation of Concrete Adaptation Measures to Reduce Vulnerability of Livelihoods and Economy on Coastal Communities of Tanzania"" & UN Environment – GEF Project “Developing Core Capacity to Address Adaptation to Climate Change in Productive Coastal Zones of Tanzania”",en,YEAR_MISMATCH,,terminal evaluation,2011
af,af_028MDJMR_Final_evaluation_2012.pdf,Terminale EVALUATION,terminal evaluation,2019,Development of agro-pastoral perimeters as an adaptation strategy to climate change for poor rural communities in Djibouti,en,YEAR_MISMATCH,,terminal evaluation,2012
af,af_028MDJMR_Mid-term_evaluation_2012.pdf,MID-TERM EVALUATION,mid-term evaluation,2017,Developing agropastoral shade gardens as an adaptation strategy for poor rural communities’,en,YEAR_MISMATCH,,mid-term evaluation,2012
af,af_031MSCWR_Mid-term_evaluation_2012.pdf,MID-TERM EVALUATION REPORT,mid-term evaluation,2018,Ecosystem-based Adaptation to Climate Change in Seychelles,en,YEAR_MISMATCH,,mid-term evaluation,2012
af,af_033MMRFR_Completion_report_2012.pdf,PROJECT COMPLETION REPORT,implementation completion report,2020,Enhancing Resilience of Communities to the Adverse Effects of Climate Change on Food Security in Mauritania (PARSACC),en,YEAR_MISMATCH,,implementation completion report,2012
af,af_033MMRFR_Final_evaluation_2012.pdf,FINAL PROJECT EVALUATION REPORT,implementation completion report,2019,PROJECT FOR ENHANCING COMMUNITY RESILIENCE AND FOOD SECURITY TO ADVERSE EFFECTS OF CLIMATE CHANGE IN MAURITANIA,en,YEAR_MISMATCH,,terminal evaluation,2012
af,af_035MMLFR_Final_evaluation_2015.pdf,DRAFT TERMINAL EVALUATION REPORT,terminal evaluation,2020,Programmeme Support for Climate Change Adaptation in the vulnerable regions of Mopti and Timbuktu (PACV-MT),en,YEAR_MISMATCH,,terminal evaluation,2015
af,af_046MGHWR_Final_evaluation_2015.pdf,PROJECT TERMINAL EVALUATION,terminal evaluation,2021,Increased Resilience to Climate Change in Northern Ghana through the Management of Water Resources and Diversification of Livelihoods,en,YEAR_MISMATCH,,terminal evaluation,2015
af,af_046MGHWR_Mid-term_evaluation_2015.pdf,Mid-term Evaluation Report (April 2016-Dec 2018),mid-term evaluation,2019,Increased Resilience to Climate Change in Northern Ghana through the Management of Water Resources and Diversification of Livelihoods,en,YEAR_MISMATCH,,mid-term evaluation,2015
af,af_056NRWRR_Completion_report_2013.pdf,COMPLETION REPORT,implementation completion report,2020,Reducing Vulnerability to Climate Change in North West Rwanda through Community Based Adaptation (RV3CBA),en,YEAR_MISMATCH,,implementation completion report,2013
af,af_056NRWRR_Final_evaluation_2013.pdf,Project Datasheet,funding proposal / project document,2013,Reducing Vulnerability to Climate Change in North Western Rwanda through Community Based Adaptation (RV3CBA),en,NOT_AN_EVALUATION+TYPE_MISMATCH,,terminal evaluation,2013
af,af_059NZAMR_Final_evaluation_2014.pdf,Final Evaluation,monitoring & evaluation report,2020,Taking Adaptation to the Ground: A Small Grants Facility for Enabling Local Responses to Climate Change,en,YEAR_MISMATCH,,terminal evaluation,2014
af,af_059NZAMR_Mid-term_evaluation_2014.pdf,Final Report Mid Term Evaluation,mid-term evaluation,2018,Taking Adaptation to the Ground: A Small Grants Facility for Enabling Local Level Responses to Climate Change,en,YEAR_MISMATCH,,mid-term evaluation,2014
af,af_062MMAAR_Final_evaluation_2015.pdf,Technical assistance relating to the final evaluation of the Project for Adaptation to Climate Change in Oasis Zones (PACCZO) financed by the Adaptation Fund,monitoring & evaluation report,2023,Project for Adaptation to Climate Change in Oasis Zones (PACCZO),en,YEAR_MISMATCH,,terminal evaluation,2015
af,af_062MMAAR_Mid-term_evaluation_2015.pdf,Summary Report,monitoring & evaluation report,2020,Oases Climate Change Adaptation Project (PACCZO),en,TYPE_MISMATCH+YEAR_MISMATCH,,mid-term evaluation,2015
af,af_065NKENMR_Mid-term_evaluation_2014.pdf,Mid Term Evaluation Report,mid-term evaluation,,The Integrated Programme to Build Resilience and Adaptive Capacity of Vulnerable communities to Climate Change in Kenya,en,OK,,mid-term evaluation,2014
af,af_AF00000095_Mid-term_evaluation_2016.pdf,MIDTERM EVALUATION REPORT,mid-term evaluation,2019,Enhancing Resilience of Communities to Climate Change through Catchment Based Integrated Management of Water and Related Resources in Uganda (2017-2021),en,YEAR_MISMATCH,,mid-term evaluation,2016
af,af_AF00000109_Mid-term_evaluation_2019.pdf,UN-Habitat Management Response to the Mid-Term Project Evaluation,management response,2023,Building Urban Climate Resilience in South-Eastern Africa,en,NOT_AN_EVALUATION+TYPE_MISMATCH+YEAR_MISMATCH,,mid-term evaluation,2019
af,af_AF00000110_Final_evaluation_2017.pdf,Final Evaluation Report of Climate Smart Integrated Rural Development Project in Selected Woredas of Ethiopia,monitoring & evaluation report,2023,Climate Smart Integrated Rural Development Project in Selected Woredas of Ethiopia,en,YEAR_MISMATCH,,terminal evaluation,2017
af,af_AF00000122_Mid-term_evaluation_2018.pdf,Mid Term Evaluation,mid-term evaluation,2022,VFDM project: Integrating Flood and Drought Management and Early warning for the Climate Change Adaptation in the Volta Basin,en,YEAR_MISMATCH,,mid-term evaluation,2018
af,af_AF00000125_Mid-term_evaluation_2019.pdf,MTR Report,mid-term evaluation,2023,The Mid-Term Review of Improving the adaptive capacity of vulnerable and food-insecure populations in Lesotho Project,en,YEAR_MISMATCH,,mid-term evaluation,2019
af,af_AF00000160_Mid-term_evaluation_2019.pdf,MIDTERM REVIEW,mid-term evaluation,2023,WFP MALAWI Adapting to Climate Change through Integrated Risk Management Strategies and Enhanced Market Opportunities for Resilient Food Security and Livelihoods Project,en,YEAR_MISMATCH,,mid-term evaluation,2019
af,af_AFRDG00001_Completion_report_2016.pdf,ANNEX IV: DRAFT TEMPLATE FOR EVALUATION OF READINESS GRANT PROJECTS,administrative / meeting document,,,en,NOT_AN_EVALUATION+TYPE_MISMATCH,,implementation completion report,2016
af,af_AFRDG00019_Completion_report_2016.pdf,TOGO SOUTH-SOUTH COOPERATION GRANT,implementation completion report,,TOGO SOUTH-SOUTH COOPERATION GRANT,en,OK,,implementation completion report,2016
af,af_AFRDG00021_Completion_report_2016.pdf,COMPLETION OF MALI SOUTH-SOUTH COOPERATION GRANT,implementation completion report,2020,MALI SOUTH-SOUTH COOPERATION GRANT,en,YEAR_MISMATCH,,implementation completion report,2016
af,af_AFRDG00023_Completion_report_2016.pdf,A. COMPLETION REPORT SUBMITTED NOT MORE THAN SIX MONTHS AFTER PROJECT COMPLETION,implementation completion report,2021,Project to Support National Implementing Entity Accreditation through South South Cooperation in Malawi and Zimbabwe,en,YEAR_MISMATCH,,implementation completion report,2016
af,af_AFRDG00024_Completion_report_2016.pdf,A. COMPLETION REPORT SUBMITTED NOT MORE THAN SIX MONTHS AFTER PROJECT COMPLETION,implementation completion report,2021,Project to Support National Implementing Entity Accreditation through South South Cooperation in Malawi and Zimbabwe,en,YEAR_MISMATCH,,implementation completion report,2016
cif,cif_act-investment-program-evaluation-and-learning-toolkit_.pdf,ACT INVESTMENT AND LEARNING TOOLKIT,policy brief / learning brief / factsheet,2024,Accelerating Coal Transition,en,NOT_AN_EVALUATION+TYPE_MISMATCH,,terminal evaluation,
cif,cif_action-plan-response-independent-evaluation-cif_.pdf,ACTION PLAN IN RESPONSE TO RECOMMENDATIONS FROM THE INDEPENDENT EVALUATION OF THE CIF,administrative / meeting document,2014,,en,NOT_AN_EVALUATION+TYPE_MISMATCH,,terminal evaluation,
cif,cif_appproved-decision-independent-evaluation-cif_.pdf,Approved Decision on the Independent Evaluation of the CIF,administrative / meeting document,2015,,en,NOT_AN_EVALUATION+TYPE_MISMATCH,,terminal evaluation,
cif,cif_approach-paper-independent-evaluation-climate-investment-funds_.pdf,Approach Paper for the Independent Evaluation of the Climate Investment Funds,administrative / meeting document,2012,,en,NOT_AN_EVALUATION+TYPE_MISMATCH,,terminal evaluation,
cif,cif_building-monitoring-and-evaluation-framework-climate-change-mozambique_.pdf,National M&E framework – yet to begin in earnest but our initial thinking is being presented to you today and the government has committed to its development,administrative / meeting document,,,en,NOT_AN_EVALUATION+TYPE_MISMATCH,,terminal evaluation,
cif,cif_cif-evaluation-and-learning-initiative_.pdf,CIF Evaluation and Learning Initiative,policy brief / learning brief / factsheet,,,en,NOT_AN_EVALUATION+TYPE_MISMATCH,,terminal evaluation,
cif,cif_climate-investment-funds-lessons-learned-private-sector-interventions-through-mdb-0_.pdf,Climate Investment Funds: Lessons Learned from Private Sector Interventions through MDB Intermediaries,portfolio performance review / program evaluation,2011,,en,OK,,,
cif,cif_climate-investment-funds-lessons-learned-private-sector-interventions-through-mdb_.pdf,Climate Investment Funds: Lessons Learned from Private Sector Interventions through MDB Intermediaries,administrative / meeting document,2011,,en,NOT_AN_EVALUATION,,,
cif,cif_concept-evaluation-criteria-srep-set-aside_.pdf,CONCEPT EVALUATION CRITERIA FOR SREP SET ASIDE,policy brief / learning brief / factsheet,2014,,en,NOT_AN_EVALUATION+TYPE_MISMATCH,,terminal evaluation,
cif,cif_ctf-impact-assessment-report-renewable-energy-and-energy-efficiency-turkiye_.pdf,Impact Assessment Report of Clean Technology Fund in Renewable Energy and Energy Efficiency Market in Turkey,monitoring & evaluation report,2013,,en,OK,,,
cif,cif_ctf-monitoring-and-evaluation-preliminary-guidance-note_.pdf,CTF MONITORING AND EVALUATION,administrative / meeting document,,,en,NOT_AN_EVALUATION+TYPE_MISMATCH,,terminal evaluation,
cif,cif_developmental-evaluation_.pdf,Approaches to Evidence-based Learning throughout the CIF Project Cycle,policy brief / learning brief / factsheet,2014,,en,NOT_AN_EVALUATION+TYPE_MISMATCH,,terminal evaluation,
cif,cif_draft-response-independent-evaluation-climate-investment-funds_.pdf,DRAFT RESPONSE TO THE INDEPENDENT EVALUATION OF THE CLIMATE INVESTMENT FUNDS,management response,2014,,en,NOT_AN_EVALUATION+TYPE_MISMATCH,,terminal evaluation,
cif,cif_evaluation-and-learning-initiative-overview_.pdf,CIF Evaluation and Learning Initiative,policy brief / learning brief / factsheet,,,en,NOT_AN_EVALUATION+TYPE_MISMATCH,,terminal evaluation,
cif,cif_evaluation-and-learning-partnership-financing-forest-related-enterprises_.pdf,Evaluation and Learning Partnership on financing forest-related enterprises - Learning from the Forest Investment Program and other initiatives,portfolio performance review / program evaluation,,,en,OK,,terminal evaluation,
cif,cif_evaluation-climate-investment-funds-programmatic-approach-final-report-and_.pdf,Final Report and Management Response,monitoring & evaluation report,2018,,en,OK,,terminal evaluation,
cif,cif_evaluation-climate-investment-funds-programmatic-approach-summary-document_.pdf,Quick Facts,policy brief / learning brief / factsheet,2018,,en,NOT_AN_EVALUATION+TYPE_MISMATCH,,terminal evaluation,
cif,cif_evaluation-development-impacts-cifs-investments-case-studies_.pdf,Case Studies,portfolio performance review / program evaluation,2023,,en,OK,,terminal evaluation,
cif,cif_evaluation-development-impacts-cifs-investments-summary-brief_.pdf,Summary Brief,policy brief / learning brief / factsheet,2023,,en,NOT_AN_EVALUATION+TYPE_MISMATCH,,terminal evaluation,
cif,cif_evaluation-development-impacts-cifs-investments_.pdf,Final Report,monitoring & evaluation report,2023,,en,OK,,terminal evaluation,
cif,cif_evaluation-scaling-renewable-energy-program-low-income-countries_.pdf,Evaluation Report,portfolio performance review / program evaluation,2022,Scaling-up Renewable Energy Program (SREP) in Low-income Countries,en,OK,,terminal evaluation,
cif,cif_evaluation-transformational-change-climate-investment-funds-annexes_.pdf,Final Evaluation Report Annexes,portfolio performance review / program evaluation,2019,Evaluation of Transformational Change in the Climate Investment Funds,en,OK,,terminal evaluation,
cif,cif_evaluation-transformational-change-climate-investment-funds_.pdf,Final Evaluation Report,portfolio performance review / program evaluation,2019,Evaluation of Transformational Change in the Climate Investment Funds,en,OK,,terminal evaluation,
cif,cif_fip-burkina-faso-monitoring-and-evaluation-report-2015-french_2015.pdf,RAPPORT 2014,funding proposal / project document,2014,Forest Investment Program – Burkina Faso Investment Plan,fr,NOT_AN_EVALUATION+TYPE_MISMATCH,,terminal evaluation,2015
cif,cif_fip-burkina-faso-monitoring-and-evaluation-report-2015-methodological-annex-french_2015.pdf,ANNEXE MÉTHODOLOGIQUE,administrative / meeting document,,Guide local (PIF Burkina Faso) pour l’élaboration du rapport annuel PIF,fr,NOT_AN_EVALUATION+TYPE_MISMATCH,,terminal evaluation,2015
cif,cif_fip-burkina-faso-monitoring-and-evaluation-report-2016_2016.pdf,RAPPORT 2015,funding proposal / project document,2015,Forest Investment Program Burkina Faso Investment Plan,fr,NOT_AN_EVALUATION+TYPE_MISMATCH,,terminal evaluation,2016
cif,cif_fip-drc-monitoring-and-evaluation-report-2016_2016.pdf,PLAN D’INVESTISSEMENT DRC SUIVI ET ETABLISSEMENT DE RAPPORTS FIP 2016,funding proposal / project document,2016,Forest Investment Program – DRC Investment Plan,fr,NOT_AN_EVALUATION+TYPE_MISMATCH,,terminal evaluation,2016
cif,cif_fip-ghana-monitoring-and-evaluation-report-2015_2015.pdf,Monitoring and Evaluation Report,monitoring & evaluation report,2014,Ghana Forest Investment Plan,en,OK,,terminal evaluation,2015
cif,cif_fip-ghana-monitoring-and-evaluation-report-2016_2016.pdf,Monitoring and Evaluation Report,monitoring & evaluation report,2015,Engaging Local Communities in REDD+/Enhancing Carbon Stocks,en,OK,,terminal evaluation,2016
cif,cif_fip-monitoring-and-evaluation-guidelines-mdb-country-teams_.pdf,FIP MONITORING AND EVALUATION,policy brief / learning brief / factsheet,2014,,en,NOT_AN_EVALUATION+TYPE_MISMATCH,,terminal evaluation,
cif,cif_formative-evaluation_.pdf,Approaches to Evidence-based Learning throughout the CIF Project Cycle,policy brief / learning brief / factsheet,2014,,en,NOT_AN_EVALUATION+TYPE_MISMATCH,,terminal evaluation,
cif,cif_governance-and-operational-review-completion-phase-one-suggested-approach-phase-two_2024.pdf,"GOVERNANCE AND OPERATIONAL REVIEW COMPLETION OF PHASE ONE, SUGGESTED APPROACH FOR PHASE TWO",administrative / meeting document,2024,,en,NOT_AN_EVALUATION,,,2024
cif,cif_impact-evaluation_.pdf,Approaches to Evidence-based Learning throughout the CIF Project Cycle,policy brief / learning brief / factsheet,2014,,en,NOT_AN_EVALUATION+TYPE_MISMATCH,,terminal evaluation,
cif,cif_independent-evaluation-climate-investment-fund_.pdf,AN INDEPENDENT EVALUATION OF THE CLIMATE INVESTMENT FUND,portfolio performance review / program evaluation,2014,,en,OK,,terminal evaluation,
cif,cif_independent-evaluation-climate-investment-funds-0_.pdf,INDEPENDENT EVALUATION OF THE CLIMATE INVESTMENT FUNDS,portfolio performance review / program evaluation,2014,,en,OK,,terminal evaluation,
cif,cif_independent-evaluation-climate-investment-funds-annexes_.pdf,INDEPENDENT EVALUATION OF THE CLIMATE INVESTMENT FUNDS: ANNEXES,administrative / meeting document,2014,,en,NOT_AN_EVALUATION+TYPE_MISMATCH,,terminal evaluation,
cif,cif_independent-evaluation-climate-investment-funds_.pdf,Independent Evaluation of the Climate Investment Funds,portfolio performance review / program evaluation,2012,Climate Investment Funds,en,OK,,terminal evaluation,
cif,cif_industry-decarbonization-program-evaluation-and-learning-toolkit_.pdf,CLIMATE INVESTMENT FUNDS INDUSTRY DECARBONIZATION PROGRAM EVALUATION AND LEARNING TOOLKIT,policy brief / learning brief / factsheet,2024,CIF Industry Decarbonization Program,en,NOT_AN_EVALUATION+TYPE_MISMATCH,,terminal evaluation,
cif,cif_insights-mixed-methods-evaluation-development-impacts-through-cif-investments_.pdf,IEc Evaluation of the Development Impacts of Climate Finance,portfolio performance review / program evaluation,2023,Development Impacts of Climate Finance,en,OK,,terminal evaluation,
cif,cif_interim-evaluation-report-comments-cif-administrative-unit-and-mdbs_.pdf,INTERIM EVALUATION REPORT: COMMENTS FROM THE CIF ADMINISTRATIVE UNIT AND THE MULTILATERAL DEVELOPMENT BANKS,administrative / meeting document,2013,Climate Investment Funds,en,NOT_AN_EVALUATION+TYPE_MISMATCH,,terminal evaluation,
cif,cif_learning-review-cif-supported-hydromet-and-climate-services-projects_.pdf,Learning Review of CIF-supported Hydromet and Climate Services Projects,portfolio performance review / program evaluation,2021,CIF-supported Hydromet and Climate Services Projects,en,OK,,,
cif,cif_learning-review-dedicated-grant-mechanism-dgm-indigenous-peoples-and-local_.pdf,Final Report,portfolio performance review / program evaluation,2019,Dedicated Grant Mechanism (DGM) for Indigenous Peoples and Local Communities in the Forest Investment Program (FIP) of the Climate Investment Funds (CIF),en,OK,,,
cif,cif_learning-review-dedicated-grant-mechanism-indigenous-peoples-and-local_.pdf,LEARNING REVIEW CLIMATE OF THE DEDICATED GRANT MECHANISM FOR INDIGENOUS PEOPLES AND LOCAL COMMUNITIES,portfolio performance review / program evaluation,2019,Dedicated Grant Mechanism (DGM) for Indigenous Peoples and Local Communities in the Forest Investment Program (FIP),en,OK,,,
cif,cif_local-stakeholder-engagement-climate-investment-funds-evaluation-brief_.pdf,CLIMATE LOCAL STAKEHOLDER ENGAGEMENT IN THE CIF,monitoring & evaluation report,2020,Local Stakeholder Engagement in the Climate Investment Funds,en,OK,,terminal evaluation,
cif,cif_local-stakeholder-engagement-climate-investment-funds-evaluation-report_.pdf,Local Stakeholder Engagement in the CIF: CBI Evaluation Report,monitoring & evaluation report,2020,Local Stakeholder Engagement in the CIF: CBI Evaluation Report,en,OK,,terminal evaluation,
cif,cif_midterm-evaluation-forest-investment-program-fip_2024.pdf,MIDTERM EVALUATION OF THE FOREST INVESTMENT PROGRAM (FIP),mid-term evaluation,2024,Forest Investment Program (FIP),en,OK,,mid-term evaluation,2024
cif,cif_midterm-evaluation-forest-investment-program_.pdf,Midterm Evaluation of the Forest Investment Program,mid-term evaluation,2024,Forest Investment Program (FIP),en,OK,,mid-term evaluation,
cif,cif_mozambique-national-climate-change-monitoring-and-evaluation-system_.pdf,Mozambique National Climate Change Monitoring and Evaluation System,monitoring & evaluation report,,Mozambique National Climate Change Monitoring and Evaluation System,en,OK,,terminal evaluation,
cif,cif_note-independent-evaluation-cif_.pdf,UK response to Independent Evaluation of Climate Investment Funds consultation document,policy brief / learning brief / factsheet,2012,Independent Evaluation of Climate Investment Funds,en,NOT_AN_EVALUATION+TYPE_MISMATCH,,terminal evaluation,
cif,cif_npc-investment-program-evaluation-and-learning-toolkit_.pdf,NPC INVESTMENT E&L TOOLKIT SERIES // Evaluation and Learning Toolkit,policy brief / learning brief / factsheet,2024,"Nature, People, and Climate (NPC) Program",en,NOT_AN_EVALUATION+TYPE_MISMATCH,,terminal evaluation,
cif,cif_outcome-evaluation_.pdf,Approaches to Evidence-based Learning throughout the CIF Project Cycle,policy brief / learning brief / factsheet,2014,CIF Project Cycle – Evidence-based Learning,en,NOT_AN_EVALUATION+TYPE_MISMATCH,,terminal evaluation,
cif,cif_overview-cif-evaluation-and-learning-initiative_.pdf,CIF Evaluation and Learning Initiative,policy brief / learning brief / factsheet,,Evaluation and Learning Initiative (E&L),en,NOT_AN_EVALUATION+TYPE_MISMATCH,,terminal evaluation,
cif,cif_ppcr-evaluation-report_2025.pdf,Independent Evaluation of the Pilot Program for Climate Resilience of the Climate Investment Funds Final Evaluation Report,terminal evaluation,2025,Pilot Program for Climate Resilience of the Climate Investment Funds,en,OK,,terminal evaluation,2025
cif,cif_ppcr-monitoring-and-evaluation-guidelines-mdb-country-teams_.pdf,PPCR MONITORING AND EVALUATION Preliminary Guidance Note for PPCR Country Teams,policy brief / learning brief / factsheet,,,en,NOT_AN_EVALUATION+TYPE_MISMATCH,,terminal evaluation,
cif,cif_progress-report-study-lessons-learned-cif-design-process-and-early-implementation_.pdf,"CTF-SCF/TFC.3/Inf1 October 13, 2009 PROGRESS REPORT ON STUDY ON LESSONS LEARNED FROM CIF DESIGN PROCESS AND EARLY IMPELEMENATION",monitoring & evaluation report,2009,Climate Investment Funds Lessons Learnt Project,en,OK,,,
cif,cif_proposal-launch-independent-evaluation-clean-technology-fund-and-strategic-climate-fund_.pdf,"CTF-SCF/TFC.7/7 October 20, 2011 Joint Meeting of the CTF and SCF Trust Fund Committees Washington D.C. November 3, 2011 Agenda Item 7 PROPOSAL FOR LAUNCH OF INDEPENDENT EVALUATION OF THE CLEAN TECHNOLOGY FUND AND THE STRATEGIC CLIMATE FUND",administrative / meeting document,2011,,en,NOT_AN_EVALUATION+TYPE_MISMATCH,,terminal evaluation,
cif,cif_proposal-modalities-and-incentives-include-broad-range-evaluative-approaches-cif_.pdf,"CTF-SCF/TFC.11/5 September 30, 2013 Joint Meeting of the CTF and SCF Trust Fund Committees Washington D.C. October 29, 2013 Agenda Item 6 PROPOSAL FOR MODALITIES AND INCENTIVES TO INCLUDE A BROAD RANGE OF EVALUATIVE APPROACHES IN THE CIF",administrative / meeting document,2013,,en,NOT_AN_EVALUATION,,,
cif,cif_rei-investment-program-evaluation-and-learning-toolkit_.pdf,REI INVESTMENT PROGRAM E&L TOOLKIT SERIES // Evaluation and Learning Toolkit CIF Program: Renewable Energy Integration,policy brief / learning brief / factsheet,2024,Renewable Energy Integration (REI) Program,en,NOT_AN_EVALUATION+TYPE_MISMATCH,,terminal evaluation,
cif,cif_report-independent-evaluation-offices-mdbs-inclusion-cif-funded-projects-within-their_.pdf,"CTF-SCF/TFC.11/4 September 27, 2013 Joint Meeting of the CTF and SCF Trust Fund Committees Washington D.C. October 29, 2013 Agenda Item 5 REPORT FROM INDEPENDENT EVALUATION OFFICES OF THE MDBS ON INCLUSION OF CIF-FUNDED PROJECTS WITHIN THEIR REGULAR EVALUATION PROGRAMS",portfolio performance review / program evaluation,2013,,en,OK,,terminal evaluation,
cif,cif_reporting-independent-evaluation_.pdf,"CTF-SCF/TFC.11/3 October 18, 2013 Joint Meeting of the CTF and SCF Trust Fund Committees Washington D.C. October 29, 2013 Agenda Item 4 REPORTING FROM THE INDEPENDENT EVALUATION Independent Evaluation of the Climate Investment Funds Trust Fund Committee Update",monitoring & evaluation report,2013,,en,OK,,terminal evaluation,
cif,cif_request-launch-independent-evaluation-climate-investment-funds_.pdf,Request for launch of independent evaluation of the Climate Investment Funds,administrative / meeting document,2011,,en,NOT_AN_EVALUATION+TYPE_MISMATCH,,terminal evaluation,
cif,cif_review-proposed-independent-evaluation-cif-request-budget-and-approach-paper-and-decision_.pdf,"Decision was approved at Joint CTF-SCF TFC Meeting May 1-2, 2012 - Review of Proposed Independent Evaluation of the CIF, Request for Budget and Approach Paper, and Approval of Conditions for Guaranteeing the Independence of the Evaluation",administrative / meeting document,2012,,en,NOT_AN_EVALUATION+TYPE_MISMATCH,,terminal evaluation,
cif,cif_role-public-finance-csp-lessons-learned-annexes_.pdf,The Role of Public Finance in CSP: Lessons Learned,policy brief / learning brief / factsheet,2014,,en,NOT_AN_EVALUATION,,,
cif,cif_role-public-finance-csp-lessons-learned-full-report_.pdf,The Role of Public Finance in CSP: Lessons Learned,policy brief / learning brief / factsheet,2014,,en,NOT_AN_EVALUATION,,,
cif,cif_signals-transformational-change-insights-evaluation-transformational-change-cif_.pdf,SIGNALS OF TRANSFORMATIONAL CHANGE INSIGHTS FROM THE EVALUATION OF TRANSFORMATIONAL CHANGE IN THE CLIMATE INVESTMENT FUNDS,monitoring & evaluation report,2020,,en,OK,,terminal evaluation,
cif,cif_srep-madagascar-scoping-mission-june-8-112015-completion-report-french_2015.pdf,MADAGASCAR -Mission conjointe du Groupe de la Banque mondiale et de la Banque Africaine de Développement dans le cadre de la préparation du programme SREP (Scaling-Up Renewable Energy Program) Du 8 au 11 juin2015 Aide-mémoire,administrative / meeting document,2015,Madagascar SREP,fr,NOT_AN_EVALUATION,,,2015
cif,cif_srep-monitoring-and-evaluation-preliminary-guidance-note-country-teams_.pdf,SREP MONITORING AND EVALUATION Preliminary Guidance Note for SREP Country Teams,monitoring & evaluation report,,Scaling-Up Renewable Energy Program (SREP),en,OK,,terminal evaluation,
cif,cif_summary-brief-learning-review-cif-supported-hydromet-and-climate-services_.pdf,LEARNING REVIEW CLIMATE INVESTMENT FUNDS HYDROMET AND CLIMATE SERVICES PROJECTS,monitoring & evaluation report,2021,,en,OK,,,
cif,cif_transforming-forest-management-six-lessons-practitioners-independent-evaluation_.pdf,Transforming Forest Management: Six Lessons for Practitioners from an Independent Evaluation of the CIF’s Forest Investment Program,policy brief / learning brief / factsheet,,Forest Investment Program (FIP),en,NOT_AN_EVALUATION+TYPE_MISMATCH,,terminal evaluation,
cif,cif_use-evaluative-approaches-cif-activities_.pdf,Use of Evaluative Approaches in CIF Activities,administrative / meeting document,2013,Climate Investment Funds (CIF),en,NOT_AN_EVALUATION,,,
cif,cif_zambia-joint-mdb-scoping-mission-april-8-10-2015-completion-report_2015.pdf,"Aide-Memoire for Scaling-up Renewable Energy Program in Low Income Countries (SREP) Joint MDB Scoping Mission to Zambia April 8-10, 2015",administrative / meeting document,2015,Scaling-up Renewable Energy Program in Low Income Countries (SREP),en,NOT_AN_EVALUATION,,,2015
cif,cif_zambia-joint-mdb-scoping-mission-october-52015-completion-report_2015.pdf,"Scoping Mission Zambia Forest Investment Program (FIP) October 5th 2015 Held in the World Bank Country Office Lusaka, Zambia with Video connection to South Africa, Washington DC and Rome",administrative / meeting document,2015,Forest Investment Program (FIP),en,NOT_AN_EVALUATION,,,2015
