filename,source,title,year,project_id,report_no,url,match_method
worldbank_3W-GEF_-_Africa_-_2nd_phase_fish_GBissau_--_P119380_Implementation_Completion_and_Results_Report_2018.pdf,worldbank,Guinea-Bissau - Second APL (APL-B1) West Africa Regional Fisheries Program,2018,P119380,ICR4331,http://documents.worldbank.org/curated/en/892031523024988244,wb:pcode
worldbank_3W-Regional_Sahel_Pastoralism_Support_Project_--_P147674_Implementation_Completion_and_Results_Report_2022.pdf,worldbank,Western and Central Africa - Regional Sahel Pastoralism Support Project,2022,P147674,ICR5552,http://documents.worldbank.org/curated/en/174961655387862183,wb:pcode
worldbank_3W-Sahel_Irrigation_Initiative_Support_Project_--_P154482_Implementation_Completion_and_Results_Report_2025.pdf,worldbank,Western and Central Africa - Sahel Irrigation Initiative Support Project,2025,P154482,ICR00230,http://documents.worldbank.org/curated/en/099012626113510160,wb:pcode
worldbank_BF-Burkina_Faso_-_Bagre_Growth_Pole_Project_--_P119662_Implementation_Completion_and_Results_Report_2021.pdf,worldbank,Burkina Faso - Bagre Growth Pole Project,2021,P119662,ICR5275,http://documents.worldbank.org/curated/en/909471626364231329,wb:pcode
worldbank_BI-Burundi_Coffee_Sector_Competitiveness_Project_--_P151869_Implementation_Completion_and_Results_Report_2022.pdf,worldbank,Burundi - Coffee Sector Competitiveness Project,2022,P151869,ICR4849,http://documents.worldbank.org/curated/en/282531649959012797,wb:pcode
worldbank_BJ-Agricultural_Productivity_and_Diversification_--_P115886_Implementation_Completion_and_Results_Report_2022.pdf,worldbank,Benin - Agricultural Productivity and Diversification Project,2022,P115886,ICR5662,http://documents.worldbank.org/curated/en/554661648476877233,wb:pcode
worldbank_BJ-Benin_Second_Fiscal_Reform_and_Growth_DPF_--_P166115_Implementation_Completion_and_Results_Report_2020.pdf,worldbank,Benin - Second Fiscal Reform Growth Project,2020,P166115,ICR4927,http://documents.worldbank.org/curated/en/505361592860541635,wb:pcode
worldbank_burkina_faso_cote_divoire_nigeria_and_coraf_second_27709252_ICR_2017.pdf,worldbank,"Burkina Faso, Cote dIvoire, Nigeria, and CORAF - Second Series of Project under the First Phase of the West Africa Agriculture Productivity Program (WAAPP-1B)",2017,,ICR4132,http://documents.worldbank.org/curated/en/235741499375123281,wb:docid
worldbank_CF-State_Consolidation_Development_Program_2_--_P164442_Implementation_Completion_and_Results_Report_2020.pdf,worldbank,Central African Republic - First and Second State Consolidation Development Program,2020,P164442,ICR4971,http://documents.worldbank.org/curated/en/528161602602657710,wb:pcode
worldbank_CI-Cashew_Value_Chain_Competitiveness_Project_--_P158810_Implementation_Completion_and_Results_Report_2026.pdf,worldbank,Cote d'Ivoire - Cashew Value Chain Competitiveness Project,2026,P158810,ICR00530,http://documents.worldbank.org/curated/en/099021026192573970,wb:pcode
worldbank_CI-CI_Cote_d_Ivoire_E-Agriculture_Project_--_P160418_Implementation_Completion_and_Results_Report_2024.pdf,worldbank,Cote dIvoire - E-Agriculture Project,2024,P160418,ICR6442,http://documents.worldbank.org/curated/en/099060624152541316,wb:pcode
worldbank_CM-CM-Agricultural_Competitiveness_Project_--_P112635_Implementation_Completion_and_Results_Report_2017.pdf,worldbank,Cameroon - Agricultural Competitiveness Project,2017,P112635,ICR3803,http://documents.worldbank.org/curated/en/219701499717099844,wb:pcode
worldbank_CM-Livestock_Development_Project_--_P154908_Implementation_Completion_and_Results_Report_2024.pdf,worldbank,Cameroon - Livestock Development Project,2024,P154908,ICR6134,http://documents.worldbank.org/curated/en/099013124131540550,wb:pcode
worldbank_EG-EGYPT-Farm-level_Irrigation_Modernization_--_P117745_Implementation_Completion_and_Results_Report_2018.pdf,worldbank,Egypt - Farm-level Irrigation Modernization Project,2018,P117745,ICR4249,http://documents.worldbank.org/curated/en/851281529960662155,wb:pcode
worldbank_ET-ET_Agricultural_Growth_Program_--_P113032_Implementation_Completion_and_Results_Report_2017.pdf,worldbank,Ethiopia - Agricultural Growth Program Project,2017,P113032,ICR4303,http://documents.worldbank.org/curated/en/726241515169744646,wb:pcode
worldbank_ET-Productive_Safety_Net_APL_III_--_P113220_Implementation_Completion_and_Results_Report_2016.pdf,worldbank,Ethiopia - Third Productive Safety Nets Project,2016,P113220,ICR3659,http://documents.worldbank.org/curated/en/229421467954050889,wb:pcode
worldbank_GH-Land_Administration_Project_-_2_--_P120636_Implementation_Completion_and_Results_Report_2018.pdf,worldbank,Ghana - Second Land Administration Project,2020,P120636,ICR4453,http://documents.worldbank.org/curated/en/359771593704416028,wb:pcode
worldbank_GH-Land_Administration_Project_-_2_--_P120636_Implementation_Completion_and_Results_Report_2020.pdf,worldbank,Ghana - Second Land Administration Project,2020,P120636,ICR4453,http://documents.worldbank.org/curated/en/359771593704416028,wb:pcode
worldbank_GN-Guinea_Agricultural_Support_Project_--_P148114_Implementation_Completion_and_Results_Report_2020.pdf,worldbank,Guinea - Agriculture Sector Support Project,2020,P148114,ICR5052,http://documents.worldbank.org/curated/en/170481581715328473,wb:pcode
worldbank_GW-Rural_Community-Driven_Development_Project_--_P090712_Implementation_Completion_and_Results_Report_2020.pdf,worldbank,Guinea-Bissau - Rural Community-Driven Development Project,2020,P090712,ICR1400,http://documents.worldbank.org/curated/en/102921585320372220,wb:pcode
worldbank_GW-Second_Emergency_Food_Security_Support_Project_--_P148886_Implementation_Completion_and_Results_Report_2016.pdf,worldbank,Guinea-Bissau - Second Emergency Food Security Support Project,2016,P148886,ICR3774,http://documents.worldbank.org/curated/en/738851468185945090,wb:pcode
worldbank_KE-Kenya_Climate_Smart_Agriculture_Project_--_P154784_Implementation_Completion_and_Results_Report_2024.pdf,worldbank,Kenya - Climate Smart Agriculture Project,2024,P154784,ICR6593,http://documents.worldbank.org/curated/en/099061024092575123,wb:pcode
worldbank_KE-Kenya_Coastal_Development_Proejct_--_P094692_Implementation_Completion_and_Results_Report_2017.pdf,worldbank,Kenya - Coastal Development Project,2017,P094692,ICR4272,http://documents.worldbank.org/curated/en/668871515432584849,wb:pcode
worldbank_KE-Western_Kenya_CDD_and_Flood_Mitigation_Project_--_P074106_Implementation_Completion_and_Results_Report_2016.pdf,worldbank,Kenya - Western Kenya Community Driven Development and Flood Mitigation Project,2016,P074106,ICR3843,http://documents.worldbank.org/curated/en/706421481552765649,wb:pcode
worldbank_MA-Strengthening_Agri-Food_Value_Chains_--_P158346_Implementation_Completion_and_Results_Report_2025.pdf,worldbank,Morocco - Strengthening Agri-Food Value Chains Project,2025,P158346,ICR00258,http://documents.worldbank.org/curated/en/099032825132514202,wb:pcode
worldbank_ML-Mali-Fostering_Agricultural_Productivity_--_P095091_Implementation_Completion_and_Results_Report_2020.pdf,worldbank,Mali - Fostering Agricultural Productivity Project,2020,P095091,ICR4952,http://documents.worldbank.org/curated/en/639951583423102824,wb:pcode
worldbank_MR-Nouadhibou_Eco-Seafood_Cluster_Project_--_P151058_Implementation_Completion_and_Results_Report_2022.pdf,worldbank,Mauritania - Nouadhibou Eco-Seafood Cluster Project,2022,P151058,ICR5704,http://documents.worldbank.org/curated/en/222291654539698523,wb:pcode
worldbank_MW-Malawi_Agricultural_Commercialization_Project_--_P158434_Implementation_Completion_and_Results_Report_2025.pdf,worldbank,"Malawi - Agricultural Commercialization Project
",2025,P158434,ICR06698,http://documents.worldbank.org/curated/en/099021225115531718,wb:pcode
worldbank_MZ-MZ_PROIRRI_Sustainable_Irrigation_Development_--_P107598_Implementation_Completion_and_Results_Report_2019.pdf,worldbank,Mozambique - PROIRRI Sustainable Irrigation Development Project,2019,P107598,ICR4602,http://documents.worldbank.org/curated/en/353711554150665372,wb:pcode
worldbank_NE-Climate_Smart_Agriculture_Support_Project_--_P153420_Implementation_Completion_and_Results_Report_2023.pdf,worldbank,Niger - Climate Smart Agriculture Support Project,2023,P153420,ICR6186,http://documents.worldbank.org/curated/en/099062323133039340,wb:pcode
worldbank_NE-NIGER_COMMUNITY_ACTION_PROGRAM_PHASE_3_--_P132306_Implementation_Completion_and_Results_Report_2021.pdf,worldbank,Niger - Third Phase of Community Action Program Project,2021,P132306,ICR5331,http://documents.worldbank.org/curated/en/382081612190621445,wb:pcode
worldbank_NG-NG-RURAL_ACCESS_MOBILITY_PROJECT-Phase_2_--_P095003_Implementation_Completion_and_Results_Report_2021.pdf,worldbank,Nigeria - Second Phase of the Rural Access and Mobility Project,2021,P095003,ICR5414,http://documents.worldbank.org/curated/en/209941626693439816,wb:pcode
worldbank_P069896-P132431_30329891_ICR_2018.pdf,worldbank,Benin - Forest and Adjacent Land Management Project,2018,P069896,128693,http://documents.worldbank.org/curated/en/218141533572868030,wb:docid
worldbank_P073977_27056630_ICR_2016.pdf,worldbank,Egypt - Integrated Irrigation Improvement and Management Project,2016,P073977,ICR3931,http://documents.worldbank.org/curated/en/260961482852775036,wb:docid
worldbank_P074086-P088887_24817072_ICR_2015.pdf,worldbank,Madagascar - Irrigation and Watershed Management Project,2015,P088887,ICR3487,http://documents.worldbank.org/curated/en/992501467998503451,wb:docid
worldbank_P081567_29935018_ICR_2018.pdf,worldbank,Burkina Faso - Agricultural Diversification and Market Development Project,2018,P081567,ICR4350,http://documents.worldbank.org/curated/en/847991527622376706,wb:docid
worldbank_P081704_25737463_ICR_2015.pdf,worldbank,Mali - Agriculture Competitiveness and Diversification Project,2015,P081704,ICR3527,http://documents.worldbank.org/curated/en/116661467992495917,wb:docid
worldbank_P083609_25954642_ICR_2015.pdf,worldbank,Senegal - Agricultural Markets and Agribusiness Development Project,2015,P083609,ICR3574,http://documents.worldbank.org/curated/en/284621467998467088,wb:docid
worldbank_P084148_25703753_ICR_2015.pdf,worldbank,"Malawi - Irrigation, Rural Livelihoods, and Agricultural Development Project",2015,P084148,ICR3672,http://documents.worldbank.org/curated/en/467631468000624113,wb:docid
worldbank_P085752_27420049_ICR_2017.pdf,worldbank,Tanzania - Agricultural Sector Development Project,2017,P085752,ICR4131,http://documents.worldbank.org/curated/en/629091493843984944,wb:docid
worldbank_P086660_30239742_ICR_2018.pdf,worldbank,Tunisia - Second Natural Resources Management Project,2018,P086660,ICR3503,http://documents.worldbank.org/curated/en/621531530899835940,wb:docid
worldbank_P087304_30329890_ICR_2018.pdf,worldbank,Senegal - Dakar Diamniadio Toll Highway Project,2018,P087304,ICR4347,http://documents.worldbank.org/curated/en/156571533572742552,wb:docid
worldbank_P088600_27708133_ICR_2017.pdf,worldbank,Kenya - Agricultural Productivity and Sustainable Land Management Project,2017,P088600,ICR3537,http://documents.worldbank.org/curated/en/693891499285919127,wb:docid
worldbank_P091979_29773699_ICR_2018.pdf,worldbank,Kenya - Adaptation to Climate Change in Arid and Semi-Arid Lands Project,2018,P091979,ICR4143,http://documents.worldbank.org/curated/en/821721522701042604,wb:docid
worldbank_P092353_30770997_ICR_2019.pdf,worldbank,Ethiopia - Irrigation and Drainage Project,2019,P092353,ICR4349,http://documents.worldbank.org/curated/en/565971547842929220,wb:docid
worldbank_P092724_33763088_ICR_2022.pdf,worldbank,"Congo, Democratic Republic of - Agriculture Rehabilitation and Recovery Support Project",2022,P092724,ICR5507,http://documents.worldbank.org/curated/en/931891647873275381,wb:docid
worldbank_P093699_26837658_ICR_2016.pdf,worldbank,Angola - Market Oriented Smallholder Agriculture Project,2016,P093699,ICR3886,http://documents.worldbank.org/curated/en/762221475519467246,wb:docid
worldbank_P093719_30251567_ICR_2018.pdf,worldbank,Morocco - Modernization of Irrigated Agriculture in the Oum Er Rbia Basin Project,2018,P093719,ICR4314,http://documents.worldbank.org/curated/en/129221531335129638,wb:docid
worldbank_P094183_32311200_ICR_2020.pdf,worldbank,Africa Region - Agricultural Productivity Program for Southern Africa (APPSA) Project,2020,P094183,ICR5276,http://documents.worldbank.org/curated/en/499451597014339265,wb:docid
worldbank_P095210_29871085_ICR_2018.pdf,worldbank,Niger - Agro-Pastoral Export and Market Development Project,2018,P095210,ICR2364,http://documents.worldbank.org/curated/en/955941525706648691,wb:docid
worldbank_P095232_31702800_ICR_2019.pdf,worldbank,Eswatini - Swaziland Local Government Project,2019,P095232,ICR4807,http://documents.worldbank.org/curated/en/875201579097143908,wb:docid
worldbank_P095251_28131995_ICR_2017.pdf,worldbank,"Congo, Republic of - Agricultural Development and Rural Roads Rehabilitation Project",2017,P095251,ICR4015,http://documents.worldbank.org/curated/en/198591509712619353,wb:docid
worldbank_P095925_29302939_ICR_2017.pdf,worldbank,Egypt - Alexandria Coastal Zone Management Project,2017,P095925,ICR4075,http://documents.worldbank.org/curated/en/717171513949741048,wb:docid
worldbank_P096572_32544640_ICR_2020.pdf,worldbank,Nigeria - Third National Fadama Development Project,2020,P096572,ICR5215,http://documents.worldbank.org/curated/en/540261604338534589,wb:docid
worldbank_P098538_33660543_ICR_2021.pdf,worldbank,Ghana - Sustainable Land and Water Management Project,2021,P098538,ICR5558,http://documents.worldbank.org/curated/en/320281638846629890,wb:docid
worldbank_P100406-P103298_30727025_ICR_2018.pdf,worldbank,Africa - Second Phase of the Lake Victoria Environmental Management Project,2018,P103298,ICR1562,http://documents.worldbank.org/curated/en/866591545927201610,wb:docid
worldbank_P100620-P111621_25715603_ICR_2015.pdf,worldbank,"Congo, Democratic Republic of - Forest and Nature Conservation Project",2015,P111621,ICR3459,http://documents.worldbank.org/curated/en/720011468000908105,wb:docid
worldbank_P104716_25875232_ICR_2016.pdf,worldbank,Liberia - Agriculture and Infrastructure Development Project,2016,P104716,ICR3544,http://documents.worldbank.org/curated/en/799221468000293074,wb:docid
worldbank_P105256_27710308_ICR_2017.pdf,worldbank,Malawi - Agriculture Sector Wide Approach Support Project,2017,P105256,ICR4147,http://documents.worldbank.org/curated/en/320611499445880468,wb:docid
worldbank_P106063-P108941_27520760_ICR_2017.pdf,worldbank,Africa - First Phase of West Africa Regional Fisheries Program Project,2017,P106063,ICR4008,http://documents.worldbank.org/curated/en/671791496156189517,wb:docid
worldbank_P106228_24384889_ICR_2015.pdf,worldbank,Ethiopia - Nutrition Project,2015,P106228,ICR3201,http://documents.worldbank.org/curated/en/853931468272425486,wb:docid
worldbank_P107343_32565978_ICR_2020.pdf,worldbank,Burundi - Agro-Pastoral Productivity and Markets Development Project,2020,P107343,ICR5171,http://documents.worldbank.org/curated/en/238561604953758022,wb:docid
worldbank_P107722_31045862_ICR_2019.pdf,worldbank,Tanzania - Development of a National Statistical System for Tanzania Project,2019,P107722,ICR4612,http://documents.worldbank.org/curated/en/772101557159006904,wb:docid
worldbank_P109224_30845198_ICR_2019.pdf,worldbank,Uganda - Agricultural Technology and Agribusiness Advisory Services Project,2019,P109224,ICR4085,http://documents.worldbank.org/curated/en/963821550614430065,wb:docid
worldbank_P109986_25715590_ICR_2015.pdf,worldbank,Senegal - Water and Sanitation Millennium Project,2015,P109986,ICR3447,http://documents.worldbank.org/curated/en/326971468185396749,wb:docid
worldbank_P110959_33757973_ICR_2022.pdf,worldbank,Papua New Guinea - Productive Partnerships in Agriculture Project,2022,P110959,ICR5179,http://documents.worldbank.org/curated/en/702121647294477442,wb:docid
worldbank_P111153_33112747_ICR_2021.pdf,worldbank,Tanzania - Strategic Cities Project,2021,P111153,ICR5449,http://documents.worldbank.org/curated/en/431531622033025775,wb:docid
worldbank_P111155_33660527_ICR_2021.pdf,worldbank,Tanzania - Zanzibar Urban Services Project,2021,P111155,ICR4387,http://documents.worldbank.org/curated/en/507851638846519022,wb:docid
worldbank_P111592_31250667_ICR_2019.pdf,worldbank,Mozambique - Higher Education Science and Technology Project,2019,P111592,ICR4628,http://documents.worldbank.org/curated/en/367901583264417110,wb:docid
worldbank_P111669_30251549_ICR_2018.pdf,worldbank,Sao Tome - Adaptation to Climate Change Project,2018,P111669,ICR4386,http://documents.worldbank.org/curated/en/911641531334285873,wb:docid
worldbank_P112600_31457367_ICR_2019.pdf,worldbank,Africa - AFCC2-RI-Association for Strengthening Agricultural Research in Eastern and Central Africa (ASARECA) Trust Fund Project,2019,P112600,142356,http://documents.worldbank.org/curated/en/109021570182024074,wb:docid
worldbank_P112684_31222692_ICR_2019.pdf,worldbank,Africa - Forum for Agricultural Research in Africa Trust Fund Project,2019,P112684,ICR4819,http://documents.worldbank.org/curated/en/450091562011490198,wb:docid
worldbank_P112688_26552213_ICR_2016.pdf,worldbank,Africa - Agricultural Productivity Project,2016,P112688,ICR3562,http://documents.worldbank.org/curated/en/687731467779685466,wb:docid
worldbank_P112975_28032662_ICR_2017.pdf,worldbank,Cameroon - Competitive Value Chains Project,2017,P112975,ICR4232,http://documents.worldbank.org/curated/en/320471507295486323,wb:docid
worldbank_P113145_29851653_ICR_2018.pdf,worldbank,Benin - Emergency Urban Environment Project,2018,P113145,ICR4348,http://documents.worldbank.org/curated/en/915671525100107470,wb:docid
worldbank_P113167_30808186_ICR_2019.pdf,worldbank,Central African Forest Commission (COMIFAC) - Enhancing Institutional Capacities on REDD Issues for Sustainable Forest Management in the Congo Basin Project,2019,P113167,ICR4549,http://documents.worldbank.org/curated/en/917521549319430415,wb:docid
worldbank_P113273_31250663_ICR_2019.pdf,worldbank,Liberia - Smallholder Tree Crop Revitalization Support Project,2019,P113273,ICR4739,http://documents.worldbank.org/curated/en/368291563296369584,wb:docid
worldbank_P113586_30889356_ICR_2019.pdf,worldbank,Southern Sudan - Emergency Food Crisis Response Project,2019,P113586,ICR3648,http://documents.worldbank.org/curated/en/378551552076912146,wb:docid
worldbank_P113629_31456716_ICR_2019.pdf,worldbank,Africa - Centre for Coordination Agricultural Research and Development Project,2019,P113629,ICR4775,http://documents.worldbank.org/curated/en/374661572746446083,wb:docid
worldbank_P113794_31325034_ICR_2019.pdf,worldbank,Middle East and North Africa - Red Sea and Gulf of Aden Strategic Ecosystem Management Project,2019,P113794,,http://documents.worldbank.org/curated/en/177091565292535045,wb:docid
worldbank_P113971_32255234_ICR_2020.pdf,worldbank,Madagascar - Second Integrated Poles and Corridor Project,2020,P113971,ICR5188,http://documents.worldbank.org/curated/en/397411595079485403,wb:docid
worldbank_P114236_32226950_ICR_2020.pdf,worldbank,Burkina Faso - Agricultural Productivity and Food Security Project,2020,P114236,ICR5204,http://documents.worldbank.org/curated/en/473361594310141972,wb:docid
worldbank_P114264_33853176_ICR_2022.pdf,worldbank,Ghana - Commercial Agriculture Project,2022,P114264,ICR5711,http://documents.worldbank.org/curated/en/570311656341531936,wb:docid
worldbank_P114931_30730778_ICR_2018.pdf,worldbank,"Rwanda - Land Husbandry, Water Harvesting, and Hillside Irrigation Project",2018,P114931,ICR4539,http://documents.worldbank.org/curated/en/918571546027720167,wb:docid
worldbank_P116602_32183245_ICR_2020.pdf,worldbank,Mali - Urban Local Government Support Project,2020,P116602,ICR3879,http://documents.worldbank.org/curated/en/322521593224846267,wb:docid
worldbank_P117082_33700834_ICR_2021.pdf,worldbank,Tunisia - Northern Tunis Wastewater Project,2021,P117082,ICR5574,http://documents.worldbank.org/curated/en/376661641855326540,wb:docid
worldbank_P117355_32187236_ICR_2020.pdf,worldbank,Djibouti - Rural Community Development and Water Mobilization Project,2020,P117355,ICR5147,http://documents.worldbank.org/curated/en/152011593403171994,wb:docid
worldbank_P117635_40079232_ICR_2025.pdf,worldbank,Kenya - Kenya Water Security and Climate Resilience Project,2025,P117635,ICR00185,http://documents.worldbank.org/curated/en/099122425102515384,wb:docid
worldbank_P118316_30727023_ICR_2018.pdf,worldbank,Africa - Lake Victoria Environmental Management Project (Burundi and Rwanda),2018,P118316,ICR4335,http://documents.worldbank.org/curated/en/386721545927605284,wb:docid
worldbank_P119140_29326525_ICR_2017.pdf,worldbank,Tunisia - Fourth Northwest Mountainous Forested Areas Development Project,2017,P119140,ICR4287,http://documents.worldbank.org/curated/en/456901515207622831,wb:docid
worldbank_P119432_32795851_ICR_2021.pdf,worldbank,Lesotho - Smallholder Agriculture Development Project,2021,P119432,ICR5131,http://documents.worldbank.org/curated/en/987421612190747720,wb:docid
worldbank_P120517_33786571_ICR_2022.pdf,worldbank,Burkina Faso - Local Government Support Project,2022,P120517,ICR5619,http://documents.worldbank.org/curated/en/238331649958842519,wb:docid
worldbank_P120629_31371556_ICR_2019.pdf,worldbank,Senegal - Second Sustainable and Participatory Energy Management Project,2019,P120629,133121,http://documents.worldbank.org/curated/en/292671567389701542,wb:docid
worldbank_P121271_30251564_ICR_2018.pdf,worldbank,Morocco - Integrated Coastal Zone Management Project,2018,P121271,ICR4494,http://documents.worldbank.org/curated/en/292031531334849750,wb:docid
worldbank_P121616_32793391_ICR_2021.pdf,worldbank,LSMS-ISA Nigeria General Household Survey-Panel Component - P121616,2021,P121616,ICR00005330,http://documents.worldbank.org/curated/en/506271612138198732,wb:docid
worldbank_P121917_31445156_ICR_2019.pdf,worldbank,Morocco - Municipal Solid Waste Carbon Finance Program,2019,P121917,135142,http://documents.worldbank.org/curated/en/408801569854128575,wb:docid
worldbank_P122028_29863377_ICR_2018.pdf,worldbank,Morocco - Ouarzazate Concentrated Solar Power Project,2018,P122028,ICR4271,http://documents.worldbank.org/curated/en/503371525382384008,wb:docid
worldbank_P122065_32209903_ICR_2020.pdf,worldbank,Africa - Adaptable Program Lending for West Africa Agricultural Productivity Program Project,2020,P122065,ICR5101,http://documents.worldbank.org/curated/en/937881593704278428,wb:docid
worldbank_P122123_30726797_ICR_2018.pdf,worldbank,Zambia - Livestock Development Animal Health Project,2018,P122123,133059,http://documents.worldbank.org/curated/en/583181545926617156,wb:docid
worldbank_P122841_32633457_ICR_2020.pdf,worldbank,Senegal - Storm Water Management and Climate Change Project,2020,P122841,ICR5030,http://documents.worldbank.org/curated/en/655411607008233395,wb:docid
worldbank_P122950_33226126_ICR_2021.pdf,worldbank,Benin - Cities Support Project (PAURAD),2021,P122950,ICR5416,http://documents.worldbank.org/curated/en/100351624901929618,wb:docid
worldbank_P123112_40080017_ICR_2025.pdf,worldbank,Nigeria - Transforming Irrigation Management in Nigeria Project,2025,P123112,ICR00026,http://documents.worldbank.org/curated/en/099010526171041126,wb:docid
worldbank_P123201_32971761_ICR_2021.pdf,worldbank,Mozambique - Cities and Climate Change Project,2021,P123201,ICR4913,http://documents.worldbank.org/curated/en/879101617633389374,wb:docid
worldbank_P124018_33691943_ICR_2021.pdf,worldbank,Senegal - Sustainable and Inclusive Agribusiness Development Project,2021,P124018,ICR5713,http://documents.worldbank.org/curated/en/325751640308574225,wb:docid
worldbank_P124715_33141513_ICR_2021.pdf,worldbank,Cote d'Ivoire - Emergency Infrastructure Renewal Project,2021,P124715,ICR5358,http://documents.worldbank.org/curated/en/831491622817311139,wb:docid
worldbank_P124720_33260986_ICR_2021.pdf,worldbank,"Congo, Democratic Republic of - Western Growth Poles Project",2021,P124720,ICR5497,http://documents.worldbank.org/curated/en/425261626093052148,wb:docid
worldbank_P124775_30960087_ICR_2019.pdf,worldbank,Ghana - Under the First Phase of the West Africa Regional Fisheries Program Project,2019,P124775,ICR4525,http://documents.worldbank.org/curated/en/866911554409721545,wb:docid
worldbank_P125024_32223745_ICR_2020.pdf,worldbank,Gambia - Commercial Agriculture and Value Chain Management Project,2020,P125024,ICR5004,http://documents.worldbank.org/curated/en/731151594238543604,wb:docid
worldbank_P125237_30876803_ICR_2019.pdf,worldbank,Malawi - Nutrition and HIV and AIDS Project,2019,P125237,ICR4538,http://documents.worldbank.org/curated/en/597971553005387972,wb:docid
worldbank_P125669_33654946_ICR_2021.pdf,worldbank,Niger - Community Action Project for Climate Resilience Project,2021,P125669,ICR5589,http://documents.worldbank.org/curated/en/286861638456216797,wb:docid
worldbank_P126361_32223772_ICR_2020.pdf,worldbank,Tanzania - Kihansi Catchment Conservation and Management Project,2020,P126361,ICR5133,http://documents.worldbank.org/curated/en/269251594239239925,wb:docid
worldbank_P126773_33930673_ICR_2022.pdf,worldbank,Western and Central Africa - First Phase of the West Africa Region Fisheries Program,2022,P126773,ICR5857,http://documents.worldbank.org/curated/en/099915011022223327,wb:docid
worldbank_P126974_33022269_ICR_2021.pdf,worldbank,Western Africa - Africa Higher Education Centers of Excellence Project,2021,P126974,ICR5391,http://documents.worldbank.org/curated/en/869871619188778677,wb:docid
worldbank_P127086_33700819_ICR_2021.pdf,worldbank,Eastern Africa - AFCRI-Sustainable Groundwater Management Project,2021,P127086,ICR5579,http://documents.worldbank.org/curated/en/326051641854154350,wb:docid
worldbank_P127209_32223774_ICR_2020.pdf,worldbank,Guinea-Bissau - Private Sector Rehabilitation Agribusiness Development Project,2020,P127209,ICR5116,http://documents.worldbank.org/curated/en/871181594239749831,wb:docid
worldbank_P127254_34076468_ICR_2023.pdf,worldbank,Zambia - Strengthening Climate Resilience (Second Phase of PPCR) Project,2023,P127254,ICR6143,http://documents.worldbank.org/curated/en/099060723123512368,wb:docid
worldbank_P127258_31057655_ICR_2019.pdf,worldbank,Burundi - Sustainable Coffee Landscape Project,2019,P127258,ICR4700,http://documents.worldbank.org/curated/en/134421557437468398,wb:docid
worldbank_P127303_32705465_ICR_2020.pdf,worldbank,Mozambique - Integrated Growth Poles Project,2020,P127303,ICR5239,http://documents.worldbank.org/curated/en/504511608684543124,wb:docid
worldbank_P128309_25886461_ICR_2016.pdf,worldbank,Guinea - Second Emergency Agricultural Productivity Project,2016,P128309,ICR3682,http://documents.worldbank.org/curated/en/370781467988938807,wb:docid
worldbank_P128831_30423490_ICR_2018.pdf,worldbank,Madagascar - Irrigation and Watershed Management Project,2018,P128831,ICR4514,http://documents.worldbank.org/curated/en/852251536955447256,wb:docid
worldbank_P128891_31205939_ICR_2019.pdf,worldbank,Ethiopia - Third Phase of Promoting Basic Services Project,2019,P128891,ICR4724,http://documents.worldbank.org/curated/en/991331561645897187,wb:docid
worldbank_P129000_27677310_ICR_2017.pdf,worldbank,South Sudan - Rural Roads Project,2017,P129000,ICR4114,http://documents.worldbank.org/curated/en/291381498499662733,wb:docid
worldbank_P129408_34000931_ICR_2023.pdf,worldbank,Eastern and Southern Africa - Regional Pastoral Livelihoods Resilience Project,2023,P129408,ICR6163,http://documents.worldbank.org/curated/en/099161002102337386,wb:docid
worldbank_P129472_31871692_ICR_2020.pdf,worldbank,Senegal - Health  Nutrition Financing Project,2020,P129472,ICR5034,http://documents.worldbank.org/curated/en/169851584393359384,wb:docid
worldbank_P129565_31250706_ICR_2019.pdf,worldbank,West Africa - Second Phase of the Support Program for the West Africa Agricultural Productivity Program,2019,P129565,ICR4793,http://documents.worldbank.org/curated/en/676561563297383487,wb:docid
worldbank_P129688_31250955_ICR_2019.pdf,worldbank,Burkina Faso - Third Phase of the Community‐Based Rural Development Project,2019,P129688,ICR4699,http://documents.worldbank.org/curated/en/540821563298033105,wb:docid
worldbank_P129774_31250948_ICR_2019.pdf,worldbank,Morocco - Social and Integrated Agriculture Project,2019,P129774,ICR4778,http://documents.worldbank.org/curated/en/354971563298161446,wb:docid
worldbank_P130801_29955771_ICR_2018.pdf,worldbank,Egypt - Second Phase of the Multicounty Regional Coordination for Improved Water Resources Management and Capacity Building Program Project,2018,P130801,ICR4394,http://documents.worldbank.org/curated/en/690801528124840926,wb:docid
worldbank_P130840_34462608_ICR_2025.pdf,worldbank,"Nigeria - Ibadan Urban Flood Management Project
",2025,P130840,ICR00182,http://documents.worldbank.org/curated/en/099030425130068487,wb:docid
worldbank_P130888_31709192_ICR_2019.pdf,worldbank,"Western Africa - Building Resilience Through Innovation, Communication Knowledge Services Project",2019,P130888,ICR4839,http://documents.worldbank.org/curated/en/720981579278116977,wb:docid
worldbank_P131049_32160299_ICR_2020.pdf,worldbank,Mozambique - Climate Resilience : Transforming Hydro-Meteorological Service Project,2020,P131049,ICR5203,http://documents.worldbank.org/curated/en/367671592860765715,wb:docid
worldbank_P131194_33931780_ICR_2022.pdf,worldbank,"Djibouti - Improving Health Sector Performance Project 
",2022,P131194,ICR5768,http://documents.worldbank.org/curated/en/099615011042223358,wb:docid
worldbank_P131256_40003244_ICR_2025.pdf,worldbank,"Morocco - Noor Ouarzazate Concentrated Solar Power Project
",2025,P131256,ICR00043,http://documents.worldbank.org/curated/en/099032625151032430,wb:docid
worldbank_P131323_34312077_ICR_2024.pdf,worldbank,Western and Central Africa - Senegal River Basin Climate Change Resilience Development Project,2024,P131323,ICR6483,http://documents.worldbank.org/curated/en/099050124153033826,wb:docid
worldbank_P131945_29557646_ICR_2018.pdf,worldbank,"Madagascar - Emergency Support to Critical Education, Health, and Nutrition Services Project",2018,P131945,ICR4341,http://documents.worldbank.org/curated/en/891671517587481812,wb:docid
worldbank_P132101_31043791_ICR_2019.pdf,worldbank,Madagascar - Emergency Infrastructure Preservation and Vulnerability Reduction Project,2019,P132101,ICR3105,http://documents.worldbank.org/curated/en/520881557158351298,wb:docid
worldbank_P132123_34074799_ICR_2023.pdf,worldbank,Eastern and Southern Africa - First South West Indian Ocean Fisheries Governance and Shared Growth Project,2023,P132123,ICR6265,http://documents.worldbank.org/curated/en/099060223205539798,wb:docid
worldbank_P132448_33844675_ICR_2022.pdf,worldbank,Engaging Civil Society for Social and Climate Resilience in the Nile.. - P132448,2022,P132448,ICR00005700,http://documents.worldbank.org/curated/en/099700006172227110,wb:docid
worldbank_P132998_30944551_ICR_2019.pdf,worldbank,SUSTAINABLE LIVELIHOODS FOR RETURNEES AND HOST COMMUNITIES IN THE SENEGAL RIVER VALLEY - P132998,2019,P132998,ICR00004672,http://documents.worldbank.org/curated/en/915871553949284017,wb:docid
worldbank_P133133_31490848_ICR_2019.pdf,worldbank,Ethiopia - Sustainable Land Management Project,2019,P133133,ICR4449,http://documents.worldbank.org/curated/en/470921571491240529,wb:docid
worldbank_P133424_33869511_ICR_2022.pdf,worldbank,Sierra Leone - Public Financial Management Improvement and Consolidation Project,2022,P133424,ICR5691,http://documents.worldbank.org/curated/en/630391657905331842,wb:docid
worldbank_P133780_32466097_ICR_2020.pdf,worldbank,Uganda - Teacher and School Effectiveness Project,2020,P133780,ICR5174,http://documents.worldbank.org/curated/en/450291601994860375,wb:docid
worldbank_P143307_40056517_ICR_2025.pdf,worldbank,"Democratic Republic of Congo - Regional Great Lakes Integrated Agriculture Development Project
",2025,P143307,ICR00438,http://documents.worldbank.org/curated/en/099101625164042662,wb:docid
worldbank_P143324_30873243_ICR_2019.pdf,worldbank,"An Innovative, Integrated Approach to Enhance Smallholder Family Nutrition - P143324",2019,P143324,ICR00004756,http://documents.worldbank.org/curated/en/381241551581131541,wb:docid
worldbank_P143367_30732963_ICR_2018.pdf,worldbank,Africa - African Forum for Agricultural Advisory Services Second Multi-Donor Trust Fund Project,2018,P143367,ICR4610,http://documents.worldbank.org/curated/en/814511546246918319,wb:docid
worldbank_P143417_33751928_ICR_2022.pdf,worldbank,Cameroon - Agriculture Investment and Market Development Project,2022,P143417,ICR5626,http://documents.worldbank.org/curated/en/827101646690439397,wb:docid
worldbank_P143650_32715527_ICR_2020.pdf,worldbank,Gambia - Maternal and Child Nutrition and Health Results Project,2020,P143650,ICR4973,http://documents.worldbank.org/curated/en/635181609126209829,wb:docid
worldbank_P143652_32010768_ICR_2020.pdf,worldbank,Benin - Multisectoral Food Health Nutrition Project,2020,P143652,ICR5046,http://documents.worldbank.org/curated/en/440371588692020762,wb:docid
worldbank_P143843_33040541_ICR_2021.pdf,worldbank,Togo - Maternal and Child Health and Nutrition Services Support Project,2021,P143843,ICR4998,http://documents.worldbank.org/curated/en/533891619791313554,wb:docid
worldbank_P143914_33261097_ICR_2021.pdf,worldbank,Gabon - Sustainable Management of Critical Wetlands Ecosystems Project,2021,P143914,ICR5509,http://documents.worldbank.org/curated/en/671441626095259890,wb:docid
worldbank_P143940_32967047_ICR_2021.pdf,worldbank,Cameroon - Flood Emergency Project,2021,P143940,ICR5291,http://documents.worldbank.org/curated/en/345961617297254437,wb:docid
worldbank_P144497_33376363_ICR_2021.pdf,worldbank,Tanzania - Expanding Rice Production Project,2021,P144497,ICR5445,http://documents.worldbank.org/curated/en/804241630341025836,wb:docid
worldbank_P144539_40070887_ICR_2025.pdf,worldbank,Morocco - Integrated Disaster Risk Management and Resilience Program-for-Results Project,2025,P144539,ICR00566,http://documents.worldbank.org/curated/en/099112425121515565,wb:docid
worldbank_P145316_33851362_ICR_2022.pdf,worldbank,Ghana - Dedicated Grant Mechanism for Local Communities Project,2022,P145316,ICR4129,http://documents.worldbank.org/curated/en/801371656079860594,wb:docid
worldbank_P145709_31020056_ICR_2019.pdf,worldbank,Liberia - Strengthening the National Statistics System  - Household Income Expenditure Survey - P145709,2019,P145709,ICR00004764,http://documents.worldbank.org/curated/en/632941556646362153,wb:docid
worldbank_P145792_32715565_ICR_2020.pdf,worldbank,"Ghana - Maternal, Child Health and Nutrition Project",2020,P145792,ICR5163,http://documents.worldbank.org/curated/en/442761609126411568,wb:docid
worldbank_P146247_32293366_ICR_2020.pdf,worldbank,Mali - Obsolete Pesticides Project,2020,P146247,ICR5252,http://documents.worldbank.org/curated/en/144651596291704260,wb:docid
worldbank_P146583_33846792_ICR_2022.pdf,worldbank,Nigeria - Program to Support Saving One Million Lives Project,2022,P146583,ICR5480,http://documents.worldbank.org/curated/en/307161655819818081,wb:docid
worldbank_P146591_31212881_ICR_2019.pdf,worldbank,Supporting Psychosocial Health and Resilience in Liberia - P146591,2019,P146591,ICR00004923,http://documents.worldbank.org/curated/en/297721561734137012,wb:docid
worldbank_P147356_31916549_ICR_2020.pdf,worldbank,Ethiopia - Ethiopia Statistics for Results Project : Ethiopia - Ethiopia Statistics for Results Project - Implementation Completion and Results Report,2020,P147356,ICR4986,http://documents.worldbank.org/curated/en/188941585680639379,wb:docid
worldbank_P147514_30751724_ICR_2018.pdf,worldbank,Madagascar - Emergency Food Security Social Protection Project,2018,P147514,ICR4635,http://documents.worldbank.org/curated/en/122931547134028012,wb:docid
worldbank_P147745_30869253_ICR_2019.pdf,worldbank,Zambia Livelihood and Nutrition Project - P147745,2019,P147745,ICR00004661,http://documents.worldbank.org/curated/en/169841551384479063,wb:docid
worldbank_P148591_34443693_ICR_2025.pdf,worldbank,Ethiopia - Second Agricultural Growth Project,2025,P148591,ICR00332,http://documents.worldbank.org/curated/en/099010725164516152,wb:docid
worldbank_P148839_33805691_ICR_2022.pdf,worldbank,Niger - Investment Climate Support Project,2022,P148839,ICR5425,http://documents.worldbank.org/curated/en/863861651151745570,wb:docid
worldbank_P148927_30996128_ICR_2019.pdf,worldbank,Rwanda - Third Phase of the Transformation of Agriculture Sector Program-for-Results Project,2019,P148927,135672,http://documents.worldbank.org/curated/en/476491555688840995,wb:docid
worldbank_P149095_31250949_ICR_2019.pdf,worldbank,Rwanda - Public Sector Governance Program-for-Results Project,2019,P149095,ICR4853,http://documents.worldbank.org/curated/en/995201563298102258,wb:docid
worldbank_P149269_31216188_ICR_2019.pdf,worldbank,AFCC2 RI -Support to NPCA TerrAfrica Secretariat - P149269,2019,P149269,ICR00004643,http://documents.worldbank.org/curated/en/740791561761303944,wb:docid
worldbank_P149286_34360629_ICR_2024.pdf,worldbank,Uganda - Multisectoral Food Security and Nutrition Project,2024,P149286,ICR6533,http://documents.worldbank.org/curated/en/099070324091520616,wb:docid
worldbank_P149512_26837659_ICR_2016.pdf,worldbank,Central African Republic - Emergency Food Crisis Response and Agriculture Relaunch Project,2016,P149512,ICR3989,http://documents.worldbank.org/curated/en/988341475519342087,wb:docid
worldbank_P149620_34369301_ICR_2024.pdf,worldbank,Mozambique - Agriculture and Natural Resources Landscape Management Project,2024,P149620,ICR6696,http://documents.worldbank.org/curated/en/099072524114075729,wb:docid
worldbank_P149992_31542494_ICR_2019.pdf,worldbank,Mozambique - Artisanal Fisheries and Climate Change - P149992,2019,P149992,ICR00004858,http://documents.worldbank.org/curated/en/636001573408321795,wb:docid
worldbank_P150148_33289940_ICR_2021.pdf,worldbank,"Congo, Democratic Republic of - Statistics Development Project",2021,P150148,ICR5462,http://documents.worldbank.org/curated/en/627411627034180128,wb:docid
worldbank_P150369_33694440_ICR_2021.pdf,worldbank,Ghana-Peri-Urban Commercial Vegetables Value Chains Project - P150369,2021,P150369,ICR00005582,http://documents.worldbank.org/curated/en/099625012312132630,wb:docid
worldbank_P150844_33696786_ICR_2021.pdf,worldbank,Rwanda - Urban Development Project,2021,P150844,ICR5566,http://documents.worldbank.org/curated/en/199651641239233649,wb:docid
worldbank_P150929_31680007_ICR_2019.pdf,worldbank,Burundi - Infrastructure Resilience Emergency Project,2019,P150929,ICR4993,http://documents.worldbank.org/curated/en/787971577979433968,wb:docid
worldbank_P150930_34110629_ICR_2023.pdf,worldbank,Morocco - Large Scale Irrigation Modernization Project,2023,P150930,ICR6105,http://documents.worldbank.org/curated/en/099070123151537250,wb:docid
worldbank_P151215_32753046_ICR_2021.pdf,worldbank,Chad - Emergency Food and Livestock Crisis Response Project,2021,P151215,ICR5262,http://documents.worldbank.org/curated/en/198781610768290409,wb:docid
worldbank_P151318_33700786_ICR_2021.pdf,worldbank,Mali - Higher Education Support Project,2021,P151318,ICR5744,http://documents.worldbank.org/curated/en/810851641853624845,wb:docid
worldbank_P151469_34443700_ICR_2024.pdf,worldbank,Madagascar - Agriculture Rural Growth and Land Management Project,2024,P151469,ICR4409,http://documents.worldbank.org/curated/en/099010725115015815,wb:docid
worldbank_P151979_31214566_ICR_2019.pdf,worldbank,Cabo Verde: Distributed Solar Energy Systems (SIDS DOCK) - P151979,2019,P151979,ICR00004639,http://documents.worldbank.org/curated/en/873971561749529934,wb:docid
worldbank_P152016_31117848_ICR_2019.pdf,worldbank,Sudan Statistical Capacity Building Project - P152016,2019,P152016,ICR00004769,http://documents.worldbank.org/curated/en/446741559224979543,wb:docid
worldbank_P152024_30838042_ICR_2019.pdf,worldbank,Water for Agropastoral Livelihoods Pilot Project - P152024,2019,P152024,ICR00004696,http://documents.worldbank.org/curated/en/983411550249837741,wb:docid
worldbank_P153085_33851296_ICR_2022.pdf,worldbank,"Congo, Democratic Republic of - Goma Airport Safety Improvement Project",2022,P153085,ICR5547,http://documents.worldbank.org/curated/en/936151656076854596,wb:docid
worldbank_P153277_34207933_ICR_2023.pdf,worldbank,Tanzania - Zanzibar Improving Student Prospects Project,2023,P153277,ICR6456,http://documents.worldbank.org/curated/en/099120323102538666,wb:docid
worldbank_P153349_34455729_ICR_2025.pdf,worldbank,"Kenya - National Agricultural and Rural Inclusive Growth Project

",2025,P153349,ICR00111,http://documents.worldbank.org/curated/en/099021225120030047,wb:docid
worldbank_P153370_34342103_ICR_2024.pdf,worldbank,Madagascar - Southern Africa-Second South West Indian Ocean Fisheries Governance and Shared Growth Project,2024,P153370,ICR6603,http://documents.worldbank.org/curated/en/099061424194513437,wb:docid
worldbank_P153863_33862266_ICR_2022.pdf,worldbank,Western and Central Africa - Senegal River Basin Integrated Water Resources Management Project,2022,P153863,ICR5660,http://documents.worldbank.org/curated/en/740611657068287283,wb:docid
worldbank_P154280_29322296_ICR_2017.pdf,worldbank,Morocco - Strengthen Capacity for an Inclusive Design of Groundwater Management Contract for Green Growth Project,2017,P154280,122520,http://documents.worldbank.org/curated/en/980931515788068421,wb:docid
worldbank_P154314_32390622_ICR_2020.pdf,worldbank,Benin Statistical Capacity Building - P154314,2020,P154314,ICR00004801,http://documents.worldbank.org/curated/en/591831599669836142,wb:docid
worldbank_P154403_33657465_ICR_2021.pdf,worldbank,IGAD - Building Disaster Resilience to Disasters through Risk Management and Climate Change Adaptation - P154403,2021,P154403,ICR00005110,http://documents.worldbank.org/curated/en/099310012032128154,wb:docid
worldbank_P154447_34113348_ICR_2023.pdf,worldbank,Angola - Smallholder Agriculture Development and Commercialization Project,2023,P154447,ICR6256,http://documents.worldbank.org/curated/en/099070623132033262,wb:docid
worldbank_P154803_33311228_ICR_2021.pdf,worldbank,Malawi - Floods Emergency Recovery Project,2021,P154803,ICR5491,http://documents.worldbank.org/curated/en/116211627912178702,wb:docid
worldbank_P155081_33870551_ICR_2022.pdf,worldbank,Support to Nutrition Sensitive Agriculture and Capacity Development of Small and Marginal Farmers - P155081,2022,P155081,ICR00005681,http://documents.worldbank.org/curated/en/099230007192248770,wb:docid
worldbank_P155373_32204550_ICR_2020.pdf,worldbank,Pan-African Forest-Dependent Indigenous Peoples FCPF Capacity Building Program on REDD+ Project - P155373,2020,P155373,ICR00005280,http://documents.worldbank.org/curated/en/716531593547575944,wb:docid
worldbank_P155374_32204561_ICR_2020.pdf,worldbank,Pan-African Civil Society FCPF Capacity Building Program on REDD+ Project - P155374,2020,P155374,ICR00005284,http://documents.worldbank.org/curated/en/889021593547562884,wb:docid
worldbank_P155475_33653594_ICR_2021.pdf,worldbank,Building Resilience to Food and Nutrition Insecurity Shocks - P155475,2021,P155475,ICR00005727,http://documents.worldbank.org/curated/en/099105012022125947,wb:docid
worldbank_P155480_30727763_ICR_2018.pdf,worldbank,Chad - Fiscal Consolidation Program Support Grant,2018,P155480,ICR4447,http://documents.worldbank.org/curated/en/103811545940015634,wb:docid
worldbank_P155642_34440888_ICR_2024.pdf,worldbank,Seychelles - Third South West Indian Ocean Fisheries Governance and Shared Growth Project (SWIOFish3),2024,P155642,ICR00156,http://documents.worldbank.org/curated/en/099122324124015943,wb:docid
worldbank_P155829_31260901_ICR_2019.pdf,worldbank,Enhanced Capacity towards Sustainable Petroleum Sector Management - P155829,2019,P155829,ICR00004886,http://documents.worldbank.org/curated/en/701951563543073732,wb:docid
worldbank_P156559_33840180_ICR_2022.pdf,worldbank,Mozambique - Emergency Resilience Recovery Project,2022,P156559,ICR5508,http://documents.worldbank.org/curated/en/396021654867649563,wb:docid
worldbank_P156774_33640834_ICR_2021.pdf,worldbank,"STRENGTHENING DRR COORDINATION, PLANNING AND POLICY ADVISORY CAPACITY OF ECOWAS - P156774",2021,P156774,ICR00005135,http://documents.worldbank.org/curated/en/099815311242120684,wb:docid
worldbank_P157716_33579400_ICR_2021.pdf,worldbank,Promoting Young Women?s Livelihoods and Nutrition Project - P157716,2021,P157716,ICR00005560,http://documents.worldbank.org/curated/en/366021635972168438,wb:docid
worldbank_P157993_32866712_ICR_2021.pdf,worldbank,Burundi Maternal Child Nutrition Enhancement Project - P157993,2021,P157993,ICR00005281,http://documents.worldbank.org/curated/en/391051614374435562,wb:docid
worldbank_P158816_32986461_ICR_2021.pdf,worldbank,Madagascar Pilot Program for Climate Resilience Phase I - P158816,2021,P158816,ICR00005451,http://documents.worldbank.org/curated/en/106691618006973557,wb:docid
worldbank_P159189_31693444_ICR_2020.pdf,worldbank,Data Production and Capacity Building in Chad - P159189,2020,P159189,ICR00004992,http://documents.worldbank.org/curated/en/420711578611741841,wb:docid
worldbank_P159217_34116155_ICR_2023.pdf,worldbank,Democratic Republic of Congo - Strengthening Hydro-Meteorological and Climate Services Project,2023,P159217,ICR6208,http://documents.worldbank.org/curated/en/099071123123022346,wb:docid
worldbank_P159476_34048813_ICR_2023.pdf,worldbank,Burkina Faso - Livestock Sector Development Support Project,2023,P159476,ICR6252,http://documents.worldbank.org/curated/en/099042123114013316,wb:docid
worldbank_P159979_34367638_ICR_2024.pdf,worldbank,Republic of Congo - Commercial Agriculture Project,2024,P159979,ICR6710,http://documents.worldbank.org/curated/en/099072224120538675,wb:docid
worldbank_P160114_32196008_ICR_2020.pdf,worldbank,Conflict Monitoring System in Nigeria - P160114,2020,P160114,ICR00005282,http://documents.worldbank.org/curated/en/955891593463791088,wb:docid
worldbank_P160170_40033994_ICR_2025.pdf,worldbank,Niger - Solar Electricity Access Project,2025,P160170,ICR00066,http://documents.worldbank.org/curated/en/099072425163018451,wb:docid
worldbank_P160259_32557408_ICR_2020.pdf,worldbank,Côte d’Ivoire - Country Support Program,2020,P160259,154282,http://documents.worldbank.org/curated/en/905361604913251950,wb:docid
worldbank_P160267_31003622_ICR_2019.pdf,worldbank,Forest Investment Program (FIP) Investment Plan - P160267,2019,P160267,ICR00004585,http://documents.worldbank.org/curated/en/769051556048863945,wb:docid
worldbank_P160268_32029315_ICR_2020.pdf,worldbank,Rwanda Pilot Program for Climate Resilience - P160268,2020,P160268,ICR00004847,http://documents.worldbank.org/curated/en/235111589300253852,wb:docid
worldbank_P160613_40108254_ICR_2026.pdf,worldbank,"Burundi - Landscape Restoration and Resilience Project 
",2026,P160613,ICR00284,http://documents.worldbank.org/curated/en/099061026113523883,wb:docid
worldbank_P160641_34442355_ICR_2024.pdf,worldbank,Mali - Livestock Sector Development Support Project,2024,P160641,ICR00294,http://documents.worldbank.org/curated/en/099122424143558953,wb:docid
worldbank_P160945_40093914_ICR_2026.pdf,worldbank,Liberia - Smallholder Agriculture Transformation and Agribusiness Revitalization Project (STAR-P),2026,P160945,ICR00644,http://documents.worldbank.org/curated/en/099032626185018870,wb:docid
worldbank_P160977_34204847_ICR_2023.pdf,worldbank,Mali - Improving Mali’s Statistical System Project,2023,P160977,ICR5864,http://documents.worldbank.org/curated/en/099112923172010934,wb:docid
worldbank_P161392_40035372_ICR_2025.pdf,worldbank,Malawi - Resilience and Disaster Risk Management Project,2025,P161392,ICR00472,http://documents.worldbank.org/curated/en/099073025181016253,wb:docid
worldbank_P161406_40081767_ICR_2025.pdf,worldbank,"Mali - Strengthening Climate Resilience in Mali Project
",2025,P161406,ICR00509,http://documents.worldbank.org/curated/en/099012026194037502,wb:docid
worldbank_P161757_34048924_ICR_2023.pdf,worldbank,Accelerating Solar Water Pumping via Innovative Financing - P161757,2023,P161757,ICR00006142,http://documents.worldbank.org/curated/en/099042423190529784,wb:docid
worldbank_P161770_34437675_ICR_2024.pdf,worldbank,Côte d’Ivoire - Multisectoral Nutrition and Child Development Project,2024,P161770,ICR00190,http://documents.worldbank.org/curated/en/099121724122513150,wb:docid
worldbank_P161781_40085193_ICR_2025.pdf,worldbank,Burundi - Great Lakes Regional Integrated Agriculture Development Project,2025,P161781,ICR00598,http://documents.worldbank.org/curated/en/099020926093539758,wb:docid
worldbank_P161876_33908215_ICR_2022.pdf,worldbank,Rwanda - Second Phase of the Fourth Transformation of Agriculture Sector Program-for-Results,2022,P161876,ICR5902,http://documents.worldbank.org/curated/en/099525009282232163,wb:docid
worldbank_P162069_40053479_ICR_2025.pdf,worldbank,Nigeria - Accelerating Nutrition Results Project,2025,P162069,ICR00282,http://documents.worldbank.org/curated/en/099100825105582671,wb:docid
worldbank_P162580_34461752_ICR_2025.pdf,worldbank,"Western and Central Africa - First Phase of Solar Development in Sub-Saharan Africa Project
",2025,P162580,ICR00293,http://documents.worldbank.org/curated/en/099022825085028347,wb:docid
worldbank_P162666_34103822_ICR_2023.pdf,worldbank,Empowering farmers at district level through social accountability to improve Performance Contracts (Imihigo) in Rwandan agriculture - P162666,2023,P162666,ICR00006226,http://documents.worldbank.org/curated/en/099062823071516563,wb:docid
worldbank_P162956_34360092_ICR_2024.pdf,worldbank,Chad - Climate Resilient Agriculture and Productivity Enhancement Project,2024,P162956,ICR6716,http://documents.worldbank.org/curated/en/099070224124070956,wb:docid
worldbank_P163245_32712148_ICR_2020.pdf,worldbank,Malawi Strategic Program for Climate Resilience - P163245,2020,P163245,ICR00005247,http://documents.worldbank.org/curated/en/594861608823635104,wb:docid
worldbank_P163358_33855462_ICR_2022.pdf,worldbank,Improving the Efficiency and Sustainability of Charcoal and Woodfuel Value Chains - P163358,2022,P163358,ICR00005811,http://documents.worldbank.org/curated/en/099845106292213741,wb:docid
worldbank_P163486_33657234_ICR_2021.pdf,worldbank,"STRENGTHENING DRR COORDINATION, PLANNING AND POLICY ADVISORY CAPACITY OF SADC - P163486",2021,P163486,ICR00005136,http://documents.worldbank.org/curated/en/099805012032136168,wb:docid
worldbank_P163559_32209898_ICR_2020.pdf,worldbank,South Sudan - Emergency Food and Nutrition Security Project,2020,P163559,ICR5232,http://documents.worldbank.org/curated/en/450361593703199530,wb:docid
worldbank_P163830_30943852_ICR_2019.pdf,worldbank,Somalia - Emergency Drought Response and Recovery Project,2019,P163830,ICR4636,http://documents.worldbank.org/curated/en/870601553891552738,wb:docid
worldbank_P163857_33758938_ICR_2022.pdf,worldbank,Somalia - Urban Resilience Project,2022,P163857,ICR5638,http://documents.worldbank.org/curated/en/987631647364596215,wb:docid
worldbank_P163923_33875176_ICR_2022.pdf,worldbank,Adolescent Nutrition-Sensitive Agriculture Pilot Project - P163923,2022,P163923,ICR00005604,http://documents.worldbank.org/curated/en/099155007292248274,wb:docid
worldbank_P163958_32475920_ICR_2020.pdf,worldbank,Zambia - Scaling Solar Energy Project,2020,P163958,149467,http://documents.worldbank.org/curated/en/865501602254044494,wb:docid
worldbank_P164052_40111928_ICR_2026.pdf,worldbank,Mali - Drylands Development Project,2026,P164052,ICR00600,http://documents.worldbank.org/curated/en/099062426120528572,wb:docid
worldbank_P164326_34269725_ICR_2024.pdf,worldbank,Guinea - Integrated Agricultural Development Project,2024,P164326,ICR6482,http://documents.worldbank.org/curated/en/099022924111534438,wb:docid
worldbank_P164336_40108844_ICR_2026.pdf,worldbank,"Ethiopia - Lowlands Livelihood Resilience Project 
",2026,P164336,ICR00705,http://documents.worldbank.org/curated/en/099061226093523735,wb:docid
worldbank_P164431_40019742_ICR_2025.pdf,worldbank,Mozambique - Smallholder Irrigated Agriculture and Market Access Project,2025,P164431,ICR00382,http://documents.worldbank.org/curated/en/099060525034039833,wb:docid
worldbank_P164445_34297221_ICR_2024.pdf,worldbank,Malawi - Second Agriculture Sector Wide Approach Support Project,2024,P164445,ICR6513,http://documents.worldbank.org/curated/en/099040524092034679,wb:docid
worldbank_P164486_40085196_ICR_2025.pdf,worldbank,"Angola, Lesotho - Agricultural Productivity Program for Southern Africa Project",2025,P164486,ICR00458,http://documents.worldbank.org/curated/en/099020926094015349,wb:docid
worldbank_P164509_34326407_ICR_2024.pdf,worldbank,Niger - Agricultural and Livestock Transformation Project,2024,P164509,ICR6402,http://documents.worldbank.org/curated/en/099947505282416455,wb:docid
worldbank_P164520_34461789_ICR_2025.pdf,worldbank,"Rwanda - Sustainable Agricultural Intensification and Food Security Project
",2025,P164520,ICR00119,http://documents.worldbank.org/curated/en/099022825123514240,wb:docid
worldbank_P164764_40113872_ICR_2026.pdf,worldbank,"Zambia - Transforming Landscapes for Resilience and Development Project
",2026,P164764,ICR05079,http://documents.worldbank.org/curated/en/099063026042020261,wb:docid
worldbank_P164932_40093101_ICR_2026.pdf,worldbank,Liberia - Improving Results in Secondary Education (IRISE) Project,2026,P164932,ICR00401,http://documents.worldbank.org/curated/en/099032326090518173,wb:docid
worldbank_P165253_40099619_ICR_2026.pdf,worldbank,"Burundi - Investing in Early Years and Fertility in Burundi Project 
",2026,P165253,ICR00581,http://documents.worldbank.org/curated/en/099042726083612982,wb:docid
worldbank_P166211_40011235_ICR_2025.pdf,worldbank,"Benin - Early Years Nutrition and Child Development Project
",2025,P166211,ICR00277,http://documents.worldbank.org/curated/en/099050625181583858,wb:docid
worldbank_P166437_34439092_ICR_2024.pdf,worldbank,Mozambique - Disaster Risk Management and Resilience Program,2024,P166437,ICR00133,http://documents.worldbank.org/curated/en/099121924121524556,wb:docid
worldbank_P166526_40081307_ICR_2025.pdf,worldbank,Madagascar - Connectivity for Rural Livelihood Improvement Project,2025,P166526,ICR00522,http://documents.worldbank.org/curated/en/099011526174021867,wb:docid
worldbank_P166596_40010057_ICR_2025.pdf,worldbank,Burkina Faso Improving Education of children with disabilities - P166596,2025,P166596,ICR0000384,http://documents.worldbank.org/curated/en/099043025111092692,wb:docid
worldbank_P167681_34463484_ICR_2025.pdf,worldbank,Senegal - Improving Youth Employability Through Informal Apprenticeship Project,2025,P167681,ICR00167,http://documents.worldbank.org/curated/en/099030625145031361,wb:docid
worldbank_P167826_34151419_ICR_2023.pdf,worldbank,Somalia - Water for Agro-Pastoral Productivity and Resilience Project,2023,P167826,ICR6394,http://documents.worldbank.org/curated/en/099082523222052153,wb:docid
worldbank_P167988_33200970_ICR_2021.pdf,worldbank,IMPROVING HOUSEHOLD SURVEYS AND ADMINISTRATIVE DATA IN SUDAN: STATISTICAL CAPACITY BUILDING - P167988,2021,P167988,ICR00005592,http://documents.worldbank.org/curated/en/952901624402193107,wb:docid
worldbank_P168474_34020194_ICR_2023.pdf,worldbank,Central African Republic - Second Consolidation and Social Inclusion Development Program Project,2023,P168474,ICR5924,http://documents.worldbank.org/curated/en/099143003102317622,wb:docid
worldbank_P169051_34290410_ICR_2024.pdf,worldbank,Africa Climate Resilience Investment Facility - P169051,2024,P169051,ICR00006397,http://documents.worldbank.org/curated/en/099032824161010031,wb:docid
worldbank_P169498_33711957_ICR_2022.pdf,worldbank,Sierra Leone - Third Productivity and Transparency Support Grant,2022,P169498,ICR5751,http://documents.worldbank.org/curated/en/622881643051473320,wb:docid
worldbank_P169949_34449307_ICR_2025.pdf,worldbank,"South Sudan - Enhancing Community Resilience and Local Governance Project
",2025,P169949,ICR6668,http://documents.worldbank.org/curated/en/099012325163042506,wb:docid
worldbank_P171611_40105550_ICR_2026.pdf,worldbank,"Chad - Local Development and Adaptation Project 
",2026,P171611,ICR00567,http://documents.worldbank.org/curated/en/099052726185523325,wb:docid
worldbank_P172153_34356933_ICR_2024.pdf,worldbank,Rwanda NDC Deep Dive: Advancing Financial Innovation to scale up Climate Action - P172153,2024,P172153,ICR00006583,http://documents.worldbank.org/curated/en/099063024153038744,wb:docid
worldbank_P172848_40103629_ICR_2025.pdf,worldbank,"Eastern and Southern Africa - Nile Cooperation for Climate Resilience Project
",2025,P172848,ICR00594,http://documents.worldbank.org/curated/en/099051826110039252,wb:docid
worldbank_P173073_40080450_ICR_2025.pdf,worldbank,Morocco - Improving Early Childhood Development Outcomes in Rural Morocco Project,2025,P173073,ICR00579,http://documents.worldbank.org/curated/en/099010826183537251,wb:docid
worldbank_P173521_34461810_ICR_2025.pdf,worldbank,"Sudan - Family Support Project
",2025,P173521,ICR06326,http://documents.worldbank.org/curated/en/099022825170010485,wb:docid
worldbank_P174336_34445216_ICR_2024.pdf,worldbank,Guinea-Bissau - Emergency Food Security Project,2024,P174336,ICR00036,http://documents.worldbank.org/curated/en/099011025130522551,wb:docid
worldbank_P177782_40114111_ICR_2026.pdf,worldbank,"Cameroon - Emergency Project to Combat the Food Crisis Project
",2026,P177782,ICR00850,http://documents.worldbank.org/curated/en/099063026100510639,wb:docid
worldbank_P178045_40108366_ICR_2026.pdf,worldbank,"Africa - Support to Regional Knowledge Capacity on Economic Transformation, Resilience, and Recovery Project
",2026,P178045,ICR00384,http://documents.worldbank.org/curated/en/099061026165032985,wb:docid
worldbank_P178332_40112622_ICR_2026.pdf,worldbank,JSDF-Djibouti: Promoting Women's and Community Resilience in the Fight Against Gender-Based Violence - P178332,2026,P178332,ICR0000913,http://documents.worldbank.org/curated/en/099062626053510011,wb:docid
worldbank_RW-Third_Rural_Sector_Support_Project_--_P126440_Implementation_Completion_and_Results_Report_2019.pdf,worldbank,Rwanda - Third Rural Sector Support Project,2019,P126440,ICR4786,http://documents.worldbank.org/curated/en/290871556573354076,wb:pcode
worldbank_SN-SN_Casamance_Development_Pole_Project_--_P125506_Implementation_Completion_and_Results_Report_2021.pdf,worldbank,Senegal - Casamance Development Pole Project,2021,P125506,ICR5325,http://documents.worldbank.org/curated/en/895711622209115132,wb:pcode
worldbank_TD-Agriculture_Production_Support_Project_--_P126576_Implementation_Completion_and_Results_Report_2017.pdf,worldbank,Chad - Agriculture Production Support Project,2017,P126576,ICR4343,http://documents.worldbank.org/curated/en/189061515169116579,wb:pcode
worldbank_TD-Chad_Value_Chain_Support_Project_--_P133021_Implementation_Completion_and_Results_Report_2021.pdf,worldbank,Chad - Value Chain Support Project,2021,P133021,ICR4929,http://documents.worldbank.org/curated/en/227051612465152997,wb:pcode
worldbank_TG-Togo_Agricultural_Sector_Support_Project_--_P118045_Implementation_Completion_and_Results_Report_2021.pdf,worldbank,Togo - Agricultural Sector Support Project,2021,P118045,ICR5405,http://documents.worldbank.org/curated/en/099920006032429926,wb:pcode
worldbank_UG-Agriculture_Cluster_Development_Project_--_P145037_Implementation_Completion_and_Results_Report_2024.pdf,worldbank,Uganda - Agriculture Cluster Development Project,2024,P145037,ICR00126,http://documents.worldbank.org/curated/en/099120324155511959,wb:pcode
worldbank_UG-Water_Management_and_Development_Project_--_P123204_Implementation_Completion_and_Results_Report_2020.pdf,worldbank,Uganda - Water Management and Development Project,2020,P123204,ICR4742,http://documents.worldbank.org/curated/en/402071586542243193,wb:pcode
worldbank_ZM-Irrigation_Development_and_Support_Project_--_P102459_Implementation_Completion_and_Results_Report_2025.pdf,worldbank,"Zambia - Irrigation Development and Support Project 
",2025,P102459,ICR00296,http://documents.worldbank.org/curated/en/099052925050529387,wb:pcode
worldbank_ZM-Zambia_Agribusiness_and_Trade_Project_--_P156492_Implementation_Completion_and_Results_Report_2024.pdf,worldbank,"Zambia - Agribusiness and Trade Project
",2024,P156492,ICR00216,http://documents.worldbank.org/curated/en/099120424090539276,wb:pcode
worldbank_ZM-Zambia_COMACO_Landscape_Management_--_P144254_Implementation_Completion_and_Results_Report_2020.pdf,worldbank,Zambia - COMACO Landscape Management Project,2020,P144254,150815,http://documents.worldbank.org/curated/en/307081595830064526,wb:pcode
gef_10025_Terminal_Evaluation.pdf,gef,Capacity Building for Burkina Faso’s Transparency System for Climate Change Mitigation and Adaptation,2025,10025,,https://publicpartnershipdata.azureedge.net/gef/GEFDocuments/50ed5976-df7c-e811-8124-3863bb2e1360/TE/TerminalEvaluationTE_100252025ValTRUNEPGEFMSPBurkina%20Faso.pdf,gef:file+id
gef_10026_Terminal_Evaluation.pdf,gef,Togo Climate Transparency Framework,2024,10026,,https://publicpartnershipdata.azureedge.net/gef/GEFDocuments/51ed5976-df7c-e811-8124-3863bb2e1360/TE/TerminalEvaluationTE_100262024ValTRunepgefmspTogo.pdf,gef:file+id
gef_10027_Terminal_Evaluation.pdf,gef,Building and Strengthening Sierra Leone's National Capacity to Implement the Transparency Elements of the Paris Agreement,2025,10027,,https://publicpartnershipdata.azureedge.net/gef/GEFDocuments/52ed5976-df7c-e811-8124-3863bb2e1360/TE/TerminalEvaluationTE_10027CBIT%20Sierra%20Leone2025ValTRUNEPGEFMSP.pdf,gef:file+id
gef_10117_Mid-Term_Review.pdf,gef,Green Sharm El Sheikh,2025,10117,,https://publicpartnershipdata.azureedge.net/gef/GEFProjectVersions/a6399034-d6c8-e811-813a-3863bb3c4538_MTR.pdf,gef:file+id
gef_10149_Terminal_Evaluation.pdf,gef,Malawi Climate Transparency Framework,2025,10149,,https://publicpartnershipdata.azureedge.net/gef/GEFDocuments/6890cf4a-e82d-e911-8146-3863bb3c4538/TE/TerminalEvaluationTE_101492025TRUNEPGEFMSPAfricaCBIT%20Malawi.pdf,gef:file+id
gef_10165_Mid-Term_Review.pdf,gef,Strengthening resilience to climate change of coastal communities in Togo,2025,10165,,https://publicpartnershipdata.azureedge.net/gef/GEFDocuments/65e09942-6854-e911-a830-000d3a375590/MTR/MidtermReviewMTR_GEFID10165MTR%20Togo.pdf,gef:file+id
gef_10199_Mid-Term_Review.pdf,gef,Improving Water Availability in The Gambia’s Rural and Peri-Urban Communities for Domestic and Agricultural Use,2024,10199,,https://publicpartnershipdata.azureedge.net/gef/GEFProjectVersions/49fcf0f0-0c56-e911-a827-000d3a365662_MTR.pdf,gef:file+id
gef_10347_Mid-Term_Review.doc,gef,Scaling up ecological corridors and transboundary connectivity through integrated natural resources management in the Ngotto Forest landscape and Mbaéré-Bodingué National Park,2024,10347,,https://publicpartnershipdata.azureedge.net/gef/GEFDocuments/f3383e5b-36ae-e911-a82e-000d3a365fc2/MTR/MidtermReviewMTR_10347-BDcleanWWFRapport%20dvaluation%20METTPNMB.doc,gef:file+id
gef_10348_Mid-Term_Review.pdf,gef,Landscape Restoration and Ecosystem Management for Sustainable Food Systems,2025,10348,,https://publicpartnershipdata.azureedge.net/gef/GEFProjectVersions/9de16d74-7897-e911-a835-000d3a375590_MTR.pdf,gef:file+id
gef_10429_Terminal_Evaluation.pdf,gef,Strengthening the Capacity of Institutions in Zimbabwe to conform to the Transparency Requirements of the Paris Agreement,2025,10429,,https://publicpartnershipdata.azureedge.net/gef/GEFDocuments/aa6db5aa-aae9-e911-a833-000d3a365662/TE/TerminalEvaluationTE_104292025TEUNEP-GEFMSPAfricaCBIT%20Zimbabwe.pdf,gef:file+id
gef_10470_Mid-Term_Review.pdf,gef,National child project under the GEF Africa Mini-grids Program Somalia,2025,10470,,https://publicpartnershipdata.azureedge.net/gef/GEFProjectVersions/397d6cd2-7e38-ea11-a813-000d3a3375e3_MTR.pdf,gef:file+id
gef_10471_Mid-Term_Review.pdf,gef,National child project under the GEF Africa Mini-grids Program Djibouti,2025,10471,,https://publicpartnershipdata.azureedge.net/gef/GEFProjectVersions/e6bc31b1-7b38-ea11-a813-000d3a337c9e_MTR.pdf,gef:file+id
gef_10473_Mid-Term_Review.pdf,gef,National child project under the GEF Africa Mini-grids Program Comoros,2025,10473,,https://publicpartnershipdata.azureedge.net/gef/GEFProjectVersions/73aa4045-3a39-ea11-a813-000d3a3372de_MTR.pdf,gef:file+id
gef_10475_Mid-Term_Review.pdf,gef,National child project under the GEF Africa Mini-grids Program Malawi,2024,10475,,https://publicpartnershipdata.azureedge.net/gef/GEFProjectVersions/51c1e640-4439-ea11-a813-000d3a3374ac_MTR.pdf,gef:file+id
gef_10479_Mid-Term_Review.pdf,gef,Sudan’s Capacity Building Initiative for Transparency Project,2024,10479,,https://publicpartnershipdata.azureedge.net/gef/GEFProjectVersions/cde667bb-cf1f-ea11-a810-000d3a337c9e_MTR.pdf,gef:file+id
gef_10486_Mid-Term_Review.pdf,gef,Child Project Title: Strengthening Marrakech’s sustainable development through innovative planning and financing,2025,10486,,https://publicpartnershipdata.azureedge.net/gef/GEFProjectVersions/cee81060-0141-ea11-a812-000d3a3374ac_MTR.pdf,gef:file+id
gef_10530_Mid-Term_Review.pdf,gef,Rwanda Urban Development Project II,2025,10530,,https://publicpartnershipdata.azureedge.net/gef/GEFDocuments/b5de52e1-5b44-ea11-a812-000d3a3372de/MTR/MidtermReviewMTR_10530-P170376-P165017-2024-MTR-PIR-WB-Rwanda.pdf,gef:file+id
gef_10583_Terminal_Evaluation.pdf,gef,Conservation Areas for Biodiversity Conservation and Development II-Additional Financing,2025,10583,,https://publicpartnershipdata.azureedge.net/gef/GEFDocuments/d8fbc528-6f6c-ea11-a811-000d3a337c9e/TE/TerminalEvaluationTE_10583-P171745-2025-TE-ICR-WB-Mozambique%20MozBio.pdf,gef:file+id
gef_10768_Mid-Term_Review.pdf,gef,Resilient Urban Sierra Leone Project,2026,10768,,https://publicpartnershipdata.azureedge.net/gef/GEFDocuments/fe4c1eba-7e82-eb11-a812-000d3a3b26a6/MTR/MidtermReviewMTR_10768-P173676-P168608-2024-MTR-PIR-WB-Sierra%20Leone.pdf,gef:file+id
gef_10817_Mid-Term_Review.docx,gef,Sustainable energy systems for urban-industrial development in South Africa,2025,10817,,https://publicpartnershipdata.azureedge.net/gef/GEFDocuments/0a654de6-1575-eb11-a812-000d3a37dbdf/MTR/MidtermReviewMTR_UNIDOMTR%20reportGEF%2010817SESID.docx,gef:file+id
gef_2921_Terminal_Evaluation.pdf,gef,Electricity Sector Efficiency Improvement Project,2017,2921,,https://publicpartnershipdata.azureedge.net/gef/GEFDocuments/0214efa4-de7c-e811-8124-3863bb2e1360/TE/TerminalEvaluationTE_2921-P098742-WB-TE-Guinea.pdf,gef:file+id
gef_3302_Terminal_Evaluation.pdf,gef,Climate Adaptation for Rural Livelihoods and Agriculture (CARLA),2016,3302,,https://publicpartnershipdata.azureedge.net/gef/GEFDocuments/17aef3b7-de7c-e811-8124-3863bb2e1360/TE/_3302%20TE.pdf,gef:file+id
gef_3669_Terminal_Evaluation.pdf,gef,MENARID: Second Natural Resources Management Project,2018,3669,,https://publicpartnershipdata.azureedge.net/gef/PMISGEFDocuments/MandE/TE/FY2016/World%20Bank/G003669/3669%20ICR.pdf,gef:file+id
gef_3699_Terminal_Evaluation.docx,gef,SPWA-CC: Promotion of the Use of Agrofuels from the Production and Use of Jatropha Oil in Mali,2016,3699,,https://publicpartnershipdata.azureedge.net/gef/GEFDocuments/9e6170ca-de7c-e811-8124-3863bb2e1360/TE/TerminalEvaluationTE_3699%20TE.docx,gef:file+id
gef_3701_Terminal_Evaluation.pdf,gef,Enhancing Climate Risk Management and Adaptation in Burundi (ECRAMB),2018,3701,,https://publicpartnershipdata.azureedge.net/gef/GEFDocuments/a06170ca-de7c-e811-8124-3863bb2e1360/TE/TerminalEvaluationTE_PCR%20Burundi.pdf,gef:file+id
gef_3827_Terminal_Evaluation.pdf,gef,SPWA-CC: Nigeria Urban Transport,2017,3827,,https://publicpartnershipdata.azureedge.net/gef/GEFDocuments/4a756bd0-de7c-e811-8124-3863bb2e1360/TE/TerminalEvaluationTE_3827%20TE.pdf,gef:file+id
gef_3841_Terminal_Evaluation.pdf,gef,Improvement of Early Warning System to Reduce Impacts of Climate Change and Capacity Building to Integrate Climate Change into Development Plans,2018,3841,,https://publicpartnershipdata.azureedge.net/gef/GEFDocuments/58756bd0-de7c-e811-8124-3863bb2e1360/TE/TerminalEvaluationTE_3841_2018_TE_UNEP_REGIONAL_CCA_MSP_SPCC_NAPA_Lesotho.pdf,gef:file+id
gef_3876_Terminal_Evaluation.pdf,gef,"SPWA-CC: Promotion of Energy Efficiency Lighting in Public, Commercial and Residential Buildings",2023,3876,,https://publicpartnershipdata.azureedge.net/gef/GEFDocuments/6c2d6bd6-de7c-e811-8124-3863bb2e1360/TE/TerminalEvaluationTE_20233876teunepteunepgefccmspEE%20Lighting%20in%20Cote%20dIvoire.pdf,gef:file+id
gef_3880_Terminal_Evaluation.pdf,gef,SPWA-CC: Togo Efficient Lighting Program,2016,3880,,https://publicpartnershipdata.azureedge.net/gef/GEFDocuments/702d6bd6-de7c-e811-8124-3863bb2e1360/TE/TerminalEvaluationTE_3880-P115066-P113415-WB-TE-Togo.pdf,gef:file+id
gef_3892_Terminal_Evaluation.pdf,gef,Energy for Rural Transformation Project II,2017,3892,,https://publicpartnershipdata.azureedge.net/gef/GEFDocuments/7c2d6bd6-de7c-e811-8124-3863bb2e1360/TE/TerminalEvaluationTE_3892-P112340-P112334-WB-TE-Uganda.pdf,gef:file+id
gef_3915_Terminal_Evaluation.docx,gef,Integrated Carbon Sequestration Project in Sudan,2021,3915,,https://publicpartnershipdata.azureedge.net/gef/GEFDocuments/932d6bd6-de7c-e811-8124-3863bb2e1360/TE/TerminalEvaluationTE_GEF39152020TEIFAD%20SudanCCFSP.docx,gef:file+id
gef_3927_Project_Implementation_Report.doc,gef,Integrated Approach for Zero Emission Project Development in the New Town of Boughzoul,2019,3927,,https://publicpartnershipdata.azureedge.net/gef/GEFDocuments/9f2d6bd6-de7c-e811-8124-3863bb2e1360/Roadmap/ProjectImplementationReportPIR_3927_2019_PIR_UNEP_Algeria.doc,gef:file+id
gef_3958_Terminal_Evaluation.pdf,gef,SPWA-CC: Promoting Development of Multi-purpose Mini-hydro Power Systems,2021,3958,,https://publicpartnershipdata.azureedge.net/gef/GEFDocuments/bd2d6bd6-de7c-e811-8124-3863bb2e1360/TE/TerminalEvaluationTE_Rapport%20dvaluation.pdf,gef:file+id
gef_4018_Terminal_Evaluation.pdf,gef,Sao Tome and Principe Adaptation to Climate Change,2018,4018,,https://publicpartnershipdata.azureedge.net/gef/GEFDocuments/193864dc-de7c-e811-8124-3863bb2e1360/TE/TerminalEvaluationTE_4018-P111669-WB-TE-Sao%20Tome%20and%20Principe.pdf,gef:file+id
gef_4055_Terminal_Evaluation.doc,gef,TT-Pilot (GEF-4): Technology Transfer: Typha-based Thermal Insulation Material Production in Senegal,2019,4055,,https://publicpartnershipdata.azureedge.net/gef/GEFDocuments/3e3864dc-de7c-e811-8124-3863bb2e1360/TE/TerminalEvaluationTE_PIMS%204315%20-%20Terminal%20Evaluation%20-%20Oct%202018.doc,gef:file+id
gef_4141_Terminal_Evaluation.pdf,gef,Developing Core Capacity to Address Adaptation to Climate Change in Productive Coastal Zones,2019,4141,,https://publicpartnershipdata.azureedge.net/gef/GEFDocuments/579d99e3-de7c-e811-8124-3863bb2e1360/TE/TerminalEvaluationTE_4141_2019_TE_UNEP_Tanzania_%20CCA_AF_FSP_SPCC_Adaptation%20Tanzania%20%282%20reports%29.pdf,gef:file+id
gef_4164_Terminal_Evaluation.pdf,gef,Grid-Connected Rooftop Photovoltaic Systems,2017,4164,,https://publicpartnershipdata.azureedge.net/gef/PMISGEFDocuments/MandE/TE/FY2016/UNDP/G004164/4164%20Evaluation.pdf,gef:file+id
gef_4336_Terminal_Evaluation.pdf,gef,Lighting One Million Lives in Liberia,2017,4336,,https://publicpartnershipdata.azureedge.net/gef/GEFDocuments/572c95e9-de7c-e811-8124-3863bb2e1360/TE/TerminalEvaluationTE_4336%20TE.pdf,gef:file+id
gef_4368_Terminal_Evaluation.docx,gef,Promoting Value Chain Approach to Adaptation in Agriculture,2017,4368,,https://publicpartnershipdata.azureedge.net/gef/GEFDocuments/712c95e9-de7c-e811-8124-3863bb2e1360/TE/TerminalEvaluationTE_4368_TE.docx,gef:file+id
gef_4453_Mid-Term_Review.pdf,gef,Adaptation of Small-scale Agriculture (LASAP),2020,4453,,https://publicpartnershipdata.azureedge.net/gef/GEFDocuments/a82894ef-de7c-e811-8124-3863bb2e1360/MTR/MidtermReviewMTR_GEF4453-2020-MTR-IFAD-LesothoCCFSP.pdf,gef:file+id
gef_4570_Terminal_Evaluation.docx,gef,Adapting Agriculture Production in Togo (ADAPT),2015,4570,,https://publicpartnershipdata.azureedge.net/gef/GEFDocuments/6a238af5-de7c-e811-8124-3863bb2e1360/TE/TerminalEvaluationTE_4570%20-%20TER%20English%20Summary.docx,gef:file+id
gef_4645_Mid-Term_Review.pdf,gef,Hwange-Sanyati Biological Corridor (HSBC) Project,2019,4645,,https://publicpartnershipdata.azureedge.net/gef/GEFDocuments/ab238af5-de7c-e811-8124-3863bb2e1360/MTR/_ISR-MTR-4645-P124625.pdf,gef:file+id
gef_4785_Terminal_Evaluation.pdf,gef,Promoting Integrated Biomass and Small Hydro Solutions for Productive Uses in Cameroon,2023,4785,,https://publicpartnershipdata.azureedge.net/gef/GEFDocuments/259e7d01-df7c-e811-8124-3863bb2e1360/TE/TerminalEvaluationTE_01FinalTEReportGEFID%204785UNIDOID120335Cameroon.pdf,gef:file+id
gef_4800_Terminal_Evaluation.pdf,gef,Sustainable Forest Management under the Authority of Cameroonian Councils,2022,4800,,https://publicpartnershipdata.azureedge.net/gef/GEFDocuments/349e7d01-df7c-e811-8124-3863bb2e1360/TE/TerminalEvaluationTE_GEFID4800TERFAOCameroon.pdf,gef:file+id
gef_4908_Terminal_Evaluation.pdf,gef,GGW: Agriculture Production Support Project (with Sustainable Land and Water Management),2017,4908,,https://publicpartnershipdata.azureedge.net/gef/GEFDocuments/c36edc07-df7c-e811-8124-3863bb2e1360/TE/_4908%20TE.pdf,gef:file+id
gef_4923_Mid-Term_Review.pdf,gef,Promotion of Mini and Micro-hydro Power Plants in Congo DR,2021,4923,,https://publicpartnershipdata.azureedge.net/gef/GEFDocuments/d26edc07-df7c-e811-8124-3863bb2e1360/MTR/MidtermReviewMTR_MTR%20GEF%204690%20-%20Rapport%20dExamen%20v4%20finale%20en.pdf,gef:file+id
gef_4952_Terminal_Evaluation.pdf,gef,Landscape Approach to Forest Restoration and Conservation (LAFREC),2022,4952,,https://publicpartnershipdata.azureedge.net/gef/GEFDocuments/f06edc07-df7c-e811-8124-3863bb2e1360/TE/TerminalEvaluationTE_4952-P131464-2022-TE-WB-Rwanda.pdf,gef:file+id
gef_4960_Terminal_Evaluation.doc,gef,"Scaling up Adaptation in Zimbabwe, with a Focus on Rural Livelihoods, by Strengthening Integrated Planning Systems",2019,4960,,https://publicpartnershipdata.azureedge.net/gef/GEFDocuments/f86edc07-df7c-e811-8124-3863bb2e1360/TE/TerminalEvaluationTE_UPDATED-FINAL-SCCA%20TE-Report-April%202019-SUBMIT.doc,gef:file+id
gef_4971_Terminal_Evaluation.docx,gef,Adapting Natural Resource Dependent Livelihoods to Climate induced Risks in Selected Landscaqpes in Burkina Faso: the Boucle du Mouhoun Forest Corridor and the Mare d'Oursi Wetlands Basin,2021,4971,,https://publicpartnershipdata.azureedge.net/gef/GEFDocuments/036fdc07-df7c-e811-8124-3863bb2e1360/TE/TerminalEvaluationTE_Evaluation%20finale-EBA-FEM%20-FINAL-English.docx,gef:file+id
gef_4993_Terminal_Evaluation.pdf,gef,Strengthening Climate Information and Early Warning Systems in Africa to Support Climate Resilient Development and Adaptation to Climate Change,2018,4993,,https://publicpartnershipdata.azureedge.net/gef/GEFDocuments/196fdc07-df7c-e811-8124-3863bb2e1360/TE/TerminalEvaluationTE_4993%20TE.pdf,gef:file+id
gef_5083_Terminal_Evaluation.pdf,gef,"Capacity, Policy and Financial Incentives for PFM in Kirisia Forest and integrated Rangelands Management",2023,5083,,https://publicpartnershipdata.azureedge.net/gef/GEFDocuments/03e1db0d-df7c-e811-8124-3863bb2e1360/TE/TerminalEvaluationTE_GEF5083TERFAOKenya.pdf,gef:file+id
gef_5124_Terminal_Evaluation.pdf,gef,Strengthening Capacity for Climate Change Adaptation through Support to Integrated Watershed Management Programme in Lesotho,2020,5124,,https://publicpartnershipdata.azureedge.net/gef/GEFDocuments/24efd613-df7c-e811-8124-3863bb2e1360/TE/TerminalEvaluationTE_GEFID5124AnnexTERFAOLesotho.pdf,gef:file+id
gef_5154_Terminal_Evaluation.pdf,gef,Sustainable Conversion of Waste to Clean Energy for Greenhouse Gas (GHG) Emissions Reduction,2023,5154,,https://publicpartnershipdata.azureedge.net/gef/GEFDocuments/42efd613-df7c-e811-8124-3863bb2e1360/TE/TerminalEvaluationTE_TE120568WasteToEnergy-2022%201.pdf,gef:file+id
gef_5187_Terminal_Evaluation.pdf,gef,GGW: Community based Rural Development Project 3rd Phase with Sustainable Land and Forestry Management,2019,5187,,https://publicpartnershipdata.azureedge.net/gef/GEFDocuments/62efd613-df7c-e811-8124-3863bb2e1360/TE/TerminalEvaluationTE_5187-P130568-P129688-2019-ICR-WB-Burkina-Faso.pdf,gef:file+id
gef_5190_Mid-Term_Review.docx,gef,Improving Climate Resilience of Water Sector Investments with Appropriate Climate Adaptive Activities for Pastoral and Forestry Resources in Southern Mauritania,2021,5190,,https://publicpartnershipdata.azureedge.net/gef/GEFDocuments/65efd613-df7c-e811-8124-3863bb2e1360/MTR/MidtermReviewMTR_RMPREVUWIRapportfinal.docx,gef:file+id
gef_5204_Terminal_Evaluation.pdf,gef,Building Resilience to Climate Change in the Water and Sanitation Sector,2020,5204,,https://publicpartnershipdata.azureedge.net/gef/GEFDocuments/73efd613-df7c-e811-8124-3863bb2e1360/TE/TerminalEvaluationTE_PCR%20-Additional%20funds%20to%20WSSP.pdf,gef:file+id
gef_5209_Terminal_Evaluation.docx,gef,Building Resilience to Climate Change in the Water and Sanitation Sector,2022,5209,,https://publicpartnershipdata.azureedge.net/gef/GEFDocuments/78efd613-df7c-e811-8124-3863bb2e1360/TE/TerminalEvaluationTE_Sierra%20LeoneGEF%20Terminal%20Evaluation%20Report.docx,gef:file+id
gef_5220_Evaluation.pdf,gef,PSG: Sustainable Land Management Project 2,2019,5220,,https://publicpartnershipdata.azureedge.net/gef/GEFDocuments/83efd613-df7c-e811-8124-3863bb2e1360/Roadmap/TerminalEvaluationTE_5220-P133410-P133133-2019-ICR-WB-Ethiopia.pdf,gef:file+id
gef_5225_Project_Implementation_Report.pdf,gef,Mozambique Conservation Areas for Biodiversity and Development Project,2018,5225,,https://publicpartnershipdata.azureedge.net/gef/GEFDocuments/3f89cf19-df7c-e811-8124-3863bb2e1360/PIR/_ISR-5225-P132597-Parent%20ISR.pdf,gef:file+id
gef_5232_Terminal_Evaluation.docx,gef,Flood Control and Climate Resilience of Agriculture Infrastructures in Oueme Valley,2024,5232,,https://publicpartnershipdata.azureedge.net/gef/GEFDocuments/4689cf19-df7c-e811-8124-3863bb2e1360/TE/TerminalEvaluationTE_PCRP-BJ-AA0-005FR.docx,gef:file+id
gef_5233_Terminal_Evaluation.pdf,gef,Enabling Climate Resilience in the Agriculture Sector in the Southwest Region of Madagascar,2023,5233,,https://publicpartnershipdata.azureedge.net/gef/GEFDocuments/4789cf19-df7c-e811-8124-3863bb2e1360/TE/TerminalEvaluationTE_MADAGASCAR%20-%20RAP%20-%20Projet%20de%20rehabilitation%20des%20infrastructures%20agricoles%20dans%20la%20region%20sud-ouest%20PRIASO.pdf,gef:file+id
gef_5252_Terminal_Evaluation.pdf,gef,GGW: Third Phase of the Community Action Program,2021,5252,,https://publicpartnershipdata.azureedge.net/gef/GEFDocuments/4c89cf19-df7c-e811-8124-3863bb2e1360/TE/TerminalEvaluationTE_5252-P143079-P132306-WB-TE-Niger.pdf,gef:file+id
gef_5270_Project_Implementation_Report.pdf,gef,GGW Natural Resources Management in a Changing Climate in Mali,2019,5270,,https://publicpartnershipdata.azureedge.net/gef/GEFDocuments/5489cf19-df7c-e811-8124-3863bb2e1360/PIR/ProjectImplementationReportPIR_5270-P129516-P145799-2019-PIR-WB-Mali.pdf,gef:file+id
gef_5286_Terminal_Evaluation.pdf,gef,Sustainable Energy for All: Promoting Small Scale Hydropower in Bioko and Other Clean Energy Solutions for Remote Islands,2022,5286,,https://publicpartnershipdata.azureedge.net/gef/GEFProjectVersions/6489cf19-df7c-e811-8124-3863bb2e1360_TE.pdf,gef:file+id
gef_5328_Terminal_Evaluation.pdf,gef,Building Climate Change Resilience in the Fisheries Sector in Malawi,2023,5328,,https://publicpartnershipdata.azureedge.net/gef/GEFDocuments/8e89cf19-df7c-e811-8124-3863bb2e1360/TE/TerminalEvaluationTE_GEFID5328TERFAOMalawi.pdf,gef:file+id
gef_5331_Terminal_Evaluation.pdf,gef,Promoting Investments in Small to Medium Scale Renewable Energy Technologies in the Electricity Sector,2020,5331,,https://publicpartnershipdata.azureedge.net/gef/GEFDocuments/9189cf19-df7c-e811-8124-3863bb2e1360/TE/TerminalEvaluationTE_GFGBS-130012RETE-2019.pdf,gef:file+id
gef_5382_Terminal_Evaluation.pdf,gef,Ecosystem-Based Adaptation Targeting Vulnerable Communities of the Upper Guinea Region,2021,5382,,https://publicpartnershipdata.azureedge.net/gef/GEFProjectVersions/aa5dd11f-df7c-e811-8124-3863bb2e1360_TE.pdf,gef:file+id
gef_5394_Terminal_Evaluation.pdf,gef,Climate Resilient Livestock Management Project,2022,5394,,https://publicpartnershipdata.azureedge.net/gef/GEFDocuments/b65dd11f-df7c-e811-8124-3863bb2e1360/TE/TerminalEvaluationTE_Zambia%20GEF%20CRLMP%20Self%20Evaluation%20Report%2020221.pdf,gef:file+id
gef_5433_Terminal_Evaluation.pdf,gef,Strengthening Capacities of Agricultural Producers to Cope with Climate Change for Increased Food Security through the Farmers Field School Approach,2022,5433,,https://publicpartnershipdata.azureedge.net/gef/GEFDocuments/dd5dd11f-df7c-e811-8124-3863bb2e1360/TE/TerminalEvaluationTE_GEFID5433TERFAOMozambique.pdf,gef:file+id
gef_5445_Terminal_Evaluation.pdf,gef,Preparation of  Ghana's Initial Biennial Update Report to UNFCCC,2015,5445,,https://publicpartnershipdata.azureedge.net/gef/GEFDocuments/e95dd11f-df7c-e811-8124-3863bb2e1360/TE/TerminalEvaluationTE_5445Ghana%20BUR1%20OCR.pdf,gef:file+id
gef_5451_Terminal_Evaluation.pdf,gef,Strengthening Hydro-Meteorological and Climate Services,2023,5451,,https://publicpartnershipdata.azureedge.net/gef/GEFDocuments/ef5dd11f-df7c-e811-8124-3863bb2e1360/TE/TerminalEvaluationTE_5451-P159217-FY23-WB-ICR-TE-Congo%20DR.pdf,gef:file+id
gef_5495_Terminal_Evaluation.pdf,gef,Increasing the Capacity of Vulnerable Rwandan Communities to Adapt to Adverse Effects of Climate Change: Livelihood Diversification and Investment in Rural Infrastructures,2024,5495,,https://publicpartnershipdata.azureedge.net/gef/GEFProjectVersions/a5a8c925-df7c-e811-8124-3863bb2e1360_TE.pdf,gef:file+id
gef_5503_Terminal_Evaluation.pdf,gef,Mainstreaming Ecosystem-based Approaches to Climate-resilient Rural Livelihoods in Vulnerable Rural Areas through the Farmer Field School Methodology,2022,5503,,https://publicpartnershipdata.azureedge.net/gef/GEFDocuments/ada8c925-df7c-e811-8124-3863bb2e1360/TE/TerminalEvaluationTE_GEFID5503TERFAOSenegalEnglish.pdf,gef:file+id
gef_5515_Terminal_Evaluation.docx,gef,GEF UNIDO Cleatech Programme for SMEs in South Africa,2018,5515,,https://publicpartnershipdata.azureedge.net/gef/GEFDocuments/b9a8c925-df7c-e811-8124-3863bb2e1360/TE/TerminalEvaluationTE_5515%20TE.docx,gef:file+id
gef_5516_Terminal_Evaluation.pdf,gef,Payment for Ecosystem Services to Support Forest Conservation and Sustainable Livelihoods,2022,5516,,https://publicpartnershipdata.azureedge.net/gef/GEFDocuments/baa8c925-df7c-e811-8124-3863bb2e1360/TE/TerminalEvaluationTE_GEF5516TERFAOMozambique.pdf,gef:file+id
gef_5519_Terminal_Evaluation.pdf,gef,Initial National Communication to the UNFCCC,2021,5519,,https://publicpartnershipdata.azureedge.net/gef/GEFDocuments/bda8c925-df7c-e811-8124-3863bb2e1360/TE/TerminalEvaluationTE_5519South%20Sudan%20INC%20OCR.pdf,gef:file+id
gef_5580_Terminal_Evaluation.pdf,gef,Development of an Improved and Innovative Management System for Sustainable Climate-resilient Livelihoods in Mauritania,2019,5580,,https://publicpartnershipdata.azureedge.net/gef/GEFProjectVersions/fba8c925-df7c-e811-8124-3863bb2e1360_TE.pdf,gef:file+id
gef_5609_Terminal_Evaluation.docx,gef,Greening the Productive Sectors in Gambia: Promoting the Use and Integration of Small to Medium Scale Renewable Energy Systems in the Productive Uses,2022,5609,,https://publicpartnershipdata.azureedge.net/gef/GEFDocuments/38b8c62b-df7c-e811-8124-3863bb2e1360/TE/TerminalEvaluationTE_RE%20TE%20Evaluation%20reportClean.docx,gef:file+id
gef_5617_Terminal_Evaluation.pdf,gef,Preparation of  Mauritania's Initial Biennial Update Report to UNFCCC,2020,5617,,https://publicpartnershipdata.azureedge.net/gef/GEFDocuments/40b8c62b-df7c-e811-8124-3863bb2e1360/TE/TerminalEvaluationTE_5617Mauritania%20BUR1%20OCR.pdf,gef:file+id
gef_5618_Terminal_Evaluation.pdf,gef,Preparation of Côte d’Ivoire’s Initial Biennial Update Report to UNFCCC,2018,5618,,https://publicpartnershipdata.azureedge.net/gef/GEFDocuments/41b8c62b-df7c-e811-8124-3863bb2e1360/TE/TerminalEvaluationTE_5618Cote%20DIvoire%20OCR.pdf,gef:file+id
gef_5649_Terminal_Evaluation.pdf,gef,Nationally Appropriate Mitigation Actions for Low Carbon Island Development Strategy for Mauritius,2025,5649,,https://publicpartnershipdata.azureedge.net/gef/GEFProjectVersions/5fb8c62b-df7c-e811-8124-3863bb2e1360_TE.pdf,gef:file+id
gef_5685_Terminal_Evaluation.pdf,gef,Increasing Productivity and Adaptive Capacity in Mountain Areas of Morocco (IPAC-MAM),2022,5685,,https://publicpartnershipdata.azureedge.net/gef/GEFDocuments/84b8c62b-df7c-e811-8124-3863bb2e1360/TE/TerminalEvaluationTE_GEF5685IFADSCCFMoroccoCompletionReport-.pdf,gef:file+id
gef_5695_Mid-Term_Review.pdf,gef,Ecosystem-Based Adaptation for Rural Resilience,2022,5695,,https://publicpartnershipdata.azureedge.net/gef/GEFDocuments/8eb8c62b-df7c-e811-8124-3863bb2e1360/MTR/MidtermReviewMTR_GEF%205695%20Tanzania%20EBARRMTR4%20Feb%2022Final%20report.pdf,gef:file+id
gef_5703_Mid-Term_Review.pdf,gef,Enhancing the Resilience of Communities Living in Climate Change Vulnerable Areas of Sudan Using Ecosystem Based Approaches to Adaptation (EbA),2023,5703,,https://publicpartnershipdata.azureedge.net/gef/GEFDocuments/96b8c62b-df7c-e811-8124-3863bb2e1360/MTR/MidtermReviewMTR_GEF%20CCA%205703%20Sudan%20MTR%202022.pdf,gef:file+id
gef_5704_Terminal_Evaluation.pdf,gef,Promoting Organic Waste-to-Energy and other Low-carbon Technologies in Small and Medium-scale Enterprises (SMMEs): Accelarating Biogas Market Development,2023,5704,,https://publicpartnershipdata.azureedge.net/gef/GEFDocuments/97b8c62b-df7c-e811-8124-3863bb2e1360/TE/TerminalEvaluationTE_Final%20Report%20130310%20TE%20South%20Africa%20WTE.pdf,gef:file+id
gef_5737_Terminal_Evaluation.pdf,gef,Energy Efficient Low-carbon Transport,2021,5737,,https://publicpartnershipdata.azureedge.net/gef/GEFDocuments/3c34c631-df7c-e811-8124-3863bb2e1360/TE/TerminalEvaluationTE_5737EvaluationLCT-SAReportv2.0.pdf,gef:file+id
gef_5745_Terminal_Evaluation.docx,gef,Sustainable Fuelwood Management in Nigeria,2022,5745,,https://publicpartnershipdata.azureedge.net/gef/GEFDocuments/4434c631-df7c-e811-8124-3863bb2e1360/TE/TerminalEvaluationTE_TEReportSFMProjectFinalcleanrev.docx,gef:file+id
gef_5769_Terminal_Evaluation.docx,gef,Promoting Sustainable Mini-grids in Mauritanian Provinces Through Hybrid Technologies,2022,5769,,https://publicpartnershipdata.azureedge.net/gef/GEFDocuments/5c34c631-df7c-e811-8124-3863bb2e1360/TE/TerminalEvaluationTE_FINAL%20EVALUATION%20REPORT%20MINIGRIDStranslatedfinalclean2022-08-18.docx,gef:file+id
gef_5802_Project_Implementation_Report.pdf,gef,Promoting SLM Practices to Restore and Enhance Carbon Stocks through Adoption of Green Rural Habitat Initiatives,2025,5802,,https://publicpartnershipdata.azureedge.net/gef/GEFDocuments/7e34c631-df7c-e811-8124-3863bb2e1360/PIR/ProjectImplementationReportPIR_5802-PIR-UNEP-2025-Senegal%20SLM.pdf,gef:file+id
gef_5807_Terminal_Evaluation.pdf,gef,Preparation of  Benin's First Biennial Update Report (BUR1) to UNFCCC,2019,5807,,https://publicpartnershipdata.azureedge.net/gef/GEFDocuments/8234c631-df7c-e811-8124-3863bb2e1360/TE/TerminalEvaluationTE_5807Benin%20BUR1%20OCR.pdf,gef:file+id
gef_5855_Terminal_Evaluation.docx,gef,Flood Hazard and Climate Risk Management to Secure Lives and Assets in Mali,2022,5855,,https://publicpartnershipdata.azureedge.net/gef/GEFDocuments/b5f1f539-df7c-e811-8124-3863bb2e1360/TE/TerminalEvaluationTE_PIMS%205236FinalReportEvaluation2PGRCIuk%201.docx,gef:file+id
gef_5902_Terminal_Evaluation.pdf,gef,Adapting to Climate Change Induced Coastal Risks Management in Sierra Leone,2024,5902,,https://publicpartnershipdata.azureedge.net/gef/GEFProjectVersions/e3f1f539-df7c-e811-8124-3863bb2e1360_TE.pdf,gef:file+id
gef_6912_Terminal_Evaluation.pdf,gef,Strengthening Comoros Resilience Against Climate Change and Variability Related Disaster,2023,6912,,https://publicpartnershipdata.azureedge.net/gef/GEFProjectVersions/e395fc3f-df7c-e811-8124-3863bb2e1360_TE.pdf,gef:file+id
gef_6968_Terminal_Evaluation.pdf,gef,Chad National Adaptation Plan,2020,6968,,https://publicpartnershipdata.azureedge.net/gef/GEFProjectVersions/1a96fc3f-df7c-e811-8124-3863bb2e1360_TE.pdf,gef:file+id
gef_6983_Project_Implementation_Report.pdf,gef,Mozambique: Building Resilience in the Coastal Zone through Ecosystem Based Approaches to Adaptation (EbA).,2025,6983,,https://publicpartnershipdata.azureedge.net/gef/GEFProjectVersions/2b96fc3f-df7c-e811-8124-3863bb2e1360_5th%20PIR.pdf,gef:file+id
gef_6991_Mid-Term_Review.docx,gef,Senegal National Adaptation Plan,2021,6991,,https://publicpartnershipdata.azureedge.net/gef/GEFDocuments/3396fc3f-df7c-e811-8124-3863bb2e1360/MTR/MidtermReviewMTR_REVUE%20MI%20PARCOURS%20PNA%20SENEGAL-%20FINALE%20anglais.docx,gef:file+id
gef_8010_Mid-Term_Review.pdf,gef,Natural Landscapes Rehabilitation and Climate Change Adaptation in the Region of Mumirwa in Bujumbura and Mayor of Bujumbura through a Farmer Field School Approach,2022,8010,,https://publicpartnershipdata.azureedge.net/gef/GEFDocuments/4796fc3f-df7c-e811-8124-3863bb2e1360/MTR/MidtermReviewMTR_GEFID8010MTR%20Executive%20SummaryFAOBurundiEnglish.pdf,gef:file+id
gef_8020_Mid-Term_Review.pdf,gef,Planning and Financing Adaptation in Niger,2025,8020,,https://publicpartnershipdata.azureedge.net/gef/GEFDocuments/5196fc3f-df7c-e811-8124-3863bb2e1360/MTR/MidtermReviewMTR_Final%20%20MTR%20Report%20PIMS%205336%20%20June%202025signed.pdf,gef:file+id
gef_8028_Terminal_Evaluation.pdf,gef,Support for Integrated Water Resources Management to Ensure Water Access and Disaster Reduction for Somalia’s Pastoralists,2024,8028,,https://publicpartnershipdata.azureedge.net/gef/GEFProjectVersions/bde2fa45-df7c-e811-8124-3863bb2e1360_TE.pdf,gef:file+id
gef_9110_Terminal_Evaluation.pdf,gef,Preparation of Gabon's Initial Biennial Update Report to the UNFCCC,2022,9110,,https://publicpartnershipdata.azureedge.net/gef/GEFDocuments/10e3fa45-df7c-e811-8124-3863bb2e1360/TE/TerminalEvaluationTE_9110Gabon%20BUR1%20OCR.pdf,gef:file+id
gef_9123_Terminal_Evaluation.docx,gef,Cities-IAP: Sustainable Cities Initiative,2021,9123,,https://publicpartnershipdata.azureedge.net/gef/GEFDocuments/1de3fa45-df7c-e811-8124-3863bb2e1360/TE/TerminalEvaluationTE_9123-P158415-2021-CI-TE-WB-Senegal.docx,gef:file+id
gef_9132_Terminal_Evaluation.pdf,gef,Food-IAP: Reversing Land Degradation Trends and Increasing Food Security in Degraded Ecosystems of Semi-arid Areas of Central Tanzania,2024,9132,,https://publicpartnershipdata.azureedge.net/gef/GEFProjectVersions/26e3fa45-df7c-e811-8124-3863bb2e1360_TE.pdf,gef:file+id
gef_9134_Terminal_Evaluation.docx,gef,Food-IAP: Agricultural Value Chains Resilience Support Project (PARFA),2017,9134,,https://publicpartnershipdata.azureedge.net/gef/GEFDocuments/28e3fa45-df7c-e811-8124-3863bb2e1360/TE/TerminalEvaluationTE_TER-PAFA-FEMFINAL0506%20-%20English.docx,gef:file+id
gef_9136_Terminal_Evaluation.pdf,gef,Niger: Food-IAP: Family Farming Development Programme (ProDAF),2023,9136,,https://publicpartnershipdata.azureedge.net/gef/GEFDocuments/2ae3fa45-df7c-e811-8124-3863bb2e1360/TE/TerminalEvaluationTE_TER%20ProDAF%20FEM2023%20en.pdf,gef:file+id
gef_9137_Mid-Term_Review.docx,gef,Food-IAP: Fostering Sustainability and Resilience for Food Security in Karamoja Sub Region,2023,9137,,https://publicpartnershipdata.azureedge.net/gef/GEFDocuments/2be3fa45-df7c-e811-8124-3863bb2e1360/MTR/MidtermReviewMTR_PIMS%205577%20Final%20MTR%20Report%20SURE-FS%20Project%2011.2.2021%20-%20Clean%20and%20signed%20Copy%20no%20photos.docx,gef:file+id
gef_9139_Terminal_Evaluation.docx,gef,Food-IAP: Establishment of the Upper Tana Nairobi Water Fund (UTNWF),2022,9139,,https://publicpartnershipdata.azureedge.net/gef/GEFDocuments/2de3fa45-df7c-e811-8124-3863bb2e1360/TE/TerminalEvaluationTE_Final%20TER%20UTNWF.docx,gef:file+id
gef_9145_Mid-Term_Review.pdf,gef,Cities-IAP: Building a Resilient and Resource-efficient Johannesburg: Increased Access to Urban Services and Improved Quality of Life,2023,9145,,https://publicpartnershipdata.azureedge.net/gef/GEFDocuments/86b7f34b-df7c-e811-8124-3863bb2e1360/MTR/MidtermReviewMTR_20230815-DBSA-JHB-MTE-Final%20Report.pdf,gef:file+id
gef_9171_Terminal_Evaluation.pdf,gef,Enabling Preparation of Ghana's Fourth National Communication (NC4) and Second Biennial Update Report (BUR2) to UNFCCC,2020,9171,,https://publicpartnershipdata.azureedge.net/gef/GEFDocuments/a0b7f34b-df7c-e811-8124-3863bb2e1360/TE/TerminalEvaluationTE_9171Ghana%20NC4BUR2%20OCR.pdf,gef:file+id
gef_9178_Mid-Term_Review.pdf,gef,Food-IAP: Support for Sustainable Food Production and Enhancement of Food Security and Climate Resilience in  Burundi's Highlands,2021,9178,,https://publicpartnershipdata.azureedge.net/gef/GEFDocuments/a7b7f34b-df7c-e811-8124-3863bb2e1360/MTR/MidtermReviewMTR_GEFID9178MTR%20Executive%20SummaryFAOBurundiEnglish.pdf,gef:file+id
gef_9213_Terminal_Evaluation.pdf,gef,Zambia Integrated Forest Land Project (ZIFLP),2024,9213,,https://publicpartnershipdata.azureedge.net/gef/GEFDocuments/cab7f34b-df7c-e811-8124-3863bb2e1360/TE/TerminalEvaluationTE_9213-P157521-P161490-2024-TE-ICR-WB-Zambia.pdf,gef:file+id
gef_9225_Terminal_Evaluation.pdf,gef,Towards Sustainable Energy for All in Mozambique: Promoting Market-Based Dissemination of Integrated Renewable Energy Systems for Productive Activities in Rural Areas,2024,9225,,https://publicpartnershipdata.azureedge.net/gef/GEFDocuments/d6b7f34b-df7c-e811-8124-3863bb2e1360/TE/TerminalEvaluationTE_Final%20Report%20150263%20TE%20MOZ%20TSE4ALL.pdf,gef:file+id
gef_9291_Mid-Term_Review.pdf,gef,Promotion of Small Hydropower-based Mini-Grids for A Better Access to Modern Energy Services in Central African Republic,2020,9291,,https://publicpartnershipdata.azureedge.net/gef/GEFDocuments/9d29f351-df7c-e811-8124-3863bb2e1360/MTR/MidtermReviewMTR_RCAPCHMTRRapport%20Final%2017052021%20FR%201%20en.pdf,gef:file+id
gef_9294_Terminal_Evaluation.pdf,gef,Integrated ecosystem management project for the sustainable human development in Mauritania,2019,9294,,https://publicpartnershipdata.azureedge.net/gef/GEFDocuments/a029f351-df7c-e811-8124-3863bb2e1360/TE/TerminalEvaluationTE_GEFID9294CITERFAOMauritania.pdf,gef:file+id
gef_9326_Terminal_Evaluation.docx,gef,RLACC - Rural Livelihoods' Adaptation to Climate Change in the Horn of Africa (PROGRAM),2024,9326,,https://publicpartnershipdata.azureedge.net/gef/GEFDocuments/c029f351-df7c-e811-8124-3863bb2e1360/TE/TerminalEvaluationTE_RLACC-K%20PCR%20-CT%20Reviewed%20and%20Revised-CLEAN-15.07.2024.docx,gef:file+id
gef_9327_Terminal_Evaluation.pdf,gef,Enabling preparation of  Mauritania's Fourth National Communication (NC4) to the UNFCCC,2020,9327,,https://publicpartnershipdata.azureedge.net/gef/GEFDocuments/c129f351-df7c-e811-8124-3863bb2e1360/TE/TerminalEvaluationTE_9327Mauritania%20NC4%20OCR.pdf,gef:file+id
gef_9330_Terminal_Evaluation.pdf,gef,Sustainable Agriculture Landscape Project,2024,9330,,https://publicpartnershipdata.azureedge.net/gef/GEFDocuments/c429f351-df7c-e811-8124-3863bb2e1360/TE/TerminalEvaluationTE_9330-P157909-P154698-2024-ICR-TE-WB-Madagascar.pdf,gef:file+id
gef_9340_Terminal_Evaluation.pdf,gef,"Food-IAP: Sustainable Land and Water Management Project, Second Additional Financing",2021,9340,,https://publicpartnershipdata.azureedge.net/gef/GEFDocuments/ce29f351-df7c-e811-8124-3863bb2e1360/TE/TerminalEvaluationTE_9340-3369-5221-9340-P098538-P132100-P157595-2021-ICR-WB-Ghana.pdf,gef:file+id
gef_9364_Mid-Term_Review.xlsx,gef,São Tomé and Príncipe Additional Financing - West Africa Coastal Area Resilience Investment Project,2022,9364,,https://publicpartnershipdata.azureedge.net/gef/GEFDocuments/e629f351-df7c-e811-8124-3863bb2e1360/MTR/MidtermReviewMTR_9364-P168908-2022-LDCF%20IND-MTR-WB-Regional.xlsx,gef:file+id
gef_9383_Terminal_Evaluation.pdf,gef,Sustainable Forest Management and Conservation Project in Central and South Benin,2024,9383,,https://publicpartnershipdata.azureedge.net/gef/GEFProjectVersions/cbd6ed57-df7c-e811-8124-3863bb2e1360_TE.pdf,gef:file+id
gef_9417_Mid-Term_Review.pdf,gef,"Restoring Ecological Corridors in the Mayo-Kebbi Quest, Chad, to Support Multiple Land and Forests Benefits - RECONNECT",2022,9417,,https://publicpartnershipdata.azureedge.net/gef/GEFDocuments/edd6ed57-df7c-e811-8124-3863bb2e1360/MTR/MidtermReviewMTR_GEF%20ID%209417%20RECONNECT%20ChadMTR2022.pdf,gef:file+id
gef_9423_Mid-Term_Review.pdf,gef,Egyptian Programme for Promoting Industrial Motor Efficiency,2021,9423,,https://publicpartnershipdata.azureedge.net/gef/GEFProjectVersions/f3d6ed57-df7c-e811-8124-3863bb2e1360_MTR.pdf,gef:file+id
gef_9488_Project_Implementation_Report.pdf,gef,Rural Livelihoods' Adaptation to Climate Change in the Horn of Africa - Phase II (RLACC II),2025,9488,,https://publicpartnershipdata.azureedge.net/gef/GEFProjectVersions/34d7ed57-df7c-e811-8124-3863bb2e1360_5th%20PIR.pdf,gef:file+id
gef_9498_Mid-Term_Review.pdf,gef,Leapfrogging Tunisia’s Lighting Market to High Efficiency Technologies,2025,9498,,https://publicpartnershipdata.azureedge.net/gef/GEFDocuments/fcdce65d-df7c-e811-8124-3863bb2e1360/MTR/MidtermReviewMTR_94982025MTRUNEPGEFFSPTunisia.pdf,gef:file+id
gef_9515_Terminal_Evaluation.pdf,gef,"The Restoration Initiative, DRC child project: Improved Management and Restoration of Agro-sylvo-pastoral Resources in the Pilot Province of South-Kivu",2019,9515,,https://publicpartnershipdata.azureedge.net/gef/GEFDocuments/0ddde65d-df7c-e811-8124-3863bb2e1360/TE/TrackingTool_GEFID9515Core%20IndicatorFAODRC.pdf,gef:file+id
gef_9517_Mid-Term_Review.pdf,gef,Landscape Restoration for Ecosystem Functionality and Climate Change Mitigation in the Republic of Sao Tome e Principe,2022,9517,,https://publicpartnershipdata.azureedge.net/gef/GEFDocuments/0fdde65d-df7c-e811-8124-3863bb2e1360/MTR/MidtermReviewMTR_GEFID9517MTRFAOSao%20Tome%20and%20Principe.pdf,gef:file+id
gef_9519_Project_Implementation_Report.pdf,gef,"Supporting Landscapes Restoration and Sustainable Use of Local Plant Species and Tree Products (Bambusa ssp, Irvingia spp, etc) for Biodiversity Conservation, Sustainable
Livelihoods and Emissions Reduction in Cameroon",2024,9519,,https://publicpartnershipdata.azureedge.net/gef/GEFProjectVersions/11dde65d-df7c-e811-8124-3863bb2e1360_6th%20PIR.pdf,gef:file+id
gef_9524_Mid-Term_Review.pdf,gef,Supporting the implementation of integrated ecosystem management approach for landscape restoration and biodiversity conservation in Tanzania,2024,9524,,https://publicpartnershipdata.azureedge.net/gef/GEFProjectVersions/16dde65d-df7c-e811-8124-3863bb2e1360_MTR.pdf,gef:file+id
gef_9526_Mid-Term_Review.pdf,gef,"Enhancing Integrated Natural Resource Management to Arrest and Reverse Current Trends in Biodiversity Loss and Land Degradation for Increased Ecosystem Services in the Tana Delta, Kenya",2023,9526,,https://publicpartnershipdata.azureedge.net/gef/GEFProjectVersions/18dde65d-df7c-e811-8124-3863bb2e1360_MTR.pdf,gef:file+id
gef_9537_Terminal_Evaluation.docx,gef,"Revitalising Oasis Agro-ecosystems through a Sustainable, Integrated and Landscape Approach in the Draâ-Tafilalet Region (OASIL)",2022,9537,,https://publicpartnershipdata.azureedge.net/gef/GEFDocuments/23dde65d-df7c-e811-8124-3863bb2e1360/TE/TerminalEvaluationTE_GEFID9537Core%20IndicatorsTERFAOMorocco.docx,gef:file+id
gef_9556_Mid-Term_Review.pdf,gef,Restoration of Arid and Semi-arid lands (ASAL) of Kenya through Bio-enterprise Development and other Incentives under The Restoration Initiative,2022,9556,,https://publicpartnershipdata.azureedge.net/gef/GEFDocuments/36dde65d-df7c-e811-8124-3863bb2e1360/MTR/MidtermReviewMTR_GEFID9556MTRFAOKenya.PDF,gef:file+id
gef_9660_Terminal_Evaluation.pdf,gef,Strengthening Biodiversity and Ecosystems Management and Climate-Smart Landscapes in the Mid to Lower Zambezi Region of Zimbabwe,2025,9660,,https://publicpartnershipdata.azureedge.net/gef/GEFProjectVersions/95b2de63-df7c-e811-8124-3863bb2e1360_TE.pdf,gef:file+id
gef_9673_Terminal_Evaluation.pdf,gef,Capacity Building Programme to Implement South Africa's Climate National System,2025,9673,,https://publicpartnershipdata.azureedge.net/gef/GEFDocuments/a2b2de63-df7c-e811-8124-3863bb2e1360/TE/TerminalEvaluationTE_96732025TEUNEP-GEFMSPAfricaCBIT%20South%20Africa.pdf,gef:file+id
gef_9674_Terminal_Evaluation.pdf,gef,"Strengthening National Capacity in Kenya to Meet the Transparency Requirements of the Paris Agreement and 
Sharing Best Practices in the East Africa Region",2020,9674,,https://publicpartnershipdata.azureedge.net/gef/GEFDocuments/a3b2de63-df7c-e811-8124-3863bb2e1360/TE/TerminalEvaluationTE_20200714_CBIT%20Kenya_Terminal%20Evaluation%20Final%20Report.pdf,gef:file+id
gef_9714_Mid-Term_Review.pdf,gef,Improving Nigeria's Industrial Energy Performance and Resource Efficient Cleaner Production through Programmatic Approaches and the Promotion of Innovation in Clean Technology Solutions,2020,9714,,https://publicpartnershipdata.azureedge.net/gef/GEFProjectVersions/d79f696a-df7c-e811-8124-3863bb2e1360_MTR.pdf,gef:file+id
gef_9760_Terminal_Evaluation.pdf,gef,Improved Forested Landscape Management Project (GEF Additional Financing),2024,9760,,https://publicpartnershipdata.azureedge.net/gef/GEFDocuments/05a0696a-df7c-e811-8124-3863bb2e1360/TE/TerminalEvaluationTE_9760-P160182-P128887-FY24-ICR-TE-WB-DRC.pdf,gef:file+id
gef_9820_Terminal_Evaluation.pdf,gef,Strengthening Ghana’s National Capacity for Transparency and Ambitious Climate Reporting,2023,9820,,https://publicpartnershipdata.azureedge.net/gef/GEFDocuments/0da26170-df7c-e811-8124-3863bb2e1360/TE/TerminalEvaluationTE_98202023ValTRunepgefmspCBIT%20Ghana.pdf,gef:file+id
gef_9842_Terminal_Evaluation.pdf,gef,Shire Valley Transformation Program - I,2025,9842,,https://publicpartnershipdata.azureedge.net/gef/GEFDocuments/23a26170-df7c-e811-8124-3863bb2e1360/TE/TerminalEvaluationTE_9842-P158805-P163582-FY25-ICR-TE-WB-Malawi.pdf,gef:file+id
gef_9897_Project_Implementation_Report.pdf,gef,Strategic Program to Promote Renewable Energy and Energy Efficiency Investments in the Electricity Sector of Sao Tome and Principe,2025,9897,,https://publicpartnershipdata.azureedge.net/gef/GEFProjectVersions/5aa26170-df7c-e811-8124-3863bb2e1360_6th%20PIR.pdf,gef:file+id
gef_9923_Terminal_Evaluation.pdf,gef,Building and Strengthening Liberia’s National Capacity to Implement the Transparency Elements of the Paris Climate Agreement,2022,9923,,https://publicpartnershipdata.azureedge.net/gef/GEFDocuments/74a26170-df7c-e811-8124-3863bb2e1360/TE/TerminalEvaluationTE_CBIT%20Liberia%20TE%20Final%20Report20220530.pdf,gef:file+id
gef_9928_Terminal_Evaluation.docx,gef,Sustainable Management of Kharga Oasis Agro-Ecosystems in the Egyptian Western Desert,2023,9928,,https://publicpartnershipdata.azureedge.net/gef/GEFDocuments/79a26170-df7c-e811-8124-3863bb2e1360/TE/TerminalEvaluationTE_GEFID9928Core%20IndicatorsTERFAOEgypt.docx,gef:file+id
gef_9948_Terminal_Evaluation.docx,gef,Building and Strengthening Madagascar’s National Capacity to Implement the Transparency Elements of the Paris Agreement,2021,9948,,https://publicpartnershipdata.azureedge.net/gef/GEFDocuments/04ed5976-df7c-e811-8124-3863bb2e1360/TE/TerminalEvaluationTE_20241122CBIT%20Madagascar%20TE%20cover%20sheet.docx,gef:file+id
gef_9997_Terminal_Evaluation.pdf,gef,Strengthening the Capacity of Institutions in Rwanda to Implement the Transparency Requirements of the Paris Agreement,2025,9997,,https://publicpartnershipdata.azureedge.net/gef/GEFDocuments/35ed5976-df7c-e811-8124-3863bb2e1360/TE/TerminalEvaluationTE_20250722CBIT%20RwandaGEF%20ID%209997TE%20Report.pdf,gef:file+id
gcf_FP023_Evaluation_report.pdf,gcf,Climate Resilient Agriculture in three of the Vulnerable Extreme northern crop growing regions (CRAVE) — Climate Resilient Agriculture in three of the Vulnerable Extreme northern crop-growing regions (CRAVE),2016,FP023,,https://climateprojectexplorer.org/document/climate-resilient-agriculture-in-three-of-the-vulnerable-extreme-northern-crop-growing-regions-crave_360c,gcf:fpcode
gcf_FP023_Evaluation_report_1.pdf,gcf,Climate Resilient Agriculture in three of the Vulnerable Extreme northern crop growing regions (CRAVE) — Climate Resilient Agriculture in three of the Vulnerable Extreme northern crop-growing regions (CRAVE),2016,FP023,,https://climateprojectexplorer.org/document/climate-resilient-agriculture-in-three-of-the-vulnerable-extreme-northern-crop-growing-regions-crave_360c,gcf:fpcode
gcf_FP023_Project_completion_summary.pdf,gcf,Climate Resilient Agriculture in three of the Vulnerable Extreme northern crop growing regions (CRAVE) — Climate Resilient Agriculture in three of the Vulnerable Extreme northern crop-growing regions (CRAVE),2016,FP023,,https://climateprojectexplorer.org/document/climate-resilient-agriculture-in-three-of-the-vulnerable-extreme-northern-crop-growing-regions-crave_360c,gcf:fpcode
gcf_FP024_Evaluation_report.pdf,gcf,Enpower to Adapt: Creating Climate-Change Resilient Livelihoods through  Community-Based Natural Resource Management (CBNRM) in Namibia — Empower to Adapt: Creating climate change resilient livelihoods through community-based natural resource management in Namibia,2016,FP024,,https://climateprojectexplorer.org/document/enpower-to-adapt-creating-climate-change-resilient-livelihoods-through-community-based-natural-resource-management-cbnrm-in-namibia_1c98,gcf:fpcode
gcf_FP024_Evaluation_report_1.pdf,gcf,Enpower to Adapt: Creating Climate-Change Resilient Livelihoods through  Community-Based Natural Resource Management (CBNRM) in Namibia — Empower to Adapt: Creating climate change resilient livelihoods through community-based natural resource management in Namibia,2016,FP024,,https://climateprojectexplorer.org/document/enpower-to-adapt-creating-climate-change-resilient-livelihoods-through-community-based-natural-resource-management-cbnrm-in-namibia_1c98,gcf:fpcode
gcf_FP024_Project_completion_report.pdf,gcf,Enpower to Adapt: Creating Climate-Change Resilient Livelihoods through  Community-Based Natural Resource Management (CBNRM) in Namibia — Empower to Adapt: Creating climate change resilient livelihoods through community-based natural resource management in Namibia,2016,FP024,,https://climateprojectexplorer.org/document/enpower-to-adapt-creating-climate-change-resilient-livelihoods-through-community-based-natural-resource-management-cbnrm-in-namibia_1c98,gcf:fpcode
gcf_FP024_Project_completion_summary.pdf,gcf,Enpower to Adapt: Creating Climate-Change Resilient Livelihoods through  Community-Based Natural Resource Management (CBNRM) in Namibia — Empower to Adapt: Creating climate change resilient livelihoods through community-based natural resource management in Namibia,2016,FP024,,https://climateprojectexplorer.org/document/enpower-to-adapt-creating-climate-change-resilient-livelihoods-through-community-based-natural-resource-management-cbnrm-in-namibia_1c98,gcf:fpcode
gcf_FP049_Final_evaluation_2017.pdf,gcf,Building the climate resilience of food insecure smallholder farmers through integrated management of climate risk (R4) — Gender assessment for FP049: Building the climate resilience of food insecure smallholder farmers through integrated management of climate risk (R4),2017,FP049,,https://climateprojectexplorer.org/document/building-the-climate-resilience-of-food-insecure-smallholder-farmers-through-integrated-management-of-climate-risk-r4_f39a,gcf:fpcode
afdb_EVAL_Egypt_-_El_Beheira_Rural_Development_Project_2020.pdf,afdb,Egypt - El Beheira Rural Development Project,2020,,,https://idev.afdb.org/index.php/en/document/egypt-el-beheira-rural-development-project,afdb:titleslug
afdb_EVAL_El_Nino_Infrastructure_Rehabilitation_2020.pdf,afdb,El Nino Infrastructure Rehabilitation,2020,,,https://idev.afdb.org/en/document/el-nino-infrastructure-rehabilitation,afdb:titleslug
afdb_EVAL_Evaluation_of_the_African_Development_Bank_Group_s_strategy_2019.pdf,afdb,Evaluation of the African Development Bank Group’s strategy for addressing fragility and building resilience in Africa (2014–2019),2019,,,https://idev.afdb.org/en/document/evaluation-african-development-bank-groups-strategy-addressing-fragility-and-building,afdb:titleslug
afdb_EVAL_Pilot_Research_development_Support_Project_On_Integrated_Pes_2020.pdf,afdb,Pilot Research/development Support Project On Integrated Pest Management for Subsistence Farming in the Lake Chad Basin,2020,P-Z1-AA0-006,,https://idev.afdb.org/en/document/pilot-researchdevelopment-support-project-integrated-pest-management-subsistence-farming,afdb:titleslug
afdb_EVAL_Project_to_Upgrade_the_Cotonou-Porto_Novo_Road_2020.pdf,afdb,Project to Upgrade the Cotonou-Porto Novo Road,2020,,,https://idev.afdb.org/en/document/project-upgrade-cotonou-porto-novo-road,afdb:titleslug
afdb_EVAL_Strengthening_Agricultural_Value_Chains_to_Feed_Africa_Clus_2020.pdf,afdb,Strengthening Agricultural Value Chains to Feed Africa: Cluster Evaluation Report,2020,,,https://idev.afdb.org/en/document/strengthening-agricultural-value-chains-feed-africa-cluster-evaluation-report,afdb:titleslug
afdb_EVAL_The_African_Development_Bank_s_Support_for_Agricultural_Valu_2020.pdf,afdb,The African Development Bank’s Support for Agricultural Value Chains Development: Lessons for the Feed Africa Strategy,2020,,,https://idev.afdb.org/en/document/african-development-banks-support-agricultural-value-chains-development-lessons-feed,afdb:titleslug
afdb_EVAL_Towards_purposeful_partnerships_in_African_agriculture_2020.pdf,afdb,Towards purposeful partnerships in African agriculture,2020,,,https://idev.afdb.org/en/document/towards-purposeful-partnerships-african-agriculture,afdb:titleslug
afdb_PCR_African_Continent_-_Harmonization_of_African_Standards_for_A_2019.pdf,afdb,African Continent - Harmonization of African Standards for Agriculture and Food Products - PCR,2019,,,https://www.afdb.org/en/documents/african-continent-harmonization-african-standards-agriculture-and-food-products-pcr,afdb:titleslug
afdb_PCR_Angola_-_Bom_Jesus-Calenga_Smallholder_Agricultural_Developm_2020.pdf,afdb,Angola - Bom Jesus-Calenga Smallholder Agricultural Development Project - Project Completion Report,2020,,,https://www.afdb.org/en/documents/angola-bom-jesus-calenga-smallholder-agricultural-development-project-project-completion-report,afdb:titleslug
afdb_PCR_Angola_-_Emergency_Food_and_Nutrition_Security_for_Children_2023.pdf,afdb,Angola - Emergency Food and Nutrition Security for Children in BIE Region - Project Completion Report,2023,P-AO-AA0-010,,https://www.afdb.org/en/documents/angola-emergency-food-and-nutrition-security-children-bie-region-project-completion-report,afdb:titleslug
afdb_PCR_Angola_-_Fisheries_Sector_Support_Project_-_Project_Completi_2024.pdf,afdb,Angola - Fisheries Sector Support Project - Project Completion Report,2024,P-AO-AAF-002,,https://www.afdb.org/en/documents/angola-fisheries-sector-support-project-project-completion-report,afdb:titleslug
afdb_PCR_Benin_-_Project_to_Support_Food_Production_and_Build_Resilie_2023.pdf,afdb,"Benin - Project to Support Food Production and Build Resilience in Alibori, Borgou and Collines Departments (PAPVIRE-A) - Project Completion Report",2023,P-BJ-AA0-007,,https://www.afdb.org/en/documents/benin-project-support-food-production-and-build-resilience-alibori-borgou-and-collines,afdb:titleslug
afdb_PCR_Benin_-_Projet_d_Appui_a_la_Production_Vivriere_et_au_Renfor_2025.pdf,afdb,Benin - Projet d’Appui à la Production Vivrière et au Renforcement Résilience dans les Collines de Alibori et Borgou (PAPVIRE-A) - Rapport d’achèvement de projet,2025,P-BJ-AA0-007,,https://www.afdb.org/en/documents/benin-projet-dappui-la-production-vivriere-et-au-renforcement-resilience-dans-les-collines-de-alibori-et-borgou-papvire-rapport-dachevement-de-projet,afdb:titleslug
afdb_PCR_Burkina_Faso_-_Sub-Project_drainage_of_Ouagadougou_s_outlyin_2022.pdf,afdb,Burkina Faso - Sub-Project drainage of Ouagadougou’s outlying districts (SPAQPO) - Project Completion Report,2022,P-BF-EB0-001,,https://www.afdb.org/en/documents/burkina-faso-sub-project-drainage-ouagadougous-outlying-districts-spaqpo-project-completion-report,afdb:titleslug
afdb_PCR_Burkina_Faso_-_Support_Project_for_Establishing_an_Agribusin_2024.pdf,afdb,Burkina Faso - Support Project for Establishing an Agribusiness Bank (PACBA) – Project Completion Report,2024,P-BF-HAA-001,,https://www.afdb.org/en/documents/burkina-faso-support-project-establishing-agribusiness-bank-pacba-project-completion-report,afdb:titleslug
afdb_PCR_Burundi_-_Rwanda_Nyamitanga-Ruhwa-Ntendezi-Mwityazo_Road_Pro_2019.pdf,afdb,Burundi – Rwanda Nyamitanga-Ruhwa-Ntendezi-Mwityazo Road Project - Project Completion Report,2019,,,https://www.afdb.org/en/documents/burundi-rwanda-nyamitanga-ruhwa-ntendezi-mwityazo-road-project-project-completion-report,afdb:titleslug
afdb_PCR_Burundi_-_Songa_Solar-Hydro_Hybrid_grid_connected_mini-grids_2024.pdf,afdb,Burundi - Songa Solar-Hydro Hybrid grid connected mini-grids - Project Completion Report,2024,,,https://www.afdb.org/en/documents/burundi-songa-solar-hydro-hybrid-grid-connected-mini-grids-project-completion-report,afdb:titleslug
afdb_PCR_Burundi_-_Watershed_management_and_climate_resilience_improv_2019.pdf,afdb,Burundi - Watershed management and climate resilience improvement project (PABVARC) - Project Completion Report,2019,P-BI-C00-001,,https://www.afdb.org/en/documents/burundi-watershed-management-and-climate-resilience-improvement-project-pabvarc-project-completion-report,afdb:titleslug
afdb_PCR_Cabo_Verde_-_Support_for_the_General_Agricultural_Census_GA_2020.pdf,afdb,Cabo Verde – Support for the General Agricultural Census (GAC) - Project Completion Report,2020,P-CV-KF0-005,,https://www.afdb.org/en/documents/cabo-verde-support-general-agricultural-census-gac-project-completion-report,afdb:titleslug
afdb_PCR_Cameroon_-_Grassfield_Participatory_and_Decentralized_Rural_2022.pdf,afdb,Cameroon - Grassfield Participatory and Decentralized Rural Development Project (Phase II) - Project Completion Report,2022,P-CM-AB0-004,,https://www.afdb.org/en/documents/cameroon-grassfield-participatory-and-decentralized-rural-development-project-phase-ii-project-completion-report,afdb:titleslug
afdb_PCR_Cameroon_-_Project_to_Support_the_National_Agricultural_Rese_2019.pdf,afdb,Cameroon - Project to Support the National Agricultural Research and Extension Programme - Project Completion Report,2019,,,https://www.afdb.org/en/documents/document/cameroon-project-to-support-the-national-agricultural-research-and-extension-programme-project-completion-report-20143,afdb:titleslug
afdb_PCR_Chad_-_Emergency_Fiscal_Consolidation_Support_Programme_Puc_2020.pdf,afdb,Chad - Emergency Fiscal Consolidation Support Programme (Pucb) - Project Completion Report,2020,P-TD-KA0-007,,https://www.afdb.org/en/documents/chad-emergency-fiscal-consolidation-support-programme-pucb-project-completion-report,afdb:titleslug
afdb_PCR_Chad_-_Pastoral_Livestock_System_Support_Project_-_Project_C_2018.pdf,afdb,Chad - Pastoral Livestock System Support Project - Project Completion Report (PCR),2018,P-TD-AAE-004,,https://www.afdb.org/en/documents/document/chad-pastoral-livestock-system-support-project-project-completion-report-pcr-28717,afdb:titleslug
afdb_PCR_Chad_-_Rural_Pastoral_and_Transhumance_Infrastructure_Proje_2020.pdf,afdb,"Chad - Rural, Pastoral and Transhumance Infrastructure Project - Project Completion Report",2020,P-TD-AB0-002,,https://www.afdb.org/en/documents/chad-rural-pastoral-and-transhumance-infrastructure-project-project-completion-report,afdb:titleslug
afdb_PCR_Cote_d_Ivoire_-_Agricultural_Infrastructure_Support_Project_2020.pdf,afdb,Côte d’Ivoire - Agricultural Infrastructure Support Project in Indenie-Djuablin Region (PAIA-ID) - Project Completion Report,2020,P-CI-AA0-019,,https://www.afdb.org/en/documents/cote-divoire-agricultural-infrastructure-support-project-indenie-djuablin-region-paia-id-project-completion-report,afdb:titleslug
afdb_PCR_Djibouti_-_AEPA_en_milieu_rural_et_centres_secondaires_de_Ta_2024.pdf,afdb,"Djibouti - AEPA en milieu rural et centres secondaires de Tadjourah, Arta et Ali Sabieh – Rapport d’achèvement de projet",2024,,,https://www.afdb.org/en/documents/djibouti-aepa-en-milieu-rural-et-centres-secondaires-de-tadjourah-arta-et-ali-sabieh-rapport-dachevement-de-projet,afdb:titleslug
afdb_PCR_Djibouti_-_Drought_Resilience_and_Sustainable_Livelihood_Pro_2024.pdf,afdb,Djibouti - Drought Resilience and Sustainable Livelihood Program in Horn of Africa Countries - Phase III (DRSLP - III) – Project Completion Report,2024,,,https://www.afdb.org/en/documents/djibouti-drought-resilience-and-sustainable-livelihood-program-horn-africa-countries-phase-iii-drslp-iii-project-completion-report,afdb:titleslug-first
afdb_PCR_Djibouti_-_Drought_Resilience_and_Sustainable_Livelihoods_Pr_2020.pdf,afdb,Djibouti - Drought Resilience and Sustainable Livelihood Program in Horn of Africa Countries - Phase III (DRSLP - III) – Project Completion Report,2024,,,https://www.afdb.org/en/documents/djibouti-drought-resilience-and-sustainable-livelihood-program-horn-africa-countries-phase-iii-drslp-iii-project-completion-report,afdb:titleslug-first
afdb_PCR_Djibouti_-_GEF_Rural_Livelihoods_Adaptation_to_Climate_Chang_2024.pdf,afdb,Djibouti - GEF Rural Livelihoods Adaptation to Climate Change in The Horn of Africa-I - Project Completion Report,2024,P-Z1-AAZ-047,,https://www.afdb.org/en/documents/djibouti-gef-rural-livelihoods-adaptation-climate-change-horn-africa-i-project-completion-report,afdb:titleslug
afdb_PCR_DRC_-_Preparation_Project_for_the_Development_and_Constructi_2023.pdf,afdb,DRC - Preparation Project for the Development and Construction of the ENK Special Purpose Hydropower Plants in North Kivu Province – Project Completion Report,2023,,,https://www.afdb.org/en/documents/drc-preparation-project-development-and-construction-enk-special-purpose-hydropower-plants-north-kivu-province-project-completion-report,afdb:titleslug
afdb_PCR_Egypt_-_Feasibility_Study_and_Capacity_Building_for_the_Use_2023.pdf,afdb,Egypt - Feasibility Study and Capacity Building for the Use of Renewable Energy For Pumping Irrigation Water,2023,P-EG-AAC-023,,https://www.afdb.org/en/documents/egypt-feasibility-study-and-capacity-building-use-renewable-energy-pumping-irrigation-water,afdb:titleslug-first
afdb_PCR_Eritrea_-_Drought_Resilience_and_Sustainable_Livelihoods_Pro_2024.pdf,afdb,Eritrea - Drought Resilience and Sustainable Livelihoods Program DRLSP-IV Eritrea – Project Completion Report,2024,P-ER-AAZ-002,,https://www.afdb.org/en/documents/eritrea-drought-resilience-and-sustainable-livelihoods-program-drlsp-iv-eritrea-project-completion-report,afdb:titleslug
afdb_PCR_Eswatini_-_AEFPF_-_Food_Security_Budget_Support_-_Project_Co_2025.pdf,afdb,Eswatini - AEFPF - Food Security Budget Support – Project Completion Report,2025,P-SZ-AA0-013,,https://www.afdb.org/en/documents/eswatini-aefpf-food-security-budget-support-project-completion-report,afdb:titleslug
afdb_PCR_Ethiopia_-_Assela_Wind_Farm_-_Wind_Feasibility_Study_and_Bid_2023.pdf,afdb,Ethiopia - Assela Wind Farm - Wind Feasibility Study and Bid Document Preparation – Project Completion Report,2023,P-ET-FE0-002,,https://www.afdb.org/en/documents/ethiopia-assela-wind-farm-wind-feasibility-study-and-bid-document-preparation-project-completion-report,afdb:titleslug
afdb_PCR_Ethiopia_-_Ethiopia_Improved_Sanitation_Value_Chain_in_ArbaM_2022.pdf,afdb,Ethiopia - Ethiopia Improved Sanitation Value Chain in ArbaMinch – Project completion report,2022,P-ET-EAZ-005,,https://www.afdb.org/en/documents/ethiopia-ethiopia-improved-sanitation-value-chain-arbaminch-project-completion-report,afdb:titleslug
afdb_PCR_Gabon_-_Promotion_des_Investissements_dans_les_Filieres_Port_2023.pdf,afdb,Gabon - Promotion des Investissements dans les Filières Porteuses Cafe/Cacao et Cultures Vivrières - rapport d’achèvement de projet,2023,P-GA-KF0-002,,https://www.afdb.org/en/documents/gabon-promotion-des-investissements-dans-les-filieres-porteuses-cafe/cacao-et-cultures-vivrieres-rapport-dachevement-de-projet,afdb:titleslug
afdb_PCR_Gabon_-_Technical_Support_for_the_Agricultural_Transformatio_2022.pdf,afdb,Gabon - Technical Support for the Agricultural Transformation Strategy And Promotion Of Youth Entrepreneurship In The Agricultural Sector And Agribusiness - Project Completion Report,2022,P-GA-AOO-004,,https://www.afdb.org/en/documents/gabon-technical-support-agricultural-transformation-strategy-and-promotion-youth-entrepreneurship-agricultural-sector-and-agribusiness-project-completion-report,afdb:titleslug
afdb_PCR_Gambia_-_Lowland_Agricultural_Development_Programme_LADEP_2019.pdf,afdb,Gambia - Lowland Agricultural Development Programme (LADEP) - Programme Completion Report,2019,,,https://www.afdb.org/en/documents/document/gambia-lowland-agricultural-development-programme-ladep-completion-report-12181,afdb:titleslug
afdb_PCR_Gambia_-_The_Gambia_Strategic_Program_On_Climate_Resilience_2022.pdf,afdb,Gambia - The Gambia Strategic Program On Climate Resilience Project – Project Completion report,2022,P-GM-C00-006,,https://www.afdb.org/en/documents/gambia-gambia-strategic-program-climate-resilience-project-project-completion-report,afdb:titleslug
afdb_PCR_Guinea_Bissau_-_Rice_Value_Chains_Development_Project_-_Proj_2025.pdf,afdb,Guinea Bissau - Rice Value Chains Development Project – Project Completion Report,2025,P-GW-A00-003,,https://www.afdb.org/en/documents/guinea-bissau-rice-value-chains-development-project-project-completion-report,afdb:titleslug
afdb_PCR_Kenya_-_Drought_Resilience_Sustainable_Livelihood_Program_2024.pdf,afdb,Kenya - Drought Resilience & Sustainable Livelihood Program in the Horn of Africa (Phase I) – Project Completion Report,2024,P-Z1-AAZ-011,,https://www.afdb.org/en/documents/kenya-drought-resilience-sustainable-livelihood-program-horn-africa-phase-i-project-completion-report,afdb:titleslug
afdb_PCR_Kenya_-_GEF_Rural_Livelihoods_Adaptation_to_Climate_Change_i_2024.pdf,afdb,Kenya - GEF Rural Livelihoods Adaptation to Climate Change in The Horn of Africa-I – Project Completion Report,2024,P-Z1-AAZ-039,,https://www.afdb.org/en/documents/kenya-gef-rural-livelihoods-adaptation-climate-change-horn-africa-i-project-completion-report,afdb:titleslug
afdb_PCR_Lesotho_-_Mafeteng_Solar_PV_Project_-_Project_Completion_Rep_2022.pdf,afdb,Lesotho - Mafeteng Solar PV Project - Project Completion Report,2022,,,https://www.afdb.org/en/documents/lesotho-mafeteng-solar-pv-project-project-completion-report,afdb:titleslug
afdb_PCR_Liberia_-_Agriculture_Sector_Rehabilitation_Project_ASRP_-_2018.pdf,afdb,Liberia - Agriculture Sector Rehabilitation Project (ASRP) - Project Completion Report,2018,P-LR-A00-001,,https://www.afdb.org/en/documents/document/liberia-agriculture-sector-rehabilitation-project-asrp-project-completion-report-101641,afdb:titleslug
afdb_PCR_Liberia_-_Smallholder_Agricultural_Productivity_Enhancement_2022.pdf,afdb,Liberia - Smallholder Agricultural Productivity Enhancement and Commercialization (SAPEC) - Project Completion Report,2022,P-LR-A00-003,,https://www.afdb.org/en/documents/liberia-smallholder-agricultural-productivity-enhancement-and-commercialization-sapec-project-completion-report,afdb:titleslug
afdb_PCR_Madagascar_-_Emergency_humanitarian_aid_following_the_combin_2022.pdf,afdb,Madagascar - Emergency humanitarian aid following the combined impact of the drought and the covid-19 pandemic in the Great South of Madagascar - Project Completion Report,2022,,,https://www.afdb.org/en/documents/madagascar-emergency-humanitarian-aid-following-combined-impact-drought-and-covid-19-pandemic-great-south-madagascar-project-completion-report,afdb:titleslug
afdb_PCR_Madagascar_-_Program_for_Promoting_Youth_Entrepreneurship_in_2023.pdf,afdb,Madagascar - Program for Promoting Youth Entrepreneurship in Agriculture and Agro-industry (PEJAA) – Project 1,2018,,,https://www.afdb.org/en/documents/document/madagascar-program-for-promoting-youth-entrepreneurship-in-agriculture-and-agro-industry-pejaa-project-1-99988,afdb:titleslug-first
afdb_PCR_Madagascar_-_Projet_d_appui_a_l_amelioration_de_l_efficacite_2023.pdf,afdb,"Madagascar - Projet d’appui à l'amélioration de l'efficacité et de l’efficience en matière de réduction des risques de catastrophes (naturelles, climatiques et anthropiques) – Rapport d’achèvement de projet",2023,P-MG-CZ0-002,,https://www.afdb.org/en/documents/madagascar-projet-dappui-lamelioration-de-lefficacite-et-de-lefficience-en-matiere-de-reduction-des-risques-de-catastrophes-naturelles-climatiques-et-anthropiques-rapport-dachevement-de-projet,afdb:titleslug
afdb_PCR_Madagascar_-_South-West_Region_Agricultural_Infrastructure_R_2023.pdf,afdb,Madagascar - South-West Region Agricultural Infrastructure Rehabilitation Project (PRIASO) - Project Completion Report,2023,P-MG-AAB-004,,https://www.afdb.org/en/documents/madagascar-south-west-region-agricultural-infrastructure-rehabilitation-project-priaso-project-completion-report,afdb:titleslug
afdb_PCR_Malawi_-_Agriculture_Infrastructure_Support_Project_AISP_2018.pdf,afdb,Malawi - Agriculture Infrastructure Support Project (AISP) - PCR,2018,P-MW-AAA-004,,https://www.afdb.org/en/documents/document/malawi-agriculture-infrastructure-support-project-aisp-pcr-99756,afdb:titleslug
afdb_PCR_Malawi_-_Climate_Adaptation_for_Rural_Livelihoods_and_Agricu_2023.pdf,afdb,Malawi - Climate Adaptation for Rural Livelihoods and Agriculture (CARLA) – Project Completion Report,2023,P-MW-C00-001,,https://www.afdb.org/en/documents/malawi-climate-adaptation-rural-livelihoods-and-agriculture-carla-project-completion-report,afdb:titleslug
afdb_PCR_Maurice_-_Projet_de_Reamenagement_de_la_Centrale_de_Saint_Lo_2020.pdf,afdb,Maurice - Projet de Réaménagement de la Centrale de Saint Louis - Rapport d’achèvement de Projet,2020,P-MU-FA0-002,,https://www.afdb.org/en/documents/maurice-projet-de-reamenagement-de-la-centrale-de-saint-louis-rapport-dachevement-de-projet-0,afdb:titleslug
afdb_PCR_Mauritanie_-_Aide_humanitaire_d_urgence_aux_victimes_des_ino_2023.pdf,afdb,Mauritanie - Aide humanitaire d’urgence aux victimes des inondations de la Wilaya du Guidamakha – Rapport d’achèvement de projet,2023,P-MR-AAZ-006,,https://www.afdb.org/en/documents/mauritanie-aide-humanitaire-durgence-aux-victimes-des-inondations-de-la-wilaya-du-guidamakha-rapport-dachevement-de-projet,afdb:titleslug
afdb_PCR_Morocco_-_Inclusive_and_Sustainable_Development_Support_Prog_2020.pdf,afdb,Morocco - Inclusive and Sustainable Development Support Programme for Agricultural Sectors (PADIDFA) - Project Completion Report,2020,P-MA-AA0-003,,https://www.afdb.org/en/documents/morocco-inclusive-and-sustainable-development-support-programme-agricultural-sectors-padidfa-project-completion-report,afdb:titleslug
afdb_PCR_Morocco_-_National_Irrigation_Water_Saving_Programme_Support_2018.pdf,afdb,"Morocco - National Irrigation Water Saving Programme Support Project in Morocco, Tranche II (PAPNEEI-II)",2025,,,https://www.afdb.org/en/documents/morocco-national-irrigation-water-saving-programme-support-project-morocco-tranche-ii-papneei-ii,afdb:titleslug-first
afdb_PCR_Morocco_-_Noor_Ouarzazate_Solar_Complex_Project_-_Phase_I_N_2019.pdf,afdb,Morocco - Noor Ouarzazate Solar Complex Project – Phase I (Noor Ouarzazate I Power Plant) - PCR,2019,P-MA-FF0-001,,https://www.afdb.org/en/documents/document/morocco-noor-ouarzazate-solar-complex-project-phase-i-noor-ouarzazate-i-power-plant-pcr-107754,afdb:titleslug-first
afdb_PCR_Morocco_-_NOOR_Ouarzazate_Solar_Complex_Project_-_Phase_II_2020.pdf,afdb,Morocco - Noor Ouarzazate Solar Complex Project – Phase I (Noor Ouarzazate I Power Plant) - PCR,2019,P-MA-FF0-001,,https://www.afdb.org/en/documents/document/morocco-noor-ouarzazate-solar-complex-project-phase-i-noor-ouarzazate-i-power-plant-pcr-107754,afdb:titleslug-first
afdb_PCR_Morocco_-_NOOR_Ouarzazate_Solar_Complex_Project_-_Phase_III_2021.pdf,afdb,Morocco - Noor Ouarzazate Solar Complex Project – Phase I (Noor Ouarzazate I Power Plant) - PCR,2019,P-MA-FF0-001,,https://www.afdb.org/en/documents/document/morocco-noor-ouarzazate-solar-complex-project-phase-i-noor-ouarzazate-i-power-plant-pcr-107754,afdb:titleslug-first
afdb_PCR_Mozambique_-_Baixo_Limpopo_Irrigation_Climate_Resilience_P_2025.pdf,afdb,Mozambique - Baixo Limpopo Irrigation & Climate Resilience Project – Project Completion Report,2025,P-MZ-AZ0-003,,https://www.afdb.org/en/documents/mozambique-baixo-limpopo-irrigation-climate-resilience-project-project-completion-report,afdb:titleslug
afdb_PCR_Mozambique_-_Integrated_Feasibility_Study_and_Project_Prepar_2023.pdf,afdb,Mozambique - Integrated Feasibility Study and Project Preparation for the COFAMOSA Irrigation Project – Project Completion Report,2023,P-MZ-AA0-030,,https://www.afdb.org/en/documents/mozambique-integrated-feasibility-study-and-project-preparation-cofamosa-irrigation-project-project-completion-report,afdb:titleslug
afdb_PCR_Mozambique_-_Massingir_Dam_and_Smallholder_Agricultural_Reha_2018.pdf,afdb,Mozambique - Massingir Dam and Smallholder Agricultural Rehabilitation Project Supplementary Loan - PCR,2018,P-MZ-AA0-026,,https://www.afdb.org/en/documents/document/mozambique-massingir-dam-and-smallholder-agricultural-rehabilitation-project-supplementary-loan-pcr-99744,afdb:titleslug
afdb_PCR_Mozambique_-_Namaacha_Wind_Farm_Project_-_Project_Completion_2024.pdf,afdb,Mozambique - Namaacha Wind Farm Project – Project Completion Report,2024,,,https://www.afdb.org/en/documents/mozambique-namaacha-wind-farm-project-project-completion-report,afdb:titleslug
afdb_PCR_Mozambique_-_Niassa_Provincial_Towns_Water_Supply_and_Sanita_2017.pdf,afdb,Mozambique - Niassa Provincial Towns Water Supply and Sanitation Project - Project Completion Report,2017,,,https://www.afdb.org/en/documents/document/mozambique-niassa-provincial-towns-water-supply-and-sanitation-project-project-completion-report-98685,afdb:titleslug
afdb_PCR_Mozambique_-_Urban_Sanitation_Drainage_and_Solid_Waste_Mana_2024.pdf,afdb,"Mozambique - Urban Sanitation, Drainage and Solid Waste Management in Chimoio & Inhambane - Project Completion Report",2024,P-MZ-EAZ-003,,https://www.afdb.org/en/documents/mozambique-urban-sanitation-drainage-and-solid-waste-management-chimoio-inhambane-project-completion-report,afdb:titleslug
afdb_PCR_Mozambique_-_Women_s_Empowerment_and_Skills_Development_Proj_2023.pdf,afdb,Mozambique - Women’s Empowerment and Skills Development Project - Consolidation Phase (WESDP II) - Project Completion Report,2023,P-MZ-IZ0-002,,https://www.afdb.org/en/documents/mozambique-womens-empowerment-and-skills-development-project-consolidation-phase-wesdp-ii-project-completion-report,afdb:titleslug
afdb_PCR_Mozambique_-PPF-Value_Chain_and_Market_Development_Program_A_2023.pdf,afdb,Mozambique -PPF-Value Chain and Market Development Program Along Pemba-Lichinga Corridor - Project Completion Report,2023,P-MZ-AA0-031,,https://www.afdb.org/en/documents/mozambique-ppf-value-chain-and-market-development-program-along-pemba-lichinga-corridor-project-completion-report,afdb:titleslug
afdb_PCR_Multinational_-_50_Million_African_Women_Speak_Networking_Pl_2021.pdf,afdb,Multinational - 50 Million African Women Speak Networking Platform Project to Improve Access to Information on Financial and Non-Financial Services (COMESA) - Project Completion Report (PCR),2021,P-Z1-G00-016,,https://www.afdb.org/en/documents/multinational-50-million-african-women-speak-networking-platform-project-improve-access-information-financial-and-non-financial-services-comesa-project-completion-report-pcr,afdb:titleslug
afdb_PCR_Multinational_-_Benin_Togo_-_Lome-Cotonou_Road_Rehabilitatio_2023.pdf,afdb,Multinational - Benin/Togo - Lome-Cotonou Road Rehabilitation and Abidjan-Lagos Trans Corridor Facilitation Project Phase 1 -Project Completion Report,2023,P-Z1-DB0-093,,https://www.afdb.org/en/documents/multinational-benin/togo-lome-cotonou-road-rehabilitation-and-abidjan-lagos-trans-corridor-facilitation-project-phase-1-project-completion-report,afdb:titleslug
afdb_PCR_Multinational_-_CGIAR_-_Support_to_Agricultural_Research_for_2018.pdf,afdb,Multinational – CGIAR - Support to Agricultural Research for Development of Strategic Crops in Africa Project (SARD-SC) - PCR,2018,P-Z1-AAZ-010,,https://www.afdb.org/en/documents/document/multinational-cgiar-support-to-agricultural-research-for-development-of-strategic-crops-in-africa-project-sard-sc-pcr-99785,afdb:titleslug
afdb_PCR_Multinational_-_DRC_Kolwezi_-_Zambia_Solwezi_330_KV_Powe_2025.pdf,afdb,Multinational - DRC (Kolwezi) - Zambia (Solwezi) 330 KV Power Line Interconnection Project – Project Completion Report,2025,P-Z1-F00-065,,https://www.afdb.org/en/documents/multinational-drc-kolwezi-zambia-solwezi-330-kv-power-line-interconnection-project-project-completion-report,afdb:titleslug
afdb_PCR_Multinational_-_Ethiopia-Drought_Resilience_Sustainable_Li_2024.pdf,afdb,Multinational - Ethiopia-Drought Resilience & Sustainable Livelihood Program in The Horn of Africa (Phase I) – Project Completion Report,2024,P-Z1-AAZ-013,,https://www.afdb.org/en/documents/multinational-ethiopia-drought-resilience-sustainable-livelihood-program-horn-africa-phase-i-project-completion-report,afdb:titleslug
afdb_PCR_Multinational_-_IGA-Drought_Resilience_Sustainable_Livelyhoo_2023.pdf,afdb,Multinational - IGA-Drought Resilience Sustainable Livelyhood Program - Project Completion Report,2023,P-Z1-AAZ-014,,https://www.afdb.org/en/documents/multinational-iga-drought-resilience-sustainable-livelyhood-program-project-completion-report,afdb:titleslug
afdb_PCR_Multinational_-_Lakes_Edward_and_Albert_Integrated_Fisheries_2023.pdf,afdb,Multinational - Lakes Edward and Albert Integrated Fisheries and Water Resources Management (LEAF II) Project,2023,P-Z1-AAF-011,,https://www.afdb.org/en/documents/multinational-lakes-edward-and-albert-integrated-fisheries-and-water-resources-management-leaf-ii-project,afdb:titleslug-first
afdb_PCR_Multinational_-_Leveraging_investments_to_increase_Access_to_2022.pdf,afdb,Multinational - Leveraging investments to increase Access to fertilizer Utilization by Smallholder Farmers – Project Completion Report,2022,P-Z1-AAZ-051,,https://www.afdb.org/en/documents/multinational-leveraging-investments-increase-access-fertilizer-utilization-smallholder-farmers-project-completion-report,afdb:titleslug
afdb_PCR_Multinational_-_Projet_de_Rehabilitation_de_Routes_et_de_Fac_2024.pdf,afdb,Multinational - Projet de Rehabilitation de Routes et de Facilitation du Transport sur le Corridor CU9 Lome-Cinkanse-Ouagadougou – Rapport d’achevement de projet,2024,P-Z1-DB0-097,,https://www.afdb.org/en/documents/multinational-projet-de-rehabilitation-de-routes-et-de-facilitation-du-transport-sur-le-corridor-cu9-lome-cinkanse-ouagadougou-rapport-dachevement-de-projet,afdb:titleslug
afdb_PCR_Multinational_-_Regional_Project_on_Sustainable_Management_o_2018.pdf,afdb,Multinational - Regional Project on Sustainable Management of Endemic Ruminant Livestock in West Africa - Project Completion Report,2018,P-Z1-AAE-004,,https://www.afdb.org/en/documents/document/multinational-regional-project-on-sustainable-management-of-endemic-ruminant-livestock-in-west-africa-project-completion-report-101617,afdb:titleslug
afdb_PCR_Multinational_-_Technologies_for_African_Agricultural_Transf_2023.pdf,afdb,Multinational - Technologies for African Agricultural Transformation (TAAT) I - Project Completion Report,2023,P-Z1-A00-016,,https://www.afdb.org/en/documents/multinational-technologies-african-agricultural-transformation-taat-i-project-completion-report,afdb:titleslug
afdb_PCR_Namibia_-_Humanitarian_Emergency_Assistance_To_Mitigate_Effe_2023.pdf,afdb,Namibia - Humanitarian Emergency Assistance To Mitigate Effects Of 2019 Drought - Project Completion Report,2023,P-NA-AA0-010,,https://www.afdb.org/en/documents/namibia-humanitarian-emergency-assistance-mitigate-effects-2019-drought-project-completion-report,afdb:titleslug
afdb_PCR_Niger_-_Climate_Information_Development_and_Forecasting_Proj_2021.pdf,afdb,Niger - Climate Information Development and Forecasting Project (PDIPC) - Project Completion Report (PCR),2021,P-NE-CZ0-001,,https://www.afdb.org/en/documents/niger-climate-information-development-and-forecasting-project-pdipc-project-completion-report-pcr,afdb:titleslug
afdb_PCR_Niger_-_Economic_Resilience_Support_Programme_PARRE_Phase_2020.pdf,afdb,"Niger - Economic Resilience Support Programme (PARRE), Phase 1 - Project Completion Report",2020,P-NE-KA0-012,,https://www.afdb.org/en/documents/niger-economic-resilience-support-programme-parre-phase-1-project-completion-report,afdb:titleslug
afdb_PCR_Niger_-_Financial_Reforms_and_Food_Security_Support_Programm_2020.pdf,afdb,Niger - Financial Reforms and Food Security Support Programme (PAREFSA II) - Project Completion Report,2020,P-NE-KA0-011,,https://www.afdb.org/en/documents/niger-financial-reforms-and-food-security-support-programme-parefsa-ii-project-completion-report,afdb:titleslug
afdb_PCR_Niger_-_programme_de_renforcement_de_la_resilience_a_l_insec_2023.pdf,afdb,Niger - programme de renforcement de la résilience a l’insécurité alimentaire et nutritionnelle au Sahel (P2RS-Niger) – Rapport d’achèvement de projet,2023,,,https://www.afdb.org/en/documents/niger-programme-de-renforcement-de-la-resilience-linsecurite-alimentaire-et-nutritionnelle-au-sahel-p2rs-niger-rapport-dachevement-de-projet,afdb:titleslug
afdb_PCR_Niger_-_Water_Mobilization_Project_to_Enhance_Food_Security_2020.pdf,afdb,"Niger - Water Mobilization Project to Enhance Food Security in the Maradi, Tahoua and Zinder Regions (PMERSA-MTZ) - Project Completion Report",2020,P-NE-AA0-004,,https://www.afdb.org/en/documents/niger-water-mobilization-project-enhance-food-security-maradi-tahoua-and-zinder-regions-pmersa-mtz-project-completion-report,afdb:titleslug
afdb_PCR_Nigeria_-_Capacity_Building_and_Institutional_Strengthening_2023.pdf,afdb,Nigeria - Capacity Building and Institutional Strengthening of Bank of Agriculture (BOA) Project - Project Completion Report,2023,P-NG-A00-011,,https://www.afdb.org/en/documents/nigeria-capacity-building-and-institutional-strengthening-bank-agriculture-boa-project-project-completion-report,afdb:titleslug
afdb_PCR_Nigeria_-_Emergency_Assistance_to_Support_the_Fight_against_2023.pdf,afdb,"Nigeria - Emergency Assistance to Support the Fight against Malnutrition in Borno State, Nigeria – Project Completion Report",2023,,,https://www.afdb.org/en/documents/nigeria-emergency-assistance-support-fight-against-malnutrition-borno-state-nigeria-project-completion-report,afdb:titleslug
afdb_PCR_Nigeria_-_Jigawa_Solar_Independent_Power_Procurement_Program_2024.pdf,afdb,Nigeria - Jigawa Solar Independent Power Procurement Programme Phase 1 - Project Completion Report,2024,,,https://www.afdb.org/en/documents/nigeria-jigawa-solar-independent-power-procurement-programme-phase-1-project-completion-report,afdb:titleslug
afdb_PCR_Nigeria_-_Strengthening_of_the_Federal_Ministry_of_Agricultu_2024.pdf,afdb,Nigeria - Strengthening of the Federal Ministry of Agriculture and Rural Development – Project Completion Report,2024,,,https://www.afdb.org/en/documents/nigeria-strengthening-federal-ministry-agriculture-and-rural-development-project-completion-report,afdb:titleslug
afdb_PCR_Sao_tome_and_principe_-_Infrastructure_Rehabilitation_for_Fo_2018.pdf,afdb,Sao tome and principe - Infrastructure Rehabilitation for Food Security Support Project (PRIASA) - PCR,2018,P-ST-AA0-004,,https://www.afdb.org/en/documents/document/sao-tome-and-principe-infrastructure-rehabilitation-for-food-security-support-project-priasa-pcr-99824,afdb:titleslug
afdb_PCR_Senegal_-_Emergency_Agricultural_Production_Project_in_Seneg_2025.pdf,afdb,Senegal - Emergency Agricultural Production Project in Senegal – Project Completion Report,2025,P-SN-A00-022,,https://www.afdb.org/en/documents/senegal-emergency-agricultural-production-project-senegal-project-completion-report,afdb:titleslug
afdb_PCR_Senegal_-_Projet_d_appui_a_la_securite_alimentaire_dans_les_2025.pdf,afdb,"Sénégal - Projet d’appui à la sécurité alimentaire dans les régions de Louga, Matam et Kaffrine (PASA-LMK) – Rapport d’achevement de projet",2025,P-SN-A00-005,,https://www.afdb.org/en/documents/senegal-projet-dappui-la-securite-alimentaire-dans-les-regions-de-louga-matam-et-kaffrine-pasa-lmk-rapport-dachevement-de-projet,afdb:titleslug
afdb_PCR_Sierra_Leone_-_Fiscal_Consolidation_Support_Programme_FCSP_2022.pdf,afdb,Sierra Leone - Fiscal Consolidation Support Programme (FCSP) - Project Completion Report,2022,P-SL-KA0-016,,https://www.afdb.org/en/documents/sierra-leone-fiscal-consolidation-support-programme-fcsp-project-completion-report,afdb:titleslug
afdb_PCR_Sierra_Leone_-_PFM_Improvement_and_Consolidation_PFMIC_-_P_2022.pdf,afdb,Sierra Leone - PFM Improvement and Consolidation (PFMIC) – Project Completion Report,2022,P-SL-K00-007,,https://www.afdb.org/en/documents/sierra-leone-pfm-improvement-and-consolidation-pfmic-project-completion-report,afdb:titleslug
afdb_PCR_Sierra_Leones_-_Emergency_Food_Production_Project_-_Project_2025.pdf,afdb,Sierra Leones - Emergency Food Production Project – Project Completion Report,2025,P-SL-AA0-023,,https://www.afdb.org/en/documents/sierra-leones-emergency-food-production-project-project-completion-report,afdb:titleslug
afdb_PCR_Somalia_-_Water_Infrastructure_Development_for_Resilience_In_2022.pdf,afdb,Somalia - Water Infrastructure Development for Resilience In Somaliland Project - Project Completion Report,2022,P-SO-E00-001,,https://www.afdb.org/en/documents/somalia-water-infrastructure-development-resilience-somaliland-project-project-completion-report,afdb:titleslug
afdb_PCR_Soudan_-_Darfur_Water_Project_for_Conflict_Resolution_and_Pe_2018.pdf,afdb,Soudan - Darfur Water Project for Conflict Resolution and Peace Building - Project Completion Report,2018,P-SD-EA0-002,,https://www.afdb.org/en/documents/document/soudan-darfur-water-project-for-conflict-resolution-and-peace-building-project-completion-report-104070,afdb:titleslug
afdb_PCR_South_Africa_-_Sere_Wind_Farm_Project_-_Project_Completion_R_2018.pdf,afdb,South Africa - Sere Wind Farm Project - Project Completion Report,2018,P-ZA-F00-002,,https://www.afdb.org/en/documents/document/south-africa-sere-wind-farm-project-project-completion-report-101635,afdb:titleslug
afdb_PCR_South_Sudan_-_Regional_emergency_response_-_emergency_humani_2023.pdf,afdb,South Sudan - Regional emergency response – emergency humanitarian assistance to populations affected by floods – Project Completion Report,2023,,,https://www.afdb.org/en/documents/south-sudan-regional-emergency-response-emergency-humanitarian-assistance-populations-affected-floods-project-completion-report,afdb:titleslug
afdb_PCR_South_Sudan_-_Resilience_Water_Project_for_Improved_Liveliho_2023.pdf,afdb,South Sudan - Resilience Water Project for Improved Livelihood in Juba - Project Completion Report,2023,P-SS-E00-002,,https://www.afdb.org/en/documents/south-sudan-resilience-water-project-improved-livelihood-juba-project-completion-report,afdb:titleslug
afdb_PCR_Tanzania_-_District_agricultural_sector_investment_project_-_2015.pdf,afdb,Tanzania - District agricultural sector investment project - Project Completion Report (PCR) – 02 2015,2015,P-TZ-AAZ-001,,https://www.afdb.org/en/documents/document/tanzania-district-agricultural-sector-investment-project-project-completion-report-pcr-02-2015-51320,afdb:titleslug
afdb_PCR_Tanzania_-_Kikonge_Multipurpose_Dam_Hydropower_and_Irrigatio_2023.pdf,afdb,Tanzania - Kikonge Multipurpose Dam Hydropower and Irrigation - Project completion Report,2023,P-TZ-EAZ-003,,https://www.afdb.org/en/documents/tanzania-kikonge-multipurpose-dam-hydropower-and-irrigation-project-completion-report,afdb:titleslug
afdb_PCR_Tanzania_-_Support_to_vocational_education_and_training_and_2020.pdf,afdb,Tanzania - Support to vocational education and training and teacher education – Projet Completion Report,2020,P-TZ-IAD-001,,https://www.afdb.org/en/documents/tanzania-support-vocational-education-and-training-and-teacher-education-projet-completion-report,afdb:titleslug
afdb_PCR_Tanzania_-_Tanzania_agricultural_development_bank_-_Project_2022.pdf,afdb,Tanzania - Tanzania agricultural development bank – Project Completion Report,2022,P-TZ-AA0-025,,https://www.afdb.org/en/documents/tanzania-tanzania-agricultural-development-bank-project-completion-report-0,afdb:titleslug
afdb_PCR_Togo_-_Project_name_-_CIZO_Pilot_project_for_rural_electrifi_2022.pdf,afdb,Togo - Project name - CIZO Pilot project for rural electrification through solar home systems in Togo – Project Completion Report,2022,,,https://www.afdb.org/en/documents/togo-project-name-cizo-pilot-project-rural-electrification-through-solar-home-systems-togo-project-completion-report,afdb:titleslug
afdb_PCR_Tunisia_-_Studies_on_Risk_Management_and_the_Establishment_o_2024.pdf,afdb,Tunisia - Studies on Risk Management and the Establishment of an Agricultural Insurance and Micro-insurance System in Tunisia - Project Completion Report,2024,P-TN-A00-008,,https://www.afdb.org/en/documents/tunisia-studies-risk-management-and-establishment-agricultural-insurance-and-micro-insurance-system-tunisia-project-completion-report,afdb:titleslug
afdb_PCR_Tunisia_-_Studies_to_Assess_the_IADP_Experience_and_Prepare_2025.pdf,afdb,Tunisia - Studies to Assess the IADP Experience and Prepare the Zaghouan Integrated Agricultural Development Project – Project Completion Report,2025,P-TN-AA0-014,,https://www.afdb.org/en/documents/tunisia-studies-assess-iadp-experience-and-prepare-zaghouan-integrated-agricultural-development-project-project-completion-report,afdb:titleslug
afdb_PCR_Uganda_-_Community_Agricultural_Infrastructure_Improvement_P_2018.pdf,afdb,Uganda - Community Agricultural Infrastructure Improvement Programme - Project 3 (CAIIP-3) - Project Completion Report,2018,P-UG-AB0-003,,https://www.afdb.org/en/documents/document/uganda-community-agricultural-infrastructure-improvement-programme-project-3-caiip-3-project-completion-report-104081,afdb:titleslug
afdb_PCR_Uganda_-_MATIP_2-_Markets_and_Agricultural_Trade_Improvement_2024.pdf,afdb,Uganda - MATIP 2- Markets and Agricultural Trade Improvement Program - Project 2 (MATIP-2) - Project Completion Report,2024,P-UG-AAZ-002,,https://www.afdb.org/en/documents/uganda-matip-2-markets-and-agricultural-trade-improvement-program-project-2-matip-2-project-completion-report,afdb:titleslug
afdb_PCR_Uganda_-_Multinational_Lakes_Edward_And_Albert_Integrated_Fi_2022.pdf,afdb,Multinational - Lakes Edward and Albert Integrated Fisheries and Water Resources Management (LEAF II) Project,2023,P-Z1-AAF-011,,https://www.afdb.org/en/documents/multinational-lakes-edward-and-albert-integrated-fisheries-and-water-resources-management-leaf-ii-project,afdb:titleslug-first
afdb_PCR_Zambia_-_Climate_Resilient_Livestock_Management_Project_-_Pr_2023.pdf,afdb,Zambia - Climate Resilient Livestock Management Project - Project Completion Report,2023,P-ZM-AAZ-006,,https://www.afdb.org/en/documents/zambia-climate-resilient-livestock-management-project-project-completion-report,afdb:titleslug
afdb_PCR_Zambia_-_GAFSP-Agriculture_Productivity_and_Market_Enhanceme_2024.pdf,afdb,Zambia - GAFSP-Agriculture Productivity and Market Enhancement Project (APMEP) – Project Completion Report,2024,P-ZM-AA0-019,,https://www.afdb.org/en/documents/zambia-gafsp-agriculture-productivity-and-market-enhancement-project-apmep-project-completion-report,afdb:titleslug
afdb_PCR_Zambia_-_GAFSP_Mitigating_Impact_of_COVID-19_on_Household_Fo_2025.pdf,afdb,Zambia - GAFSP Mitigating Impact of COVID-19 on Household Food Security - Project Completion Report,2025,P-ZM-AA0-038,,https://www.afdb.org/en/documents/zambia-gafsp-mitigating-impact-covid-19-household-food-security-project-completion-report,afdb:titleslug
afdb_PCR_Zambia_-_Livestock_Infrastructure_Support_Project_LISP_Ref_2022.pdf,afdb,Zambia - Livestock Infrastructure Support Project (LISP) Reform (ISEP) – Project Completion Report,2022,P-ZM-AAE-001,,https://www.afdb.org/en/documents/zambia-livestock-infrastructure-support-project-lisp-reform-isep-project-completion-report,afdb:titleslug
afdb_PCR_Zambia_-_MIC_TAF_Grant_-_Feasibility_Study_for_Zambia_Youth_2023.pdf,afdb,Zambia - MIC TAF Grant – Feasibility Study for Zambia Youth in Agribusiness (Enable Youth) and Agricultural Commodity Corridors Program - Project Completion Report,2023,P-ZM-AA0-026,,https://www.afdb.org/en/documents/zambia-mic-taf-grant-feasibility-study-zambia-youth-agribusiness-enable-youth-and-agricultural-commodity-corridors-program-project-completion-report,afdb:titleslug
afdb_PCR_Zambia_-_MIC_TAF_Grant_Luswishi_Farm_Block_-_Project_Complet_2022.pdf,afdb,Zambia - MIC TAF Grant Luswishi Farm Block - Project Completion Report,2022,P-ZM-AA0-025,,https://www.afdb.org/en/documents/zambia-mic-taf-grant-luswishi-farm-block-project-completion-report,afdb:titleslug
afdb_PCR_Zambia_-_Trade_and_Institutional_Capacity_Building_in_the_Ap_2020.pdf,afdb,Zambia - Trade and Institutional Capacity Building in the Apiculture Sector (TICBAS) - Project Completion Report,2020,,,https://www.afdb.org/en/documents/zambia-trade-and-institutional-capacity-building-apiculture-sector-ticbas-project-completion-report,afdb:titleslug
afdb_PCR_Zambia_-_Upscali_Feasibility_Study_for_Upscaling_Smallholder_2023.pdf,afdb,Zambia - Upscali Feasibility Study for Upscaling Smallholder Irrigation Systems for Climate Change Adaptationng Smallholder Irrigation Project - Project Completion Report,2023,P-ZM-AAC-007,,https://www.afdb.org/en/documents/zambia-upscali-feasibility-study-upscaling-smallholder-irrigation-systems-climate-change-adaptationng-smallholder-irrigation-project-project-completion-report,afdb:titleslug
afdb_PCR_Zambie_-_Renforcement_des_capacites_commerciales_et_institut_2020.pdf,afdb,Zambie - Renforcement des capacités commerciales et institutionnelles dans le secteur de l’apiculture (TICBAS) - Rapport d’achèvement de Projet,2020,,,https://www.afdb.org/en/documents/zambie-renforcement-des-capacites-commerciales-et-institutionnelles-dans-le-secteur-de-lapiculture-ticbas-rapport-dachevement-de-projet,afdb:titleslug
afdb_PCR_Zimbabwe_-_Innovative_Solutions_to_support_livelihood_of_Vul_2023.pdf,afdb,Zimbabwe - Innovative Solutions to support livelihood of Vulnerable Communities project (ISV-COM) – Project Completion Report,2023,P-ZW-K00-006,,https://www.afdb.org/en/documents/zimbabwe-innovative-solutions-support-livelihood-vulnerable-communities-project-isv-com-project-completion-report,afdb:titleslug
afdb_PCR_Zimbabwe_-_Integrated_Urban_Water_Management_-_Project_Compl_2022.pdf,afdb,Zimbabwe - Integrated Urban Water Management - Project Completion Report,2022,P-ZW-EAZ-002,,https://www.afdb.org/en/documents/zimbabwe-integrated-urban-water-management-project-completion-report,afdb:titleslug
afdb_PCR_Zimbabwe_-_Support_to_the_Beef_and_Leather_Value_Chain_Proje_2023.pdf,afdb,Zimbabwe - Support to the Beef and Leather Value Chain Project - Project Completion report,2023,P-ZW-AAG-001,,https://www.afdb.org/en/documents/zimbabwe-support-beef-and-leather-value-chain-project-project-completion-report,afdb:titleslug
afdb_PCR_Zimbabwe_-_ZIMFUND_EPIRP_consolidation_works_-_Project_Compl_2023.pdf,afdb,Zimbabwe - ZIMFUND EPIRP consolidation works - Project Completion Report,2023,P-ZW-FA0-018,,https://www.afdb.org/en/documents/zimbabwe-zimfund-epirp-consolidation-works-project-completion-report,afdb:titleslug
afdb_PPER_Tunisia_-_Ghezala-Mateur_Mixed_Agricultural_Development_Proj_2015.pdf,afdb,Tunisia - Ghezala-Mateur Mixed Agricultural Development Project - PPER,2015,,,https://www.afdb.org/en/documents/document/tunisia-ghezala-mateur-mixed-agricultural-development-project-pper-9487,afdb:titleslug
af_002MMUCR_Completion_report_2011.pdf,af,Climate Change Adaptation Programme in the Coastal Zone of Mauritius — Project completion report,2011,002MMUCR,,https://climateprojectexplorer.org/document/climate-change-adaptation-programme-in-the-coastal-zone-of-mauritius_b5c9,af:code+type
af_002MMUCR_Final_evaluation_2011.pdf,af,Climate Change Adaptation Programme in the Coastal Zone of Mauritius — Final evaluation report,2011,002MMUCR,,https://climateprojectexplorer.org/document/climate-change-adaptation-programme-in-the-coastal-zone-of-mauritius_b5c9,af:code+type
af_002MMUCR_Mid-term_evaluation_2011.pdf,af,Climate Change Adaptation Programme in the Coastal Zone of Mauritius — Mid-term evaluation report,2011,002MMUCR,,https://climateprojectexplorer.org/document/climate-change-adaptation-programme-in-the-coastal-zone-of-mauritius_b5c9,af:code+type
af_007NSNCR_Final_evaluation_2010.pdf,af,Adaptation to Coastal Erosion in Vulnerable Areas — Final evaluation report,2010,007NSNCR,,https://climateprojectexplorer.org/document/adaptation-to-coastal-erosion-in-vulnerable-areas_b002,af:code+type
af_007NSNCR_Mid-term_evaluation_2010.pdf,af,Adaptation to Coastal Erosion in Vulnerable Areas — Mid-term evaluation report,2010,007NSNCR,,https://climateprojectexplorer.org/document/adaptation-to-coastal-erosion-in-vulnerable-areas_b002,af:code+type
af_010MMGAR_Final_evaluation_2011.pdf,af,Promoting climate resilience in the rice sector through pilot investments in Alaotra-Mangoro region — Final evaluation report,2011,010MMGAR,,https://climateprojectexplorer.org/document/promoting-climate-resilience-in-the-rice-sector-through-pilot-investments-in-alaotra-mangoro-region_0c2a,af:code+type
af_017MERRR_Final_evaluation_2011.pdf,af,"Climate Change Adaptation Programme In Water and Agriculture In Anseba Region, Eritrea — Final evaluation report",2011,017MERRR,,https://climateprojectexplorer.org/document/climate-change-adaptation-programme-in-water-and-agriculture-in-anseba-region-eritrea_797d,af:code+type
af_017MERRR_Mid-term_evaluation_2011.pdf,af,"Climate Change Adaptation Programme In Water and Agriculture In Anseba Region, Eritrea — Mid-term evaluation report",2011,017MERRR,,https://climateprojectexplorer.org/document/climate-change-adaptation-programme-in-water-and-agriculture-in-anseba-region-eritrea_797d,af:code+type
af_025MTZCR_Final_evaluation_2011.pdf,af,Implementation Of Concrete Adaptation Measures To Reduce Vulnerability Of Livelihood and Economy Of Coastal Communities In Tanzania — Final evaluation report,2011,025MTZCR,,https://climateprojectexplorer.org/document/implementation-of-concrete-adaptation-measures-to-reduce-vulnerability-of-livelihood-and-economy-of-coastal-communities-in-tanzania_58ea,af:code+type
af_028MDJMR_Final_evaluation_2012.pdf,af,Developing Agro-Pastoral Shade Gardens as an Adaptation Strategy for Poor Rural Communities — Final evaluation report,2012,028MDJMR,,https://climateprojectexplorer.org/document/developing-agro-pastoral-shade-gardens-as-an-adaptation-strategy-for-poor-rural-communities_6da7,af:code+type
af_028MDJMR_Mid-term_evaluation_2012.pdf,af,Developing Agro-Pastoral Shade Gardens as an Adaptation Strategy for Poor Rural Communities — Mid-term evaluation report,2012,028MDJMR,,https://climateprojectexplorer.org/document/developing-agro-pastoral-shade-gardens-as-an-adaptation-strategy-for-poor-rural-communities_6da7,af:code+type
af_031MSCWR_Mid-term_evaluation_2012.pdf,af,Ecosystem Based Adaptation to Climate Change in Seychelles — Mid-term evaluation report,2012,031MSCWR,,https://climateprojectexplorer.org/document/ecosystem-based-adaptation-to-climate-change-in-seychelles_a094,af:code+type
af_033MMRFR_Completion_report_2012.pdf,af,Enhancing Resilience of Communities to the Adverse Effects of Climate Change on Food Security in Mauritania — Project completion report,2012,033MMRFR,,https://climateprojectexplorer.org/document/enhancing-resilience-of-communities-to-the-adverse-effects-of-climate-change-on-food-security-in-mauritania_a7ed,af:code+type
af_033MMRFR_Final_evaluation_2012.pdf,af,Enhancing Resilience of Communities to the Adverse Effects of Climate Change on Food Security in Mauritania — Final evaluation report,2012,033MMRFR,,https://climateprojectexplorer.org/document/enhancing-resilience-of-communities-to-the-adverse-effects-of-climate-change-on-food-security-in-mauritania_a7ed,af:code+type
af_035MMLFR_Final_evaluation_2015.pdf,af,Programme Support for Climate Change Adaptation in the vulnerable regions of Mopti and Timbouctou — Final evaluation report,2015,035MMLFR,,https://climateprojectexplorer.org/document/programme-support-for-climate-change-adaptation-in-the-vulnerable-regions-of-mopti-and-timbouctou_c622,af:code+type
af_046MGHWR_Final_evaluation_2015.pdf,af,Increased Resilience to Climate Change in Northern Ghana through the Management of Water Resources and Diversification of Livelihoods — Final evaluation report,2015,046MGHWR,,https://climateprojectexplorer.org/document/increased-resilience-to-climate-change-in-northern-ghana-through-the-management-of-water-resources-and-diversification-of-livelihoods_6d52,af:code+type
af_046MGHWR_Mid-term_evaluation_2015.pdf,af,Increased Resilience to Climate Change in Northern Ghana through the Management of Water Resources and Diversification of Livelihoods — Mid-term evaluation report,2015,046MGHWR,,https://climateprojectexplorer.org/document/increased-resilience-to-climate-change-in-northern-ghana-through-the-management-of-water-resources-and-diversification-of-livelihoods_6d52,af:code+type
af_056NRWRR_Completion_report_2013.pdf,af,Reducing Vulnerability to Climate Change in North West Rwanda through Community Based Adaptation — Project completion report,2013,056NRWRR,,https://climateprojectexplorer.org/document/reducing-vulnerability-to-climate-change-in-north-west-rwanda-through-community-based-adaptation_0630,af:code+type
af_056NRWRR_Final_evaluation_2013.pdf,af,Reducing Vulnerability to Climate Change in North West Rwanda through Community Based Adaptation — Final evaluation report,2013,056NRWRR,,https://climateprojectexplorer.org/document/reducing-vulnerability-to-climate-change-in-north-west-rwanda-through-community-based-adaptation_0630,af:code+type
af_059NZAMR_Final_evaluation_2014.pdf,af,Taking adaptation to the ground: A small Grants Facility for enabling local-level responses to climate change — Final evaluation report,2014,059NZAMR,,https://climateprojectexplorer.org/document/taking-adaptation-to-the-ground-a-small-grants-facility-for-enabling-local-level-responses-to-climate-change_5ff3,af:code+type
af_059NZAMR_Mid-term_evaluation_2014.pdf,af,Taking adaptation to the ground: A small Grants Facility for enabling local-level responses to climate change — Mid-term evaluation report,2014,059NZAMR,,https://climateprojectexplorer.org/document/taking-adaptation-to-the-ground-a-small-grants-facility-for-enabling-local-level-responses-to-climate-change_5ff3,af:code+type
af_062MMAAR_Final_evaluation_2015.pdf,af,Climate changes adaptation project in oasis zones – PACC-ZO — Final evaluation report,2015,062MMAAR,,https://climateprojectexplorer.org/document/climate-changes-adaptation-project-in-oasis-zones-pacc-zo_a94f,af:code+type
af_062MMAAR_Mid-term_evaluation_2015.pdf,af,Climate changes adaptation project in oasis zones – PACC-ZO — Mid-term evaluation report,2015,062MMAAR,,https://climateprojectexplorer.org/document/climate-changes-adaptation-project-in-oasis-zones-pacc-zo_a94f,af:code+type
af_065NKENMR_Mid-term_evaluation_2014.pdf,af,Integrated Programme To Build Resilience To Climate Change & Adaptive Capacity Of Vulnerable Communities In Kenya — Mid-term evaluation report,2014,065NKENMR,,https://climateprojectexplorer.org/document/integrated-programme-to-build-resilience-to-climate-change-adaptive-capacity-of-vulnerable-communities-in-kenya_4239,af:code+type
af_AF00000095_Mid-term_evaluation_2016.pdf,af,Enhancing resilience of communities to climate change through catchment-based integrated management of water and related resources in Uganda — Mid-term evaluation report,2016,AF00000095,,https://climateprojectexplorer.org/document/enhancing-resilience-of-communities-to-climate-change-through-catchment-based-integrated-management-of-water-and-related-resources-in-uganda_d36a,af:code+type
af_AF00000109_Mid-term_evaluation_2019.pdf,af,"Building urban climate resilience in south-eastern Africa (Madagascar, Malawi, Mozambique, Union of Comoros) — Mid-term evaluation report",2019,AF00000109,,https://climateprojectexplorer.org/document/building-urban-climate-resilience-in-south-eastern-africa-madagascar-malawi-mozambique-union-of-comoros_adda,af:code+type
af_AF00000110_Final_evaluation_2017.pdf,af,Climate Smart Integrated Rural Development Project — Final evaluation report,2017,AF00000110,,https://climateprojectexplorer.org/document/climate-smart-integrated-rural-development-project_e3bf,af:code+type
af_AF00000122_Mid-term_evaluation_2018.pdf,af,"Integrating Flood and Drought Management and Early Warning for Climate Change Adaptation in the Volta Basin (Benin, Burkina Faso, Côte d’Ivoire, Ghana, Mali, Togo) — Mid-term evaluation report",2018,AF00000122,,https://climateprojectexplorer.org/document/integrating-flood-and-drought-management-and-early-warning-for-climate-change-adaptation-in-the-volta-basin-benin-burkina-faso-cote-divoire-ghana-mali-togo_2f53,af:code+type
af_AF00000125_Mid-term_evaluation_2019.pdf,af,Improving adaptive capacity of vulnerable and food-insecure populations in Lesotho — Mid-term evaluation report,2019,AF00000125,,https://climateprojectexplorer.org/document/improving-adaptive-capacity-of-vulnerable-and-food-insecure-populations-in-lesotho_0deb,af:code+type
af_AF00000160_Mid-term_evaluation_2019.pdf,af,Adapting to Climate Change Through Integrated Risk Management Strategies and Enhanced Market Opportunities for Resilient Food Security and Livelihoods — Mid-term evaluation report,2019,AF00000160,,https://climateprojectexplorer.org/document/adapting-to-climate-change-through-integrated-risk-management-strategies-and-enhanced-market-opportunities-for-resilient-food-security-and-livelihoods_04b9,af:code+type
af_AFRDG00001_Completion_report_2016.pdf,af,Technical Assistance Grant for ESP — Project completion report,2016,AFRDG00001,,https://climateprojectexplorer.org/document/technical-assistance-grant-for-esp_920f,af:code+type
af_AFRDG00019_Completion_report_2016.pdf,af,South-South Cooperation Grant (SSC) — Project completion report,2016,AFRDG00019,,https://climateprojectexplorer.org/document/south-south-cooperation-grant-ssc_e128,af:code+type
af_AFRDG00021_Completion_report_2016.pdf,af,South-South Cooperation Grant (SSC) — Project completion report,2016,AFRDG00021,,https://climateprojectexplorer.org/document/south-south-cooperation-grant-ssc_c67a,af:code+type
af_AFRDG00023_Completion_report_2016.pdf,af,South-South Cooperation Grant (SSC) — Project completion report,2016,AFRDG00023,,https://climateprojectexplorer.org/document/south-south-cooperation-grant-ssc_241f,af:code+type
af_AFRDG00024_Completion_report_2016.pdf,af,South-South Cooperation Grant (SSC) — Project completion report,2016,AFRDG00024,,https://climateprojectexplorer.org/document/south-south-cooperation-grant-ssc_a68c,af:code+type
cif_act-investment-program-evaluation-and-learning-toolkit_.pdf,cif,ACT Investment Program Evaluation and Learning Toolkit,,,,https://www.cif.org/knowledge-documents/act-investment-program-evaluation-and-learning-toolkit,cif:slug
cif_action-plan-response-independent-evaluation-cif_.pdf,cif,Action Plan in Response to the Independent Evaluation of the CIF,,,,https://www.cif.org/documents/action-plan-response-independent-evaluation-cif,cif:slug
cif_appproved-decision-independent-evaluation-cif_.pdf,cif,Appproved Decision on the Independent Evaluation of the CIF,,,,https://www.cif.org/documents/appproved-decision-independent-evaluation-cif,cif:slug
cif_approach-paper-independent-evaluation-climate-investment-funds_.pdf,cif,Approach Paper for the Independent Evaluation of the Climate Investment Funds,,,,https://www.cif.org/documents/approach-paper-independent-evaluation-climate-investment-funds,cif:slug
cif_building-monitoring-and-evaluation-framework-climate-change-mozambique_.pdf,cif,Building a Monitoring and Evaluation Framework for Climate Change in Mozambique,,,,https://www.cif.org/documents/building-monitoring-and-evaluation-framework-climate-change-mozambique,cif:slug
cif_cif-evaluation-and-learning-initiative_.pdf,cif,CIF Evaluation and Learning Initiative,,,,https://www.cif.org/knowledge-documents/cif-evaluation-and-learning-initiative,cif:slug-first
cif_climate-investment-funds-lessons-learned-private-sector-interventions-through-mdb-0_.pdf,cif,Climate Investment Funds: Lessons Learned from Private Sector Interventions through MDB Intermediaries,,,,https://www.cif.org/index.php/documents/climate-investment-funds-lessons-learned-private-sector-interventions-through-mdb-0,cif:slug
cif_climate-investment-funds-lessons-learned-private-sector-interventions-through-mdb_.pdf,cif,Climate Investment Funds: Lessons Learned from Private Sector Interventions through MDB Intermediaries,,,,https://www.cif.org/index.php/documents/climate-investment-funds-lessons-learned-private-sector-interventions-through-mdb,cif:slug-first
cif_concept-evaluation-criteria-srep-set-aside_.pdf,cif,Concept Evaluation Criteria for SREP Set Aside,,,,https://www.cif.org/documents/concept-evaluation-criteria-srep-set-aside,cif:slug
cif_ctf-impact-assessment-report-renewable-energy-and-energy-efficiency-turkiye_.pdf,cif,CTF Impact Assessment Report in Renewable Energy and Energy Efficiency in Türkiye,,,,https://www.cif.org/knowledge-documents/ctf-impact-assessment-report-renewable-energy-and-energy-efficiency-turkiye,cif:slug
cif_ctf-monitoring-and-evaluation-preliminary-guidance-note_.pdf,cif,CTF Monitoring and Evaluation Preliminary Guidance Note,,,,https://www.cif.org/index.php/documents/ctf-monitoring-and-evaluation-preliminary-guidance-note,cif:slug
cif_developmental-evaluation_.pdf,cif,Developmental Evaluation,,,,https://www.cif.org/knowledge-documents/developmental-evaluation,cif:slug
cif_draft-response-independent-evaluation-climate-investment-funds_.pdf,cif,Draft Response to the Independent Evaluation of the Climate Investment Funds,,,,https://www.cif.org/documents/draft-response-independent-evaluation-climate-investment-funds,cif:slug
cif_evaluation-and-learning-initiative-overview_.pdf,cif,Evaluation and Learning Initiative Overview,,,,https://www.cif.org/knowledge-documents/evaluation-and-learning-initiative-overview,cif:slug
cif_evaluation-and-learning-partnership-financing-forest-related-enterprises_.pdf,cif,Evaluation and Learning Partnership on financing forest-related enterprises: Learning from the Forest Investment Program and other initiatives,,,,https://www.cif.org/knowledge-documents/evaluation-and-learning-partnership-financing-forest-related-enterprises,cif:slug
cif_evaluation-climate-investment-funds-programmatic-approach-final-report-and_.pdf,cif,Evaluation of the Climate Investment Funds' Programmatic Approach: Final Report and Management Response,,,,https://www.cif.org/knowledge-documents/evaluation-climate-investment-funds-programmatic-approach-final-report-and,cif:slug
cif_evaluation-climate-investment-funds-programmatic-approach-summary-document_.pdf,cif,Evaluation of the Climate Investment Funds’ Programmatic Approach Summary Document,,,,https://www.cif.org/knowledge-documents/evaluation-climate-investment-funds-programmatic-approach-summary-document,cif:slug
cif_evaluation-development-impacts-cifs-investments-case-studies_.pdf,cif,Evaluation of the Development Impacts from CIF’s Investments: Case Studies,,,,https://www.cif.org/knowledge-documents/evaluation-development-impacts-cifs-investments-case-studies,cif:slug
cif_evaluation-development-impacts-cifs-investments-summary-brief_.pdf,cif,Evaluation of the Development Impacts from CIF’s Investments: Summary Brief,,,,https://www.cif.org/knowledge-documents/evaluation-development-impacts-cifs-investments-summary-brief,cif:slug
cif_evaluation-development-impacts-cifs-investments_.pdf,cif,Evaluation of the Development Impacts from CIF’s Investments,,,,https://www.cif.org/knowledge-documents/evaluation-development-impacts-cifs-investments,cif:slug-first
cif_evaluation-scaling-renewable-energy-program-low-income-countries_.pdf,cif,Evaluation of the Scaling up Renewable Energy Program in Low-income Countries,,,,https://www.cif.org/knowledge-documents/evaluation-scaling-renewable-energy-program-low-income-countries,cif:slug-first
cif_evaluation-transformational-change-climate-investment-funds-annexes_.pdf,cif,Evaluation of Transformational Change in the Climate Investment Funds Annexes,,,,https://www.cif.org/knowledge-documents/evaluation-transformational-change-climate-investment-funds-annexes,cif:slug
cif_evaluation-transformational-change-climate-investment-funds_.pdf,cif,Evaluation of Transformational Change in the Climate Investment Funds Annexes,,,,https://www.cif.org/knowledge-documents/evaluation-transformational-change-climate-investment-funds-annexes,cif:slug-first
cif_fip-burkina-faso-monitoring-and-evaluation-report-2015-french_2015.pdf,cif,FIP Burkina Faso - Monitoring and Evaluation Report 2015 (French),2015,,,https://www.cif.org/documents/fip-burkina-faso-monitoring-and-evaluation-report-2015-french,cif:slug
cif_fip-burkina-faso-monitoring-and-evaluation-report-2015-methodological-annex-french_2015.pdf,cif,FIP Burkina Faso - Monitoring and Evaluation Report 2015 Methodological Annex (French),2015,,,https://www.cif.org/documents/fip-burkina-faso-monitoring-and-evaluation-report-2015-methodological-annex-french,cif:slug
cif_fip-burkina-faso-monitoring-and-evaluation-report-2016_2016.pdf,cif,FIP Burkina Faso - Monitoring and Evaluation Report 2016,2016,,,https://www.cif.org/documents/fip-burkina-faso-monitoring-and-evaluation-report-2016,cif:slug
cif_fip-drc-monitoring-and-evaluation-report-2016_2016.pdf,cif,FIP DRC - Monitoring and Evaluation Report 2016,2016,,,https://www.cif.org/documents/fip-drc-monitoring-and-evaluation-report-2016,cif:slug
cif_fip-ghana-monitoring-and-evaluation-report-2015_2015.pdf,cif,FIP Ghana - Monitoring and Evaluation Report 2015,2015,,,https://www.cif.org/documents/fip-ghana-monitoring-and-evaluation-report-2015,cif:slug
cif_fip-ghana-monitoring-and-evaluation-report-2016_2016.pdf,cif,FIP Ghana - Monitoring and Evaluation Report 2016,2016,,,https://www.cif.org/documents/fip-ghana-monitoring-and-evaluation-report-2016,cif:slug
cif_fip-monitoring-and-evaluation-guidelines-mdb-country-teams_.pdf,cif,FIP Monitoring and Evaluation Guidelines for MDB Country Teams,,,,https://www.cif.org/index.php/documents/fip-monitoring-and-evaluation-guidelines-mdb-country-teams,cif:slug
cif_formative-evaluation_.pdf,cif,Formative Evaluation,,,,https://www.cif.org/knowledge-documents/formative-evaluation,cif:slug
cif_governance-and-operational-review-completion-phase-one-suggested-approach-phase-two_2024.pdf,cif,"Governance and Operational Review Completion of Phase One, Suggested Approach for Phase Two",2024,,,https://www.cif.org/index.php/documents/governance-and-operational-review-completion-phase-one-suggested-approach-phase-two,cif:slug
cif_impact-evaluation_.pdf,cif,Impact Evaluation,,,,https://www.cif.org/knowledge-documents/impact-evaluation,cif:slug
cif_independent-evaluation-climate-investment-fund_.pdf,cif,Independent Evaluation of the Climate Investment Fund,,,,https://www.cif.org/documents/independent-evaluation-climate-investment-fund,cif:slug-first
cif_independent-evaluation-climate-investment-funds-0_.pdf,cif,Independent Evaluation of the Climate Investment Funds,,,,https://www.cif.org/documents/independent-evaluation-climate-investment-funds-0,cif:slug
cif_independent-evaluation-climate-investment-funds-annexes_.pdf,cif,Independent Evaluation of the Climate Investment Funds: Annexes,,,,https://www.cif.org/documents/independent-evaluation-climate-investment-funds-annexes,cif:slug
cif_independent-evaluation-climate-investment-funds_.pdf,cif,Draft Response to the Independent Evaluation of the Climate Investment Funds,,,,https://www.cif.org/documents/draft-response-independent-evaluation-climate-investment-funds,cif:slug-first
cif_industry-decarbonization-program-evaluation-and-learning-toolkit_.pdf,cif,Industry Decarbonization Program Evaluation and Learning Toolkit,,,,https://www.cif.org/knowledge-documents/industry-decarbonization-program-evaluation-and-learning-toolkit,cif:slug
cif_insights-mixed-methods-evaluation-development-impacts-through-cif-investments_.pdf,cif,Insights from the Mixed Methods Evaluation of Development Impacts through CIF Investments,,,,https://www.cif.org/index.php/documents/insights-mixed-methods-evaluation-development-impacts-through-cif-investments,cif:slug
cif_interim-evaluation-report-comments-cif-administrative-unit-and-mdbs_.pdf,cif,Interim Evaluation Report: Comments from the CIF Administrative Unit and the MDBs,,,,https://www.cif.org/documents/interim-evaluation-report-comments-cif-administrative-unit-and-mdbs,cif:slug
cif_learning-review-cif-supported-hydromet-and-climate-services-projects_.pdf,cif,Learning Review of CIF supported Hydromet and Climate Services Projects,,,,https://www.cif.org/knowledge-documents/learning-review-cif-supported-hydromet-and-climate-services-projects,cif:slug
cif_learning-review-dedicated-grant-mechanism-dgm-indigenous-peoples-and-local_.pdf,cif,A Learning Review of the Dedicated Grant Mechanism (DGM) for Indigenous Peoples and Local Communities in the Forest Investment Program (FIP) of the Climate Investment Funds (CIF),,,,https://www.cif.org/knowledge-documents/learning-review-dedicated-grant-mechanism-dgm-indigenous-peoples-and-local,cif:slug
cif_learning-review-dedicated-grant-mechanism-indigenous-peoples-and-local_.pdf,cif,Learning Review of Dedicated Grant Mechanism for Indigenous Peoples and Local Communities- Summary Document,,,,https://www.cif.org/knowledge-documents/learning-review-dedicated-grant-mechanism-indigenous-peoples-and-local,cif:slug
cif_local-stakeholder-engagement-climate-investment-funds-evaluation-brief_.pdf,cif,Local Stakeholder Engagement in the Climate Investment Funds: Evaluation Brief,,,,https://www.cif.org/knowledge-documents/local-stakeholder-engagement-climate-investment-funds-evaluation-brief,cif:slug
cif_local-stakeholder-engagement-climate-investment-funds-evaluation-report_.pdf,cif,Local Stakeholder Engagement in the Climate Investment Funds: Evaluation Report,,,,https://www.cif.org/knowledge-documents/local-stakeholder-engagement-climate-investment-funds-evaluation-report,cif:slug
cif_midterm-evaluation-forest-investment-program-fip_2024.pdf,cif,Midterm Evaluation of the Forest Investment Program (FIP),2024,,,https://www.cif.org/index.php/documents/midterm-evaluation-forest-investment-program-fip,cif:slug
cif_midterm-evaluation-forest-investment-program_.pdf,cif,Midterm Evaluation of the Forest Investment Program (FIP),2024,,,https://www.cif.org/index.php/documents/midterm-evaluation-forest-investment-program-fip,cif:slug-first
cif_mozambique-national-climate-change-monitoring-and-evaluation-system_.pdf,cif,Mozambique National Climate Change Monitoring and Evaluation System,,,,https://www.cif.org/documents/mozambique-national-climate-change-monitoring-and-evaluation-system,cif:slug
cif_note-independent-evaluation-cif_.pdf,cif,Note on the Independent Evaluation of the CIF,,,,https://www.cif.org/index.php/documents/note-independent-evaluation-cif,cif:slug
cif_npc-investment-program-evaluation-and-learning-toolkit_.pdf,cif,NPC Investment Program Evaluation and Learning Toolkit,,,,https://www.cif.org/knowledge-documents/npc-investment-program-evaluation-and-learning-toolkit,cif:slug
cif_outcome-evaluation_.pdf,cif,Outcome Evaluation,,,,https://www.cif.org/knowledge-documents/outcome-evaluation,cif:slug
cif_overview-cif-evaluation-and-learning-initiative_.pdf,cif,Overview of CIF Evaluation and Learning Initiative,,,,https://www.cif.org/knowledge-documents/overview-cif-evaluation-and-learning-initiative,cif:slug
cif_ppcr-evaluation-report_2025.pdf,cif,PPCR Evaluation Report,2025,,,https://www.cif.org/index.php/documents/ppcr-evaluation-report,cif:slug
cif_ppcr-monitoring-and-evaluation-guidelines-mdb-country-teams_.pdf,cif,PPCR Monitoring and Evaluation Guidelines for MDB Country Teams,,,,https://www.cif.org/index.php/documents/ppcr-monitoring-and-evaluation-guidelines-mdb-country-teams,cif:slug
cif_progress-report-study-lessons-learned-cif-design-process-and-early-implementation_.pdf,cif,Progress Report on Study on Lessons Learned from the CIF Design Process and Early Implementation,,,,https://www.cif.org/index.php/documents/progress-report-study-lessons-learned-cif-design-process-and-early-implementation,cif:slug
cif_proposal-launch-independent-evaluation-clean-technology-fund-and-strategic-climate-fund_.pdf,cif,Proposal for Launch of Independent Evaluation of the Clean Technology Fund and the Strategic Climate fund,,,,https://www.cif.org/index.php/documents/proposal-launch-independent-evaluation-clean-technology-fund-and-strategic-climate-fund,cif:slug
cif_proposal-modalities-and-incentives-include-broad-range-evaluative-approaches-cif_.pdf,cif,Proposal for Modalities and Incentives to include a Broad Range of Evaluative Approaches in the CIF,2013,,,https://www.cif.org/documents/proposal-modalities-and-incentives-include-broad-range-evaluative-approaches-cif-0,cif:slug-first
cif_rei-investment-program-evaluation-and-learning-toolkit_.pdf,cif,REI Investment Program Evaluation and Learning Toolkit,,,,https://www.cif.org/knowledge-documents/rei-investment-program-evaluation-and-learning-toolkit,cif:slug
cif_report-independent-evaluation-offices-mdbs-inclusion-cif-funded-projects-within-their_.pdf,cif,Report from independent evaluation offices of the MDBs on inclusion of CIF-funded projects within their regular evaluation programs,,,,https://www.cif.org/documents/report-independent-evaluation-offices-mdbs-inclusion-cif-funded-projects-within-their,cif:slug
cif_reporting-independent-evaluation_.pdf,cif,Reporting from the Independent Evaluation,,,,https://www.cif.org/documents/reporting-independent-evaluation,cif:slug
cif_request-launch-independent-evaluation-climate-investment-funds_.pdf,cif,Request for launch of independent evaluation of the Climate Investment Funds,,,,https://www.cif.org/index.php/documents/request-launch-independent-evaluation-climate-investment-funds,cif:slug
cif_review-proposed-independent-evaluation-cif-request-budget-and-approach-paper-and-decision_.pdf,cif,"Review of Proposed Independent Evaluation of the CIF, Request for Budget and Approach Paper, and Decision of Conditions for Guaranteeing the Independence of the Evaluation",,,,https://www.cif.org/index.php/documents/review-proposed-independent-evaluation-cif-request-budget-and-approach-paper-and-decision,cif:slug
cif_role-public-finance-csp-lessons-learned-annexes_.pdf,cif,The Role of Public Finance in CSP: Lessons Learned (Annexes),,,,https://www.cif.org/knowledge-documents/role-public-finance-csp-lessons-learned-annexes,cif:slug
cif_role-public-finance-csp-lessons-learned-full-report_.pdf,cif,The Role of Public Finance in CSP: Lessons Learned (Full Report),,,,https://www.cif.org/knowledge-documents/role-public-finance-csp-lessons-learned-full-report,cif:slug
cif_signals-transformational-change-insights-evaluation-transformational-change-cif_.pdf,cif,Signals of Transformational Change: Insights from the Evaluation of Transformational Change in the CIF,,,,https://www.cif.org/knowledge-documents/signals-transformational-change-insights-evaluation-transformational-change-cif,cif:slug
cif_srep-madagascar-scoping-mission-june-8-112015-completion-report-french_2015.pdf,cif,"SREP Madagascar Scoping Mission -June 8-11,2015 -Completion Report-French",2015,,,https://www.cif.org/documents/srep-madagascar-scoping-mission-june-8-112015-completion-report-french,cif:slug
cif_srep-monitoring-and-evaluation-preliminary-guidance-note-country-teams_.pdf,cif,SREP Monitoring and Evaluation Preliminary Guidance Note for Country Teams,,,,https://www.cif.org/index.php/documents/srep-monitoring-and-evaluation-preliminary-guidance-note-country-teams,cif:slug
cif_summary-brief-learning-review-cif-supported-hydromet-and-climate-services_.pdf,cif,Summary brief for Learning Review of CIF supported Hydromet and Climate Services Projects,,,,https://www.cif.org/knowledge-documents/summary-brief-learning-review-cif-supported-hydromet-and-climate-services,cif:slug
cif_transforming-forest-management-six-lessons-practitioners-independent-evaluation_.pdf,cif,Transforming Forest Management: Six Lessons for Practitioners from an Independent Evaluation of CIF’s Forest Investment Program (FIP),,,,https://www.cif.org/knowledge-documents/transforming-forest-management-six-lessons-practitioners-independent-evaluation,cif:slug
cif_use-evaluative-approaches-cif-activities_.pdf,cif,Use of evaluative approaches in CIF activities,,,,https://www.cif.org/documents/use-evaluative-approaches-cif-activities,cif:slug
cif_zambia-joint-mdb-scoping-mission-april-8-10-2015-completion-report_2015.pdf,cif,"Zambia - Joint MDB Scoping Mission - April 8-10, 2015 -Completion Report",2015,,,https://www.cif.org/documents/zambia-joint-mdb-scoping-mission-april-8-10-2015-completion-report,cif:slug
cif_zambia-joint-mdb-scoping-mission-october-52015-completion-report_2015.pdf,cif,"Zambia - Joint MDB Scoping Mission - October 5,2015 -Completion Report",2015,,,https://www.cif.org/documents/zambia-joint-mdb-scoping-mission-october-52015-completion-report,cif:slug
