"field","options_fingerprint","key","choice","rules_version","first_seen"
"project_scale (geographic level of the project)","6-143903628","scope: country africa | locations: 26 partial (lists 15 of the counted countries): ""15 countries received support on their slwm country strategic investment framework (csif) including uganda, madagascar, ghana, gambia, mali, kenya, niger, senegal, drc, burkina faso, cote d’ivoire, nigeria, malawi, t","multinational","","2026-09-10"
"project_scale (geographic level of the project)","6-143903628","scope: ""burkina faso, burundi, eswatini, ethiopia, ghana, kenya, malawi, niger, nigeria, senegal, tanzania, uganda"" [page 18] | locations: 12 12 countries are named as receiving support: ""burkina faso, burundi, eswatini, ethiopia, ghana, kenya, malawi, niger, nigeria, senegal, tanzania, uganda"" [pag","multinational","","2026-09-10"
"project_scale (geographic level of the project)","6-143903628","scope: brazil, indonesia, liberia, paraguay | locations: 1 brazil, indonesia, liberia, paraguay","multinational","","2026-09-10"
"project_scale (geographic level of the project)","6-143903628","scope: ""cabo verde, côte d’ivoire, ecuador, indonesia, peru, senegal"" [page 17] | locations: 3 counted only the african countries from the list: ""cabo verde, côte d’ivoire, ecuador, indonesia, peru, senegal"" [page 17]","multinational","","2026-09-10"
"project_scale (geographic level of the project)","6-143903628","scope: evaluation of niassa food and livelihood security programme in mozambique 1. association survey questionnaire - an inquiry into the specific situation of primary level associations - niassa province – southern zone ""a survey questionnaire implemented with 28 associations in five districts in ","sub-national","","2026-09-10"
"project_scale (geographic level of the project)","6-143903628","scope: ""the project’s goal is to strengthen food security in four countries of the lake chad basin area, namely cameroon, niger, nigeria and chad."" [page 8] | locations: 20 20 pilot villages are named as receiving support: ""research and development was conducted in 20 pilot villages, at the rate of ","multinational","","2026-09-10"
"project_scale (geographic level of the project)","6-143903628","scope: in total, four fgds were conducted, engaging 33 smallholder farmers from the rwamagana and ngoma districts, selected to reflect the diverse geographical and socio-economic contexts within the kohunya and imberutso za karembo cooperatives. | locations: 4 counted four locations at district/coop","sub-national","","2026-09-10"
"project_scale (geographic level of the project)","6-143903628","scope: the study’s geographical scope was nationwide, with specific emphasis on regions where acre rwanda has the highest farmer uptake of insurance products, including the northern, southern, eastern, and western provinces, and kigali city. | locations: 5 ""the study’s geographical scope was nationw","national","","2026-09-10"
"project_scale (geographic level of the project)","6-143903628","scope: ""this implementation completion and results report (icr) evaluates the south west indian ocean fisheries governance and shared growth project 1 (swiofish1) – a first in the swiofish series of operations (sop), with international development association (ida) credits and grants and global envi","multinational","","2026-09-10"
"project_scale (geographic level of the project)","6-143903628","scope: ""the participating sadc countries were malawi, mozambique and zambia, and the priority crops chosen were maize, rice, and legumes."" | locations: 3 ""the participating sadc countries were malawi, mozambique and zambia, and the priority crops chosen were maize, rice, and legumes.""","multinational","","2026-09-10"
"target_beneficiary_project (who the project targets)","24-115445661","there can be no doubt as to the high degree of relevance of the project for the achievement of the ultimate goal of sustaining the natural resource base to improve the livelihoods of the rural population of ssa.","community","","2026-09-10"
"target_beneficiary_project (who the project targets)","24-115445661","improving agricultural sustainability and productivity for smallholder farmers across sub-saharan africa","smallholder farmer","","2026-09-10"
"target_beneficiary_project (who the project targets)","24-115445661","in liberia, smallholder palm oil producers adopted more sustainable practices, while in paraguay’s chaco region, ranchers improved grazing and traceability. in indonesia, nearly 2,700 farmers were trained in sustainable intensification, with 89 percent adoption.","smallholder farmer","","2026-09-10"
"target_beneficiary_project (who the project targets)","24-115445661","bolstering small-scale coastal fisheries governance while securing environmental, social, and economic benefits for local communities","artisanal fisher","","2026-09-10"
"target_beneficiary_project (who the project targets)","24-115445661","total population - members in associations assisted by ogb in southern niassa = 6,324 (data from oxfam cuamba)","community","","2026-09-10"
"target_beneficiary_project (who the project targets)","24-115445661","7. beneficiary : 4 lcbc countries: cameroon, niger, nigeria and chad","community","","2026-09-10"
"target_beneficiary_project (who the project targets)","24-115445661","it aims to evaluate if the end user groups, particularly small-scale farmers, benefitted from the product education intervention and its subsequent activities.","smallholder farmer","","2026-09-10"
"target_beneficiary_project (who the project targets)","24-115445661","this initiative has taken a forward-thinking approach towards agricultural insurance, aiming to offer an invaluable safety net to smallholder farmers.","smallholder farmer","","2026-09-10"
"target_beneficiary_project (who the project targets)","24-115445661","(d) number of direct project beneficiaries (of whom % are females) - comoros (target: 10,000, 27%) - mozambique (target: 60,000, 10%) - tanzania (target: 65,000, 50%) - regional (target: 50, 30%)","community","","2026-09-10"
"target_beneficiary_project (who the project targets)","24-115445661","the primary beneficiaries of the appsa were farmers, livestock producers, and other potential end-users of the improved technology and knowledge generated and/or disseminated by the program.","producer","","2026-09-10"
"document_type","19-942938535","oxfam gb programme evaluation","CANDIDATE: programme evaluation","","2026-09-10"
"result_metric (what a project result counts)","27-87336763","an slwm knowledge platform at ssa level for knowledge support to country investments is up and running with full functionalities available","CANDIDATE: knowledge platform established","","2026-09-10"
"result_metric (what a project result counts)","27-87336763","4.7 million beneficiaries (111 percent of target)","total beneficiaries","","2026-09-10"
"result_metric (what a project result counts)","27-87336763","reaching 10,496 beneficiaries (175 percent of its target)","total beneficiaries","","2026-09-10"
"result_metric (what a project result counts)","27-87336763","""393 women improving their conditions""","women beneficiaries","","2026-09-10"
"result_metric (what a project result counts)","27-87336763","number associations land not legalized","CANDIDATE: associations number","","2026-09-10"
"result_metric (what a project result counts)","27-87336763","nearly ten thousand (10 000) farm managers (compared to one thousand envisaged at project start-up) were able to increase their yields of subsistence crops (millet, sorghum, cowpea).","crop producers","","2026-09-10"
"result_metric (what a project result counts)","27-87336763","with approximately 43% of farmers feeling confident and the rest expressing moderate confidence","CANDIDATE: farmer confidence","","2026-09-10"
"result_metric (what a project result counts)","27-87336763","participation of over 10,000 individuals in such programs.","total beneficiaries","","2026-09-10"
"result_metric (what a project result counts)","27-87336763","direct project beneficiaries","direct beneficiaries","","2026-09-10"
"result_unit","12-10592817","women","individuals","","2026-09-10"
"result_unit","12-10592817","associations","organizations","","2026-09-10"
"result_unit","12-10592817","farm managers","individuals","","2026-09-10"
"result_metric (what a project result counts)","27-87336763","countries supported in their slm country investment framework development, implementation, or update","CANDIDATE: countries supported","","2026-09-10"
"result_metric (what a project result counts)","27-87336763","47 percent of beneficiaries were women","women beneficiaries","","2026-09-10"
"result_metric (what a project result counts)","27-87336763","reaching 22,526 beneficiaries (66 percent of target)","total beneficiaries","","2026-09-10"
"result_metric (what a project result counts)","27-87336763","""the unicas in tumbes have increased from 12 to 17""","producer organizations","","2026-09-10"
"result_metric (what a project result counts)","27-87336763","percent","CANDIDATE: percentage","","2026-09-10"
"result_metric (what a project result counts)","27-87336763","almost 500 farmer field school days ... were organized each year (2003 and 2004)","CANDIDATE: Farmer Field School days","","2026-09-10"
"result_metric (what a project result counts)","27-87336763","all the farmers indicated that they would recommend the insurance services to their friends and neighbours","CANDIDATE: willingness to recommend","","2026-09-10"
"result_metric (what a project result counts)","27-87336763","sold fewer than 5,000 policies to smallholder farmers since the program’s inception in 2019.","smallholder farmers reached","","2026-09-10"
"result_metric (what a project result counts)","27-87336763","female beneficiaries","women beneficiaries","","2026-09-10"
"result_unit","12-10592817","unicas","organizations","","2026-09-10"
"result_unit","12-10592817","farmer field school days","quantity","","2026-09-10"
"result_unit","12-10592817","policies","CANDIDATE: policies adopted","","2026-09-10"
"result_metric (what a project result counts)","27-87336763","new knowledge and advocacy products disseminated at country level","CANDIDATE: knowledge products disseminated","","2026-09-10"
"result_metric (what a project result counts)","27-87336763","terrestrial protected areas (57 thousand ha, 100 percent)","terrestrial protected areas","","2026-09-10"
"result_metric (what a project result counts)","27-87336763","land benefiting from improved natural resource management and practices for biodiversity","land under climate-smart practices","","2026-09-10"
"result_metric (what a project result counts)","27-87336763","""implementation of a primary processing plant for crab extracted from the sanctuary and shrimp produced in its buffer zone""","processors","","2026-09-10"
"result_metric (what a project result counts)","27-87336763","number associations association legally recognized","producer organizations","","2026-09-10"
"result_metric (what a project result counts)","27-87336763","600 visits to demonstration plots established in pilot farmers’ fields were organized each year (2003 and 2004)","smallholder farmers reached","","2026-09-10"
"result_metric (what a project result counts)","27-87336763","their companies sold over 20,001 policies during the same period.","CANDIDATE: insurance policies sold","","2026-09-10"
"result_metric (what a project result counts)","27-87336763","comoros (direct project beneficiaries)","direct beneficiaries","","2026-09-10"
"result_metric (what a project result counts)","27-87336763","direct beneficiaries - malawi","direct beneficiaries","","2026-09-10"
"result_unit","12-10592817","plant","quantity","","2026-09-10"
"result_unit","12-10592817","visits","quantity","","2026-09-10"
"funding_mechanism (financing instrument type)","6-398730849","instrument wording: funded by the swiss capacity building facility (scbf). | portion:","grant","","2026-09-10"
"actor_match","1-125171186","nepad planning and coordinating agency","CON14","","2026-09-10"
"actor_match","1-125171186","acre rwanda","CON26","","2026-09-10"
"actor_match","1-125171186","gef trust fund (get)","GLO28","","2026-09-10"
"actor_match","1-125171186","nepad","CON14","","2026-09-10"
"actor_match","1-125171186","institute of agricultural research for development - irad (cameroon)","CMR1","","2026-09-10"
"actor_match","1-125171186","rwanda agriculture board (rab)","RWA1","","2026-09-10"
"actor_match","1-125171186","chidetze agricultural research station","MWI2","","2026-09-10"
"actor_match","1-125171186","zambia agricultural research institute (zari)","ZAM7","","2026-09-10"
"subsector type","7-809569049","non-timber forest products and processing | established a shea processing facility (community processing)","agri-food","","2026-09-10"
"subsector type","7-809569049","agroforestry / restoration | integrated agroforestry seedlings distribution with nursery training","land use","","2026-09-10"
"subsector type","7-809569049","irrigation infrastructure / climate resilience | infrastructure improvements, notably for irrigation, to enhance climate resilience","farming system-crop","","2026-09-10"
"subsector type","7-809569049","sustainable agriculture / watershed measures | demonstration plots and sustainable practices including ridging, improved soil fertility management, water retention methods, intercropping","farming system-crop","","2026-09-10"
"subsector type","7-809569049","reducing deforestation in commodity supply chains | in liberia, smallholder palm oil producers adopted more sustainable practices","farming system-crop","","2026-09-10"
"subsector type","7-809569049","reducing deforestation in commodity supply chains | ggp support for the national oil palm platform (noppol) aligned partners around sustainability guidelines that followed the global roundtable on sustainable palm oil","agri-food","","2026-09-10"
"subsector type","7-809569049","bolstering small-scale coastal fisheries governance | cold chain and market access improvements in cabo verde","farming system-fish","","2026-09-10"
"subsector type","7-809569049","crop production; livestock; marketing | distribution of agricultural inputs (seeds, goats, fertilizers, pesticides, tools, motorized pumps)","farming system-mixed","","2026-09-10"
"subsector type","7-809569049","capacity building; extension | training & technical assistance (at) provided by oxfam","cross cutting","","2026-09-10"
"subsector type","7-809569049","organisational/legal | legalization status of primary associations (surveyed)","cross cutting","","2026-09-10"
"subsector type","7-809569049","production planning | existence of written annual production plans at associations (surveyed)","cross cutting","","2026-09-10"
"subsector type","7-809569049","marketing | group sales by associations (collective marketing)","agri-food","","2026-09-10"
"subsector type","7-809569049","marketing/contracts | associations having had contracts to produce for a buyer","agri-food","","2026-09-10"
"subsector type","7-809569049","marketing/contracts | buyer j.f.s - tobacco (contracts)","farming system-crop","","2026-09-10"
"subsector type","7-809569049","marketing/contracts | buyer m.l.t - tobacco (contracts)","farming system-crop","","2026-09-10"
"subsector type","7-809569049","marketing/contracts | buyer devolt - sunflower (contracts)","farming system-crop","","2026-09-10"
"subsector type","7-809569049","marketing/contracts | buyer ucasn - sesame (contracts)","farming system-crop","","2026-09-10"
"subsector type","7-809569049","marketing/contracts | buyer world relief - paprika (contracts)","farming system-crop","","2026-09-10"
"subsector type","7-809569049","training | training provided by ucasn or oxfam in business plan / business development","cross cutting","","2026-09-10"
"subsector type","7-809569049","training | training provided by ucasn or oxfam in marketing","cross cutting","","2026-09-10"
"subsector type","7-809569049","training/health | training provided by ucasn or oxfam in hiv/sida","cross cutting","","2026-09-10"
"subsector type","7-809569049","gender; governance | presence of women as elected leaders in associations (surveyed)","cross cutting","","2026-09-10"
"subsector type","7-809569049","finance | associations with an operations fund (association finance)","cross cutting","","2026-09-10"
"subsector type","7-809569049","banking/finance | associations with bank accounts (surveyed)","cross cutting","","2026-09-10"
"subsector type","7-809569049","microfinance; savings | xitique (mutual trust lending) practiced by mirreia ii association","cross cutting","","2026-09-10"
"subsector type","7-809569049","extension/technical assistance | evidence of a dynamic extension process at the association level","cross cutting","","2026-09-10"
"subsector type","7-809569049","extension/technical assistance | evidence of a dynamic extension process at the association level (maúa town)","cross cutting","","2026-09-10"
"subsector type","7-809569049","""training and information to enhance the ipm capacity"" | ""help to enhance the response capacity of the lcbc regional school in ngala (nigeria) by providing equipment, teaching materials and training courses on ipm techniques.""","farming system-crop","","2026-09-10"
"subsector type","7-809569049","""research/development to establish a technology transfer system based on the use of integrated pest management (ipm)"" | ""the coordination unit was able to ensure the full participation of agricultural research institutions ... irad in cameroon""","farming system-crop","","2026-09-10"
"subsector type","7-809569049","""research/development to establish a technology transfer system based on the use of integrated pest management (ipm)"" | ""the coordination unit was able to ensure the full participation of agricultural research institutions ... inran in niger""","farming system-crop","","2026-09-10"
"subsector type","7-809569049","""research/development to establish a technology transfer system based on the use of integrated pest management (ipm)"" | ""the coordination unit was able to ensure the full participation of agricultural research institutions ... itrad in chad""","farming system-crop","","2026-09-10"
"subsector type","7-809569049","""research/development to establish a technology transfer system based on the use of integrated pest management (ipm)"" | ""the coordination unit was able to ensure the full participation of agricultural research institutions ... the university of maiduguri in nigeria""","farming system-crop","","2026-09-10"
"subsector type","7-809569049","""farmer field school"" | ""the farmers of one of the pilot villages, -mandjafa in chad - raised the problem of full-scale implementation of ipm techniques in their fields.""","farming system-crop","","2026-09-10"
"subsector type","7-809569049","""use of neem-based botanical insecticides"" | ""the use of neem-based botanical insecticide (powder, aqueous extracts and oil) is now common among pilot farmers""","farming system-crop","","2026-09-10"
"subsector type","7-809569049","""use of neem-based botanical insecticides"" | ""in a sample of 13 villages visited, including three non-pilot villages, only the farmers of two pilot villages and one non-pilot village believe that neem is less effective""","farming system-crop","","2026-09-10"
"subsector type","7-809569049","financial education and insurance product upscaling interventions | financial education and insurance product upscaling interventions","cross cutting","","2026-09-10"
"subsector type","7-809569049","agricultural insurance | upscale existing products and launch financial literacy campaigns, thereby adopting a blended approach","cross cutting","","2026-09-10"
"subsector type","7-809569049","agricultural insurance | insurance products","cross cutting","","2026-09-10"
"subsector type","7-809569049","agricultural insurance | agricultural insurance programs","cross cutting","","2026-09-10"
"subsector type","7-809569049","value-chain development and private sector grants | matching grants scheme (mps) to support individual family applicants and commercial enterprises","agri-food","","2026-09-10"
"subsector type","7-809569049","post-harvest infrastructure (market) | construction of a fish market","farming system-fish","","2026-09-10"
"subsector type","7-809569049","extension services infrastructure | construction of extension agent house and office","cross cutting","","2026-09-10"
"subsector type","7-809569049","community finance (pcr) and ccps | establishment/revitalization of pcr associations and support to ccps","cross cutting","","2026-09-10"
"subsector type","7-809569049","community finance (pcr) and ccps | establishment/revitalization of pcr associations and support to ccps; ccps signing co-management agreements","cross cutting","","2026-09-10"
"subsector type","7-809569049","co-management (ccps) | support to ccps and signing of co-management agreements with districts","cross cutting","","2026-09-10"
"subsector type","7-809569049","pcr participation (district-level) | pcr associations established/revitalized in district","cross cutting","","2026-09-10"
"subsector type","7-809569049","community and institutional capacity building | training of government agencies’ staff and community members","cross cutting","","2026-09-10"
"subsector type","7-809569049","community activities (mozambique) | support to ccps and community meetings","cross cutting","","2026-09-10"
"subsector type","7-809569049","extension infrastructure (mozambique) | extension agent house and office constructed (see above)","cross cutting","","2026-09-10"
"subsector type","7-809569049","community activities (mozambique) | support to ccps and pcr participants in province","cross cutting","","2026-09-10"
"subsector type","7-809569049","vessel registration and licensing; mcs | vessel registration and licensing, inspections, vessel monitoring center and themis web ais system (dsfa), mcs investments and training","farming system-fish","","2026-09-10"
"subsector type","7-809569049","community-based co-management and cfma development | support to bmus, development of cfma management plans, training, joint patrols, and revenue/licensing fee collection training","farming system-fish","","2026-09-10"
"subsector type","7-809569049","community-based co-management and cfma development | support to bmus and cfma management plan development and training","farming system-fish","","2026-09-10"
"subsector type","7-809569049","co-management and livelihood support | support to bmus and alternative livelihood and vsl schemes","farming system-fish","","2026-09-10"
"subsector type","7-809569049","octopus management and seasonal closure | implementation of octopus seasonal closures as per octopus management plan","farming system-fish","","2026-09-10"
"subsector type","7-809569049","co-management and bmu support | support to bmus and co-management committees and patrols","farming system-fish","","2026-09-10"
"subsector type","7-809569049","prawn seasonal closure implementation | prawn seasonal closures implementation in line with prawn management plan","farming system-fish","","2026-09-10"
"subsector type","7-809569049","octopus seasonal closure implementation | implementation of octopus seasonal closure","farming system-fish","","2026-09-10"
"subsector type","7-809569049","bmu office infrastructure | construction of bmu office in dunda (mbarali district)","farming system-fish","","2026-09-10"
"subsector type","7-809569049","bmu office infrastructure | construction of bmu office in kipumbwi (pangani district)","farming system-fish","","2026-09-10"
"subsector type","7-809569049","bmu office infrastructure | construction of bmu office in saadani (pangani district)","farming system-fish","","2026-09-10"
"subsector type","7-809569049","bmu office infrastructure | construction of bmu office in sudi (lindi region)","farming system-fish","","2026-09-10"
"subsector type","7-809569049","bmu office infrastructure | construction of bmu office in zingibari (tanga region)","farming system-fish","","2026-09-10"
"subsector type","7-809569049","staff accommodation/infrastructure | staff accommodation constructed for park staff","land use","","2026-09-10"
"subsector type","7-809569049","cold chain infrastructure | supply and commissioning of cold rooms at malindi landing site","farming system-fish","","2026-09-10"
"subsector type","7-809569049","eez mcs infrastructure (boat ramp) | construction of dsfa boat ramp and slipway (fumba)","farming system-fish","","2026-09-10"
"subsector type","7-809569049","ranger surveillance post/field office | construction/refurbishment of ranger surveillance posts/field offices in unguja/pemba","land use","","2026-09-10"
"subsector type","7-809569049","ranger surveillance post/field office | construction/refurbishment of ranger surveillance posts/field offices","land use","","2026-09-10"
"subsector type","7-809569049","ranger surveillance post/field office | construction of new ranger surveillance post and field office in pungume island","land use","","2026-09-10"
"subsector type","7-809569049","ranger surveillance post/field office | refurbishment of ranger surveillance post/field office","land use","","2026-09-10"
"subsector type","7-809569049","ranger surveillance post/field office | construction/refurbishment of ranger surveillance posts/field offices in pemba","land use","","2026-09-10"
"subsector type","7-809569049","administration building refurbishment | refurbishment of mbef administration building (nyangumi house) with facilities and library/archive","land use","","2026-09-10"
"subsector type","7-809569049","bmu infrastructure (dunda) | construction of bmu office in dunda (see above)","farming system-fish","","2026-09-10"
"subsector type","7-809569049","marine conservation area management, mariculture and seaweed value chains | mcas general management plans developed; seaweed processing support including barges and training; octopus closures implemented; sea cucumber training","farming system-fish","","2026-09-10"
"subsector type","7-809569049","marine conservation area management, seaweed and sea cucumber value chains | mcas general management plans; sea cucumber pens and training; seaweed barges and training","farming system-fish","","2026-09-10"
"subsector type","7-809569049","research infrastructure | constructed an administration office and warehouse at bvumbwe","farming system-crop","","2026-09-10"
"subsector type","7-809569049","research infrastructure; irrigation | constructed a new administration office, conference room and library at kasinthula; rehabilitated irrigation infrastructure","farming system-crop","","2026-09-10"
"subsector type","7-809569049","irrigation/irrigation systems | one of three irrigation systems rehabilitated (chókwe, umbelúzi and ribaué)","farming system-crop","","2026-09-10"
"subsector type","7-809569049","soil laboratory/soil testing | rehabilitated soil laboratory at mt makulu research station","farming system-crop","","2026-09-10"
"subsector type","7-809569049","research site safety | fenced the reservoir and erected warning signs; community sensitization on risks","farming system-crop","","2026-09-10"
"subsector type","7-809569049","research station rehabilitation | minor rehabilitations at research stations including mt makulu","farming system-crop","","2026-09-10"
"subsector type","7-809569049","irrigation; laboratory | constructed irrigation system; rehabilitated soil laboratory; rehabilitated road to gravel standard","farming system-crop","","2026-09-10"
"subsector type","7-809569049","research station minor rehabilitations | minor rehabilitations at multiple research stations","farming system-crop","","2026-09-10"
"subsector type","7-809569049","research infrastructure; entomology lab; irrigation | rehabilitated offices, warehouse, threshing-floor and entomology laboratory; irrigation system rehabilitation (joint)","farming system-crop","","2026-09-10"
"subsector type","7-809569049","research infrastructure; entomology laboratory | rehabilitated 1 administrative block and 1 entomology laboratory at nampula","farming system-crop","","2026-09-10"
"subsector type","7-809569049","research infrastructure/housing | rehabilitated houses, outbuildings, warehouses and office buildings","farming system-crop","","2026-09-10"
"subsector type","7-809569049","research infrastructure/housing | rehabilitated 1 house at nametil","farming system-crop","","2026-09-10"
"subsector type","7-809569049","irrigation | one of three irrigation systems rehabilitated (chókwe, umbelúzi and ribaué)","farming system-crop","","2026-09-10"
"target_beneficiary","24-115445661","15 countries received support on their slwm country strategic investment framework (csif) including uganda, madagascar, ghana, gambia, mali, kenya, niger, senegal, drc, burkina faso, cote d’ivoire, nigeria, malawi, togo and lesotho.","CANDIDATE: national governments","","2026-09-10"
"target_beneficiary","24-115445661","5 week-long restoration opportunities assessment methodologies (roam) workshops held in cote d’ivoire, kenya, malawi, niger and uganda in 2017 and 2018 in partnership with iucn.","CANDIDATE: national government staff","","2026-09-10"
"target_beneficiary","24-115445661","country project and national program teams","CANDIDATE: national government staff","","2026-09-10"
"target_beneficiary","24-115445661","attended by 17 member countries","CANDIDATE: national governments","","2026-09-10"
"target_beneficiary","24-115445661","national stakeholders including csos, sectoral representatives, and donors","CANDIDATE: national stakeholders","","2026-09-10"
"target_beneficiary","24-115445661","countries supported through joint fact-finding and planning missions","CANDIDATE: national governments","","2026-09-10"
"target_beneficiary","24-115445661","ethiopia benefitted from dedicated ta trust funds","CANDIDATE: national governments","","2026-09-10"
"target_beneficiary","24-115445661","mozambique benefitted from dedicated ta trust funds","CANDIDATE: national governments","","2026-09-10"
"target_beneficiary","24-115445661","the secretariat was transferred later in 2009 to nepad’s secretariat, located near johannesburg, south africa","CANDIDATE: regional organization/secretariat","","2026-09-10"
"target_beneficiary","24-115445661","benefited over 63,500 individuals","community","","2026-09-10"
"target_beneficiary","24-115445661","15,106 beneficiaries reached","community","","2026-09-10"
"target_beneficiary","24-115445661","aligned partners around sustainability guidelines","CANDIDATE: partner organizations","","2026-09-10"
"target_beneficiary","24-115445661","""all 28 associations interviewed indicated that the key benefit of having an association was the opportunity to receive seeds, goats, and other inputs from ogb.""","producer organization","","2026-09-10"
"target_beneficiary","24-115445661","""only 43% of the groups interviewed stated that oxfam technicians provide training & technical assistance.""","farmer group","","2026-09-10"
"target_beneficiary","24-115445661","""number associations association legally recognized 1""","farmer association","","2026-09-10"
"target_beneficiary","24-115445661","""what are the processing activities? making traditional alcoholic drinks""","CANDIDATE: small-scale processors","","2026-09-10"
"target_beneficiary","24-115445661","""ikuro soybeans 2""","producer","","2026-09-10"
"target_beneficiary","24-115445661","""j.f.s tobacco 2""","producer","","2026-09-10"
"target_beneficiary","24-115445661","""m.l.t tobacco 3""","producer","","2026-09-10"
"target_beneficiary","24-115445661","""devolt sunflower 1""","producer","","2026-09-10"
"target_beneficiary","24-115445661","""ucasn sesame 1""","producer","","2026-09-10"
"target_beneficiary","24-115445661","""world relief paprika 1""","producer","","2026-09-10"
"target_beneficiary","24-115445661","""trainers and farmers who are the primary beneficiaries.""","smallholder farmer","","2026-09-10"
"target_beneficiary","24-115445661","small-scale farmers","smallholder farmer","","2026-09-10"
"target_beneficiary","24-115445661","farmers","smallholder farmer","","2026-09-10"
"target_beneficiary","24-115445661","2,104 of 3,000 vessels registered","artisanal fisher","","2026-09-10"
"target_beneficiary","24-115445661","a fisheries monitoring center was built, equipped, and made functional","artisanal fisher","","2026-09-10"
"target_beneficiary","24-115445661","756 vessels inspected","artisanal fisher","","2026-09-10"
"target_beneficiary","24-115445661","2,134 value-chain operators benefitting from training and equipment","agribusiness","","2026-09-10"
"target_beneficiary","24-115445661","management plans for demersal line fisheries, coastal shrimp, and deep-sea crustaceans implemented","artisanal fisher","","2026-09-10"
"target_beneficiary","24-115445661","695 land patrol days; 297 coastal patrol days","artisanal fisher","","2026-09-10"
"target_beneficiary","24-115445661","dashboard in place and made public with regularly updated data","community","","2026-09-10"
"target_beneficiary","24-115445661","1,217 recipients from mps (1,213 individual family applicants, 4 commercial enterprises)","household","","2026-09-10"
"target_beneficiary","24-115445661","3,449 pcr participants in nampula province","community","","2026-09-10"
"target_beneficiary","24-115445661","8,498 pcr participants in zambezia province","community","","2026-09-10"
"target_beneficiary","24-115445661","5,599 pcr participants in sofala province; 43 ccps achieved performance targets in sofala bank","community","","2026-09-10"
"target_beneficiary","24-115445661","43 ccps achieved performance targets (of 62 supported in sofala bank)","community","","2026-09-10"
"target_beneficiary","24-115445661","31,068 government staff trained (mozambique total)","CANDIDATE: government staff","","2026-09-10"
"target_beneficiary","24-115445661","tanzania: fisheries management plans (fmp) consulted, approved and implemented: 7","artisanal fisher","","2026-09-10"
"target_beneficiary","24-115445661","5,547 vessels licensed (58% of 9,563 registered) in mainland tanzania","artisanal fisher","","2026-09-10"
"target_beneficiary","24-115445661","42 percent non-licensed in mainland tanzania (4,016 of 9,563 vessels)","artisanal fisher","","2026-09-10"
"target_beneficiary","24-115445661","all 99 vfcs in three mcas achieved at least two performance targets","community","","2026-09-10"
"target_beneficiary","24-115445661","direct beneficiaries 2,338,654","community","","2026-09-10"
"target_beneficiary","24-115445661","direct beneficiaries 1,000,000","community","","2026-09-10"
"target_beneficiary","24-115445661","direct beneficiaries 1,274,292","community","","2026-09-10"
"target_beneficiary","24-115445661","farmers, livestock producers, and other potential end-users of the improved technology and knowledge generated and/or disseminated by the program","producer","","2026-09-10"
"target_beneficiary","24-115445661","rcol soil scientists and farmers (improved soil testing services)","smallholder farmer","","2026-09-10"
"target_beneficiary","24-115445661","farmers and research staff using post-harvest facilities","smallholder farmer","","2026-09-10"
"target_beneficiary","24-115445661","farmers receiving seed; lead farmers","smallholder farmer","","2026-09-10"
"target_beneficiary","24-115445661","farmers using drying equipment","smallholder farmer","","2026-09-10"
"target_beneficiary","24-115445661","farmers and researchers","smallholder farmer","","2026-09-10"
"target_beneficiary","24-115445661","researchers and farmers relying on entomology services","smallholder farmer","","2026-09-10"
"target_beneficiary","24-115445661","project staff and trainees housed at the station","CANDIDATE: project staff and trainees","","2026-09-10"
"target_beneficiary","24-115445661","farmers using irrigation","smallholder farmer","","2026-09-10"
"target_beneficiary","24-115445661","farmers (adopters of improved varieties)","smallholder farmer","","2026-09-10"
"target_beneficiary","24-115445661","trained 200 lead farmers who trained and supported 18,230 follower farmers","smallholder farmer","","2026-09-10"
"target_beneficiary","24-115445661","producers affected by land acquisition (116 producers affected)","producer","","2026-09-10"
"result_level","5-529304297","received support on their slwm country strategic investment framework (csif) | 1 countries supported in their slm country investment framework development, implementation, or update","output","","2026-09-10"
"result_level","5-529304297","received support on their slwm country strategic investment framework (csif); launch of kenya’s csif supported | 1 countries supported in their slm country investment framework development, implementation, or update / launches supported","output","","2026-09-10"
"result_level","5-529304297","received support on their slwm country strategic investment framework (csif); roam workshop held | 1 countries supported in their slm country investment framework development, implementation, or update / roam workshops held","process","","2026-09-10"
"result_level","5-529304297","received support on their slwm country strategic investment framework (csif); csif validation and platform launch supported | 1 countries supported in their slm country investment framework development, implementation, or update / validation workshops supported","output","","2026-09-10"
"result_level","5-529304297","documentary on slm best practices produced; csif support received | 1 documentary produced / countries supported in their slm country investment framework development, implementation, or update","output","","2026-09-10"
"result_level","5-529304297","roam workshop held; slwm platform launch supported | 1 roam workshops held / slwm platform launches supported","process","","2026-09-10"
"result_level","5-529304297","roam workshop held; country visits undertaken for knowledge products | 1 roam workshops held / country visits undertaken","process","","2026-09-10"
"result_level","5-529304297","received support on their slwm country strategic investment framework (csif); slm platform launch/validation supported | 1 countries supported in their slm country investment framework development, implementation, or update / platform launches supported","output","","2026-09-10"
"result_level","5-529304297","received support on their slwm country strategic investment framework (csif); attended landscape workshop in maseru | 1 countries supported in their slm country investment framework development, implementation, or update / learning workshops held","process","","2026-09-10"
"result_level","5-529304297","roam workshops held in these countries in 2017 and 2018 in partnership with iucn | 1 roam workshops held","process","","2026-09-10"
"result_level","5-529304297","ilm training held, attended by 17 member countries | 17 member countries attended","process","","2026-09-10"
"result_level","5-529304297","financing slwm workshop held | 1 workshops held","process","","2026-09-10"
"result_level","5-529304297","csif learning workshop held | 1 learning workshops held","process","","2026-09-10"
"result_level","5-529304297","regional km and m&e workshop held | 1 workshops held","process","","2026-09-10"
"result_level","5-529304297","slm platform launch supported | 1 slm platform launches supported","output","","2026-09-10"
"result_level","5-529304297","country visit undertaken for knowledge products | 1 country visits undertaken","process","","2026-09-10"
"result_level","5-529304297","landscape approach workshop held | 1 learning workshops held","process","","2026-09-10"
"result_level","5-529304297","secretariat relocated and hosted by nepad agency |","output","","2026-09-10"
"result_level","5-529304297","15,861 hectares under sustainable land and water management practices (slwm) | 15861 hectares under sustainable land and water management practices","output","","2026-09-10"
"result_level","5-529304297","63,500 individuals benefited | 63500 individuals benefited","output","","2026-09-10"
"result_level","5-529304297","600,995 hectares under cremas | 600995 hectares under cremas","output","","2026-09-10"
"result_level","5-529304297","presence of the shea processing facility has contributed to increased pressure on access to wild shea nuts |","outcome","","2026-09-10"
"result_level","5-529304297","9,289 hectares protected and managed (conservation areas) | 9289 hectares of protected and managed conservation areas","output","","2026-09-10"
"result_level","5-529304297","7,583 hectares under sustainable agricultural practices | 7583 hectares under sustainable agricultural practices","output","","2026-09-10"
"result_level","5-529304297","1,099,647 tco2e avoided | 1099647 tco2e avoided","impact","","2026-09-10"
"result_level","5-529304297","in liberia, smallholder palm oil producers adopted more sustainable practices |","outcome","","2026-09-10"
"result_level","5-529304297","ggp support for the national oil palm platform (noppol) aligned partners around sustainability guidelines that followed the global roundtable on sustainable palm oil |","outcome","","2026-09-10"
"result_level","5-529304297","modest progress was made in cold chain and market access improvements in cabo verde | cold chain and market access improvements","outcome","","2026-09-10"
"result_level","5-529304297","number of associations that received seed and other inputs | 28 associations receiving seed and other inputs","output","","2026-09-10"
"result_level","5-529304297","number of associations reporting training & technical assistance from oxfam | 12 associations reporting training & technical assistance","output","","2026-09-10"
"result_level","5-529304297","number of surveyed associations legally recognized | 1 associations legally recognized","output","","2026-09-10"
"result_level","5-529304297","number of surveyed associations with land legalized | 0 associations with land legalized","output","","2026-09-10"
"result_level","5-529304297","number of associations with a written production plan | 0 associations with written production plan","output","","2026-09-10"
"result_level","5-529304297","number of associations carrying out processing activities | 1 associations carrying out processing activities","output","","2026-09-10"
"result_level","5-529304297","number of associations with 'excellent' road access | 2 associations with 'excellent' access roads","output","","2026-09-10"
"result_level","5-529304297","number of associations with 'reasonable' road access | 23 associations with 'reasonable' access roads","output","","2026-09-10"
"result_level","5-529304297","number of associations with 'poor' road access | 3 associations with 'poor' access roads","output","","2026-09-10"
"result_level","5-529304297","number of associations carrying out group sales | 15 associations carrying out group sales","output","","2026-09-10"
"result_level","5-529304297","number of associations that ever had a production contract with a buyer | 11 associations with production contracts","output","","2026-09-10"
"result_level","5-529304297","number of associations contracted to produce soybeans for ikuro | 2 associations contracted to ikuro for soybeans","output","","2026-09-10"
"result_level","5-529304297","number of associations contracted to produce tobacco for j.f.s | 2 associations contracted to j.f.s for tobacco","output","","2026-09-10"
"result_level","5-529304297","number of associations contracted to produce tobacco for m.l.t | 3 associations contracted to m.l.t for tobacco","output","","2026-09-10"
"result_level","5-529304297","number of associations contracted to produce sunflower for devolt | 1 associations contracted to devolt for sunflower","output","","2026-09-10"
"result_level","5-529304297","number of associations contracted to produce sesame for ucasn | 1 associations contracted to ucasn for sesame","output","","2026-09-10"
"result_level","5-529304297","number of associations contracted to produce paprika for world relief | 1 associations contracted to world relief for paprika","output","","2026-09-10"
"result_level","5-529304297","number of associations with a collection point | 6 associations with a collection point","output","","2026-09-10"
"result_level","5-529304297","number of associations with a warehouse | 6 associations with a warehouse","output","","2026-09-10"
"result_level","5-529304297","number of associations with a seed bank | 5 associations with a seed bank","output","","2026-09-10"
"result_level","5-529304297","number of associations that received business plan / business development training | 5 associations receiving business plan training","output","","2026-09-10"
"result_level","5-529304297","number of associations that received marketing training | 7 associations receiving marketing training","output","","2026-09-10"
"result_level","5-529304297","number of associations that received hiv/sida training | 13 associations receiving hiv/sida training","output","","2026-09-10"
"result_level","5-529304297","number of associations that learned to grow maize (new) | 14 associations reporting learning to grow maize","output","","2026-09-10"
"result_level","5-529304297","number of associations with women elected as leaders | 19 associations with women elected as leaders","output","","2026-09-10"
"result_level","5-529304297","number of associations that have an operations fund | 7 associations with operations fund","output","","2026-09-10"
"result_level","5-529304297","number of associations with a bank account | 0 associations with bank account","output","","2026-09-10"
"result_level","5-529304297","number of xitique groups operating in mirreia ii | 3 xitique groups","output","","2026-09-10"
"result_level","5-529304297","""through the application of ipm techniques, nearly ten thousand (10 000) farm managers (compared to one thousand envisaged at project start-up) were able to increase their yields of subsistence crops"" | 10000 farm managers","outcome","","2026-09-10"
"result_level","5-529304297","""yields 2003 (kg/ha) ipm plot 3726"" | 3726 kg/ha","outcome","","2026-09-10"
"result_level","5-529304297","""yields 2003 (kg/ha) ipm plot 945"" | 945 kg/ha","outcome","","2026-09-10"
"result_level","5-529304297","""yields 2003 (kg/ha) ipm plot 1137"" | 1137 kg/ha","outcome","","2026-09-10"
"result_level","5-529304297","""yields 2003 (kg/ha) ipm plot 835"" | 835 kg/ha","outcome","","2026-09-10"
"result_level","5-529304297","""yields 2003 (kg/ha) ipm plot 6930"" | 6930 kg/ha","outcome","","2026-09-10"
"result_level","5-529304297","""yields 2003 (kg/ha) ipm plot 1296"" | 1296 kg/ha","outcome","","2026-09-10"
"result_level","5-529304297","""yields 2003 (kg/ha) ipm plot 1104"" | 1104 kg/ha","outcome","","2026-09-10"
"result_level","5-529304297","""yields 2003 (kg/ha) ipm plot 2781"" | 2781 kg/ha","outcome","","2026-09-10"
"result_level","5-529304297","""the ngala school is provided with the required equipment and operational"" |","output","","2026-09-10"
"result_level","5-529304297","""some farmers produce and sell these products on the local market."" |","outcome","","2026-09-10"
"result_level","5-529304297","there has been a significant uptake in the adoption of these products, particularly among those who participated in the program. |","outcome","","2026-09-10"
"result_level","5-529304297","farmers articulate an improvement in their farming abilities and risk management practices after attending financial education programs. |","outcome","","2026-09-10"
"result_level","5-529304297","the eastern province demonstrates the highest uptake of insurance products among farmers | uptake of insurance products","outcome","","2026-09-10"
"result_level","5-529304297","the southern province follows closely | insurance product uptake","outcome","","2026-09-10"
"result_level","5-529304297","most of farmers in these regions had not subscribed to any form of insurance cover | not subscribed to any form of insurance cover","outcome","","2026-09-10"
"result_level","5-529304297","northern and western provinces have less traction in terms of insurance product uptake | insurance product uptake","outcome","","2026-09-10"
"result_level","5-529304297","national coastal fisheries management plan adopted in december 2020 and partially implemented | 1 eaf demersal fisheries management plan implemented","output","","2026-09-10"
"result_level","5-529304297","fisheries monitoring center built, equipped, and made functional | 1 fisheries monitoring center built and functional","output","","2026-09-10"
"result_level","5-529304297","2,104 vessels registered | 2104 vessels registered","output","","2026-09-10"
"result_level","5-529304297","756 vessels inspected (25.2% of motorized fleet) | 756 vessels inspected","output","","2026-09-10"
"result_level","5-529304297","cold chain chamber constructed and operational | 1 operational fisheries infrastructure","output","","2026-09-10"
"result_level","5-529304297","cold chain chamber constructed and value-chain operators trained | 1 operational fisheries infrastructure","output","","2026-09-10"
"result_level","5-529304297","fish shop constructed and operational | 1 operational fisheries infrastructure","output","","2026-09-10"
"result_level","5-529304297","storage structure constructed and operational | 1 operational fisheries infrastructure","output","","2026-09-10"
"result_level","5-529304297","seasonal fishing closures implemented and regularly monitored |","process","","2026-09-10"
"result_level","5-529304297","storage structure with parking area constructed and operational | 1 operational fisheries infrastructure","output","","2026-09-10"
"result_level","5-529304297","2,134 value-chain operators benefited from training and equipment | 2134 value-chain operators trained/benefitted","output","","2026-09-10"
"result_level","5-529304297","three fisheries management plans developed/updated and implemented | 3 fisheries management plans implemented","output","","2026-09-10"
"result_level","5-529304297","695 land patrol days in target area | 695 land patrol days","process","","2026-09-10"
"result_level","5-529304297","297 coastal patrol days in target area | 297 coastal patrol days","process","","2026-09-10"
"result_level","5-529304297","integrated fis (siimaip) established with public dashboard and regularly updated data | 1 fis/dashboard operational","output","","2026-09-10"
"result_level","5-529304297","1,217 recipients supported by matching grants scheme (1,213 individual family applicants; 4 commercial businesses) | 1217 recipients supported","output","","2026-09-10"
"result_level","5-529304297","fish market constructed and operational | 1 fish market operational","output","","2026-09-10"
"result_level","5-529304297","3,449 pcr participants reached in nampula province | 3449 pcr participants","output","","2026-09-10"
"result_level","5-529304297","8,498 pcr participants reached in zambezia province | 8498 pcr participants","output","","2026-09-10"
"result_level","5-529304297","5,599 pcr participants reached in sofala province | 5599 pcr participants","output","","2026-09-10"
"result_level","5-529304297","43 ccps achieved performance targets in sofala bank | 43 ccps achieving performance targets","outcome","","2026-09-10"
"result_level","5-529304297","government agencies' staff trained on relevant subjects (part of 31,068 reported) | 31068 government staff trained (mozambique total)","output","","2026-09-10"
"result_level","5-529304297","seven fisheries management plans consulted, approved and implemented (tanzania total) | 7 fisheries management plans implemented","output","","2026-09-10"
"result_level","5-529304297","5,547 vessels licensed in mainland tanzania | 5547 vessels licensed","output","","2026-09-10"
"result_level","5-529304297","42 percent non-licensed vessels in mainland tanzania (2022) | 42 %","outcome","","2026-09-10"
"result_level","5-529304297","octopus seasonal closures implemented in pangani (and kilwa) districts |","process","","2026-09-10"
"result_level","5-529304297","prawn seasonal closure implemented in kibiti |","process","","2026-09-10"
"result_level","5-529304297","octopus seasonal closure implemented in kilwa |","process","","2026-09-10"
"result_level","5-529304297","bmu office constructed and operational in dunda | 1 bmu office operational","output","","2026-09-10"
"result_level","5-529304297","bmu office constructed and operational in kipumbwi | 1 bmu office operational","output","","2026-09-10"
"result_level","5-529304297","bmu office constructed and operational in saadani | 1 bmu office operational","output","","2026-09-10"
"result_level","5-529304297","bmu office constructed and operational in sudi | 1 bmu office operational","output","","2026-09-10"
"result_level","5-529304297","bmu office constructed and operational in zingibari | 1 bmu office operational","output","","2026-09-10"
"result_level","5-529304297","tafiri wet lab constructed and operational in kunduchi | 1 wet laboratory operational","output","","2026-09-10"
"result_level","5-529304297","staff accommodation constructed and operational | 1 staff accommodation operational","output","","2026-09-10"
"result_level","5-529304297","nungwi fish market rehabilitated and operational | 1 fish market operational","output","","2026-09-10"
"result_level","5-529304297","tumbe fish market rehabilitated and ice plant installed | 1 fish market operational","output","","2026-09-10"
"result_level","5-529304297","cold rooms supplied and commissioned at malindi landing site | 1 cold room operational","output","","2026-09-10"
"result_level","5-529304297","boat slipway at fumba completed and handed over (jan 2022) | 1 boat slipway operational","output","","2026-09-10"
"result_level","5-529304297","ranger surveillance posts/field offices constructed/refurbished and operational | 1 ranger surveillance post operational","output","","2026-09-10"
"result_level","5-529304297","ranger surveillance post/field office refurbished and operational | 1 ranger post operational","output","","2026-09-10"
"result_level","5-529304297","ranger surveillance post/field office constructed/refurbished and operational | 1 ranger post operational","output","","2026-09-10"
"result_level","5-529304297","ranger surveillance post constructed and operational | 1 ranger post operational","output","","2026-09-10"
"result_level","5-529304297","new ranger surveillance post and field office constructed and operational | 1 ranger post operational","output","","2026-09-10"
"result_level","5-529304297","mbef administration building refurbished and equipped | 1 administration building refurbished","output","","2026-09-10"
"result_level","5-529304297","marine park administration block works partially completed (60% paid) | 60 %","output","","2026-09-10"
"result_level","5-529304297","99 vfcs in targeted mcas achieved at least two performance targets (100%) | 99 vfcs achieving performance targets","outcome","","2026-09-10"
"result_level","5-529304297","sea cucumber harvest and export increased (pemba and zanzibar) benefiting community members | 552 community members benefiting from sea cucumber production/export","outcome","","2026-09-10"
"result_level","5-529304297","total number of improved technologies available to farmers & other end users 95 | 95 number of improved technologies","output","","2026-09-10"
"result_level","5-529304297","total number of improved technologies available to farmers & other end users 115 | 115 number of improved technologies","output","","2026-09-10"
"result_level","5-529304297","total number of improved technologies available to farmers & other end users 91 | 91 number of improved technologies","output","","2026-09-10"
"result_level","5-529304297","rehabilitated regional centre of leadership for maize and maize based research, chitedze completed | research centre rehabilitated/equipped","output","","2026-09-10"
"result_level","5-529304297","constructed a laboratory complex at chitedze housing a plant pathology, biotechnology, tissue culture and food science | laboratory complex constructed","output","","2026-09-10"
"result_level","5-529304297","rehabilitated 5 laboratories: soil chemistry, soil physics, seed laboratory, plant pathology and nematology, library and conference room at bvumbwe | 5 laboratories rehabilitated","output","","2026-09-10"
"result_level","5-529304297","constructed an administration office and warehouse at bvumbwe | administration office and warehouse constructed","output","","2026-09-10"
"result_level","5-529304297","constructed a new administration office, conference room and library at kasinthula; rehabilitated irrigation infrastructure: fallow and sprinkler systems at kasinthula | infrastructure rehabilitated/constructed","output","","2026-09-10"
"result_level","5-529304297","built a new rice research center in namacura | research center constructed","output","","2026-09-10"
"result_level","5-529304297","constructed rcol in namacurra completed | regional center constructed","output","","2026-09-10"
"result_level","5-529304297","rehabilitated 1 main building and 1 dormitory for students and trainees at umbelúzi; involved women’s groups in value addition initiatives | building and dormitory rehabilitated; groups involved","output","","2026-09-10"
"result_level","5-529304297","three irrigation systems were rehabilitated in chókwe, umbelúzi and ribaué completed | 3 irrigation systems rehabilitated","output","","2026-09-10"
"result_level","5-529304297","rehabilitated soil laboratory at mt makulu research station completed | soil laboratory rehabilitated","output","","2026-09-10"
"result_level","5-529304297","zari expedited the fencing off of the reservoir and erected appropriate warning signs; sensitized all communities, schools and clinics | reservoir fenced and signage installed; community sensitized","output","","2026-09-10"
"result_level","5-529304297","minor rehabilitations at mt makulu, kabwe, misamfu, mutanda, mansa, mufulira, nanga and mochipapa research stations completed | research stations rehabilitated (minor works)","output","","2026-09-10"
"result_level","5-529304297","constructed irrigation system at kabwe research station completed; rehabilitated soil laboratory at kabwe; rehabilitated 1.8 km road to gravel standard at kabwe research station | irrigation system constructed; laboratory rehabilitated; road rehabilitated","output","","2026-09-10"
"result_level","5-529304297","rehabilitated a cold room at golden valley research station completed | cold room rehabilitated","output","","2026-09-10"
"result_level","5-529304297","maintenance & multiplication 100kg breeders seed; multiplication of 500kg foundation seed (beans and rice - msamfu research station) | 100 kg breeders seed","output","","2026-09-10"
"result_level","5-529304297","maintenance & multiplication 100kg breeders seed; multiplication of 500kg foundation seed (beans and rice - msamfu research station) | 500 kg foundation seed multiplied","output","","2026-09-10"
"result_level","5-529304297","maintenance & multiplication 100kg breeders seed (cowpea - mochipapa research station) | 100 kg breeders seed","output","","2026-09-10"
"result_level","5-529304297","multiplication of 500kg foundation seed (cowpea - mochipapa research station) | 500 kg foundation seed","output","","2026-09-10"
"result_level","5-529304297","maintenance & multiplication 1800kg breeders seed (groundnut - msekera research station) | 1800 kg breeders seed","output","","2026-09-10"
"result_level","5-529304297","multiplication of 4000kg foundation seed (groundnut - msekera research station) | 4000 kg foundation seed","output","","2026-09-10"
"result_level","5-529304297","maintenance & multiplication 200kg breeders seed (rice – mongu) | 200 kg breeders seed","output","","2026-09-10"
"result_level","5-529304297","multiplication of 4000kg foundation seed (rice – mongu) | 4000 kg foundation seed","output","","2026-09-10"
"result_level","5-529304297","minor rehabilitations at mt makulu, kabwe, misamfu, mutanda, mansa, mufulira, nanga and mochipapa research stations completed | research stations minor rehabilitations completed","output","","2026-09-10"
"result_level","5-529304297","installation of solar drying equipment at salima completed | solar drying equipment installed","output","","2026-09-10"
"result_level","5-529304297","rehabilitated 1 office, 1 warehouse, 1 threshing-floor, 1 entomology laboratory at chókwe; irrigation system rehabilitated (joint) | infrastructure rehabilitated","output","","2026-09-10"
"result_level","5-529304297","rehabilitated 1 administrative block and 1 entomology laboratory at nampula completed | 1 administrative block rehabilitated","output","","2026-09-10"
"result_level","5-529304297","rehabilitated 7 houses, 4 outbuildings, 2 warehouses, 2 office buildings at sussundenga completed | 7 houses rehabilitated","output","","2026-09-10"
"result_level","5-529304297","rehabilitated 1 house at nametil completed | 1 house rehabilitated","output","","2026-09-10"
"result_level","5-529304297","three irrigation systems were rehabilitated in chókwe, umbelúzi and ribaué completed | 3 irrigation systems rehabilitated (total)","output","","2026-09-10"
"result_level","5-529304297","mocuba is a very aromatic and marketable paddy rice variety... yield potential up to 5 tons per hectare | tons per hectare (yield potential)","output","","2026-09-10"
"result_level","5-529304297","in mulanje district a farmer harvested two and half 50kg bags from a 0.01 ha plot; 3,200 farmers already expressed interest to grow one of the two varieties | field demonstration results and farmer interest recorded","output","","2026-09-10"
"result_level","5-529304297","the group received parent seed material from appsa and training on seed multiplication | group trained and supplied with parent seed","output","","2026-09-10"
"actor_match","1-937753608","nepad planning and coordinating agency","CON14","","2026-09-14"
"actor_match","1-937753608","gef trust fund (get)","GLO28","","2026-09-14"
"actor_match","1-937753608","nepad","CON14","","2026-09-14"
"actor_match","1-937753608","institute of agricultural research for development - irad (cameroon)","CMR1","","2026-09-14"
"actor_match","1-937753608","rwanda agriculture board (rab)","RWA1","","2026-09-14"
"actor_match","1-937753608","chidetze agricultural research station","MWI2","","2026-09-14"
"actor_match","1-937753608","zambia agricultural research institute (zari)","ZAM7","","2026-09-14"
"project_scale (geographic level of the project)","6-672912753","scope: country africa | locations: 26 partial (lists 15 of the counted countries): ""15 countries received support on their slwm country strategic investment framework (csif) including uganda, madagascar, ghana, gambia, mali, kenya, niger, senegal, drc, burkina faso, cote d’ivoire, nigeria, malawi, t","multinational","","2026-09-14"
"project_scale (geographic level of the project)","6-672912753","scope: ""burkina faso, burundi, eswatini, ethiopia, ghana, kenya, malawi, niger, nigeria, senegal, tanzania, uganda"" [page 18] | locations: 12 12 countries are named as receiving support: ""burkina faso, burundi, eswatini, ethiopia, ghana, kenya, malawi, niger, nigeria, senegal, tanzania, uganda"" [pag","multinational","","2026-09-14"
"project_scale (geographic level of the project)","6-672912753","scope: brazil, indonesia, liberia, paraguay | locations: 1 brazil, indonesia, liberia, paraguay","multinational","","2026-09-14"
"project_scale (geographic level of the project)","6-672912753","scope: ""cabo verde, côte d’ivoire, ecuador, indonesia, peru, senegal"" [page 17] | locations: 3 counted only the african countries from the list: ""cabo verde, côte d’ivoire, ecuador, indonesia, peru, senegal"" [page 17]","multinational","","2026-09-14"
"project_scale (geographic level of the project)","6-672912753","scope: evaluation of niassa food and livelihood security programme in mozambique 1. association survey questionnaire - an inquiry into the specific situation of primary level associations - niassa province – southern zone ""a survey questionnaire implemented with 28 associations in five districts in ","sub-national","","2026-09-14"
"project_scale (geographic level of the project)","6-672912753","scope: ""the project’s goal is to strengthen food security in four countries of the lake chad basin area, namely cameroon, niger, nigeria and chad."" [page 8] | locations: 20 20 pilot villages are named as receiving support: ""research and development was conducted in 20 pilot villages, at the rate of ","multinational","","2026-09-14"
"project_scale (geographic level of the project)","6-672912753","scope: in total, four fgds were conducted, engaging 33 smallholder farmers from the rwamagana and ngoma districts, selected to reflect the diverse geographical and socio-economic contexts within the kohunya and imberutso za karembo cooperatives. | locations: 4 counted four locations at district/coop","sub-national","","2026-09-14"
"project_scale (geographic level of the project)","6-672912753","scope: the study’s geographical scope was nationwide, with specific emphasis on regions where acre rwanda has the highest farmer uptake of insurance products, including the northern, southern, eastern, and western provinces, and kigali city. | locations: 5 ""the study’s geographical scope was nationw","national","","2026-09-14"
"project_scale (geographic level of the project)","6-672912753","scope: ""this implementation completion and results report (icr) evaluates the south west indian ocean fisheries governance and shared growth project 1 (swiofish1) – a first in the swiofish series of operations (sop), with international development association (ida) credits and grants and global envi","multinational","","2026-09-14"
"project_scale (geographic level of the project)","6-672912753","scope: ""the participating sadc countries were malawi, mozambique and zambia, and the priority crops chosen were maize, rice, and legumes."" | locations: 3 ""the participating sadc countries were malawi, mozambique and zambia, and the priority crops chosen were maize, rice, and legumes.""","multinational","","2026-09-14"
"target_beneficiary_project (who the project targets)","24-407073859","there can be no doubt as to the high degree of relevance of the project for the achievement of the ultimate goal of sustaining the natural resource base to improve the livelihoods of the rural population of ssa.","community","","2026-09-14"
"target_beneficiary_project (who the project targets)","24-407073859","improving agricultural sustainability and productivity for smallholder farmers across sub-saharan africa","smallholder farmer","","2026-09-14"
"target_beneficiary_project (who the project targets)","24-407073859","in liberia, smallholder palm oil producers adopted more sustainable practices, while in paraguay’s chaco region, ranchers improved grazing and traceability. in indonesia, nearly 2,700 farmers were trained in sustainable intensification, with 89 percent adoption.","smallholder farmer","","2026-09-14"
"target_beneficiary_project (who the project targets)","24-407073859","bolstering small-scale coastal fisheries governance while securing environmental, social, and economic benefits for local communities","artisanal fisher","","2026-09-14"
"target_beneficiary_project (who the project targets)","24-407073859","it aims to evaluate if the end user groups, particularly small-scale farmers, benefitted from the product education intervention and its subsequent activities.","smallholder farmer","","2026-09-14"
"target_beneficiary_project (who the project targets)","24-407073859","this initiative has taken a forward-thinking approach towards agricultural insurance, aiming to offer an invaluable safety net to smallholder farmers.","smallholder farmer","","2026-09-14"
"target_beneficiary_project (who the project targets)","24-407073859","the primary beneficiaries of the appsa were farmers, livestock producers, and other potential end-users of the improved technology and knowledge generated and/or disseminated by the program.","producer","","2026-09-14"
"document_type","19-197634846","oxfam gb programme evaluation","CANDIDATE: Programme evaluation","","2026-09-14"
"result_metric (what a project result counts)","27-668944407","4.7 million beneficiaries (111 percent of target)","total beneficiaries","","2026-09-14"
"result_metric (what a project result counts)","27-668944407","reaching 10,496 beneficiaries (175 percent of its target)","total beneficiaries","","2026-09-14"
"result_metric (what a project result counts)","27-668944407","""393 women improving their conditions""","women beneficiaries","","2026-09-14"
"result_metric (what a project result counts)","27-668944407","nearly ten thousand (10 000) farm managers (compared to one thousand envisaged at project start-up) were able to increase their yields of subsistence crops (millet, sorghum, cowpea).","smallholder farmers reached","","2026-09-14"
"result_metric (what a project result counts)","27-668944407","with approximately 43% of farmers feeling confident and the rest expressing moderate confidence","crop producers","","2026-09-14"
"result_metric (what a project result counts)","27-668944407","participation of over 10,000 individuals in such programs.","total beneficiaries","","2026-09-14"
"result_metric (what a project result counts)","27-668944407","direct project beneficiaries","direct beneficiaries","","2026-09-14"
"result_unit","12-116947432","women","individuals","","2026-09-14"
"result_unit","12-116947432","associations","organizations","","2026-09-14"
"result_unit","12-116947432","farm managers","individuals","","2026-09-14"
"result_metric (what a project result counts)","27-668944407","countries supported in their slm country investment framework development, implementation, or update","CANDIDATE: countries supported","","2026-09-14"
"result_metric (what a project result counts)","27-668944407","47 percent of beneficiaries were women","women beneficiaries","","2026-09-14"
"result_metric (what a project result counts)","27-668944407","reaching 22,526 beneficiaries (66 percent of target)","direct beneficiaries","","2026-09-14"
"result_metric (what a project result counts)","27-668944407","""the unicas in tumbes have increased from 12 to 17""","CANDIDATE: UNICAs units","","2026-09-14"
"result_metric (what a project result counts)","27-668944407","almost 500 farmer field school days ... were organized each year (2003 and 2004)","CANDIDATE: Farmer Field School days","","2026-09-14"
"result_metric (what a project result counts)","27-668944407","sold fewer than 5,000 policies to smallholder farmers since the program’s inception in 2019.","CANDIDATE: insurance policies sold","","2026-09-14"
"result_metric (what a project result counts)","27-668944407","female beneficiaries","women beneficiaries","","2026-09-14"
"result_unit","12-116947432","farmer field school days","CANDIDATE: Farmer Field School days","","2026-09-14"
"result_metric (what a project result counts)","27-668944407","terrestrial protected areas (57 thousand ha, 100 percent)","terrestrial protected areas","","2026-09-14"
"result_metric (what a project result counts)","27-668944407","land benefiting from improved natural resource management and practices for biodiversity","biodiversity landscapes conserved","","2026-09-14"
"result_metric (what a project result counts)","27-668944407","""implementation of a primary processing plant for crab extracted from the sanctuary and shrimp produced in its buffer zone""","processors","","2026-09-14"
"result_metric (what a project result counts)","27-668944407","number associations association legally recognized","CANDIDATE: Associations legally recognized","","2026-09-14"
"result_metric (what a project result counts)","27-668944407","comoros (direct project beneficiaries)","direct beneficiaries","","2026-09-14"
"result_metric (what a project result counts)","27-668944407","direct beneficiaries - malawi","direct beneficiaries","","2026-09-14"
"result_unit","12-116947432","plant","quantity","","2026-09-14"
"result_unit","12-116947432","visits","quantity","","2026-09-14"
"result_unit","12-116947432","policies","quantity","","2026-09-14"
"funding_mechanism (financing instrument type)","6-894277550","instrument wording: funded by the swiss capacity building facility (scbf). | portion:","grant","","2026-09-14"
"target_beneficiary_project (who the project targets)","24-407073859","total population - members in associations assisted by ogb in southern niassa = 6,324 (data from oxfam cuamba)","farmer association","","2026-09-14"
"target_beneficiary_project (who the project targets)","24-407073859","7. beneficiary : 4 lcbc countries: cameroon, niger, nigeria and chad","NOT STATED","","2026-09-14"
"target_beneficiary_project (who the project targets)","24-407073859","(d) number of direct project beneficiaries (of whom % are females) - comoros (target: 10,000, 27%) - mozambique (target: 60,000, 10%) - tanzania (target: 65,000, 50%) - regional (target: 50, 30%)","NOT STATED","","2026-09-14"
"result_metric (what a project result counts)","27-668944407","an slwm knowledge platform at ssa level for knowledge support to country investments is up and running with full functionalities available","NOT STATED","","2026-09-14"
"result_metric (what a project result counts)","27-668944407","number associations land not legalized","CANDIDATE: associations not legalized","","2026-09-14"
"result_metric (what a project result counts)","27-668944407","percent","NOT STATED","","2026-09-14"
"result_metric (what a project result counts)","27-668944407","all the farmers indicated that they would recommend the insurance services to their friends and neighbours","smallholder farmers reached","","2026-09-14"
"result_unit","12-116947432","unicas","NOT STATED","","2026-09-14"
"result_metric (what a project result counts)","27-668944407","new knowledge and advocacy products disseminated at country level","NOT STATED","","2026-09-14"
"result_metric (what a project result counts)","27-668944407","600 visits to demonstration plots established in pilot farmers’ fields were organized each year (2003 and 2004)","NOT STATED","","2026-09-14"
"result_metric (what a project result counts)","27-668944407","their companies sold over 20,001 policies during the same period.","NOT STATED","","2026-09-14"
"subsector type","7-736603905","non-timber forest products and processing | established a shea processing facility (community processing)","agri-food","","2026-09-14"
"subsector type","7-736603905","agroforestry / restoration | integrated agroforestry seedlings distribution with nursery training","land use","","2026-09-14"
"subsector type","7-736603905","irrigation infrastructure / climate resilience | infrastructure improvements, notably for irrigation, to enhance climate resilience","farming system-crop","","2026-09-14"
"subsector type","7-736603905","sustainable agriculture / watershed measures | demonstration plots and sustainable practices including ridging, improved soil fertility management, water retention methods, intercropping","farming system-crop","","2026-09-14"
"subsector type","7-736603905","reducing deforestation in commodity supply chains | in liberia, smallholder palm oil producers adopted more sustainable practices","farming system-crop","","2026-09-14"
"subsector type","7-736603905","reducing deforestation in commodity supply chains | ggp support for the national oil palm platform (noppol) aligned partners around sustainability guidelines that followed the global roundtable on sustainable palm oil","agri-food","","2026-09-14"
"subsector type","7-736603905","bolstering small-scale coastal fisheries governance | cold chain and market access improvements in cabo verde","farming system-fish","","2026-09-14"
"subsector type","7-736603905","crop production; livestock; marketing | distribution of agricultural inputs (seeds, goats, fertilizers, pesticides, tools, motorized pumps)","farming system-mixed","","2026-09-14"
"subsector type","7-736603905","capacity building; extension | training & technical assistance (at) provided by oxfam","cross cutting","","2026-09-14"
"subsector type","7-736603905","organisational/legal | legalization status of primary associations (surveyed)","cross cutting","","2026-09-14"
"subsector type","7-736603905","production planning | existence of written annual production plans at associations (surveyed)","cross cutting","","2026-09-14"
"subsector type","7-736603905","marketing | group sales by associations (collective marketing)","agri-food","","2026-09-14"
"subsector type","7-736603905","marketing/contracts | associations having had contracts to produce for a buyer","agri-food","","2026-09-14"
"subsector type","7-736603905","marketing/contracts | buyer j.f.s - tobacco (contracts)","farming system-crop","","2026-09-14"
"subsector type","7-736603905","marketing/contracts | buyer m.l.t - tobacco (contracts)","farming system-crop","","2026-09-14"
"subsector type","7-736603905","marketing/contracts | buyer devolt - sunflower (contracts)","farming system-crop","","2026-09-14"
"subsector type","7-736603905","marketing/contracts | buyer ucasn - sesame (contracts)","farming system-crop","","2026-09-14"
"subsector type","7-736603905","marketing/contracts | buyer world relief - paprika (contracts)","farming system-crop","","2026-09-14"
"subsector type","7-736603905","training | training provided by ucasn or oxfam in business plan / business development","cross cutting","","2026-09-14"
"subsector type","7-736603905","training | training provided by ucasn or oxfam in marketing","cross cutting","","2026-09-14"
"subsector type","7-736603905","training/health | training provided by ucasn or oxfam in hiv/sida","cross cutting","","2026-09-14"
"subsector type","7-736603905","gender; governance | presence of women as elected leaders in associations (surveyed)","cross cutting","","2026-09-14"
"subsector type","7-736603905","finance | associations with an operations fund (association finance)","cross cutting","","2026-09-14"
"subsector type","7-736603905","banking/finance | associations with bank accounts (surveyed)","cross cutting","","2026-09-14"
"subsector type","7-736603905","microfinance; savings | xitique (mutual trust lending) practiced by mirreia ii association","cross cutting","","2026-09-14"
"subsector type","7-736603905","extension/technical assistance | evidence of a dynamic extension process at the association level","cross cutting","","2026-09-14"
"subsector type","7-736603905","extension/technical assistance | evidence of a dynamic extension process at the association level (maúa town)","cross cutting","","2026-09-14"
"subsector type","7-736603905","""training and information to enhance the ipm capacity"" | ""help to enhance the response capacity of the lcbc regional school in ngala (nigeria) by providing equipment, teaching materials and training courses on ipm techniques.""","farming system-crop","","2026-09-14"
"subsector type","7-736603905","""research/development to establish a technology transfer system based on the use of integrated pest management (ipm)"" | ""the coordination unit was able to ensure the full participation of agricultural research institutions ... irad in cameroon""","farming system-crop","","2026-09-14"
"subsector type","7-736603905","""research/development to establish a technology transfer system based on the use of integrated pest management (ipm)"" | ""the coordination unit was able to ensure the full participation of agricultural research institutions ... inran in niger""","farming system-crop","","2026-09-14"
"subsector type","7-736603905","""research/development to establish a technology transfer system based on the use of integrated pest management (ipm)"" | ""the coordination unit was able to ensure the full participation of agricultural research institutions ... itrad in chad""","farming system-crop","","2026-09-14"
"subsector type","7-736603905","""research/development to establish a technology transfer system based on the use of integrated pest management (ipm)"" | ""the coordination unit was able to ensure the full participation of agricultural research institutions ... the university of maiduguri in nigeria""","farming system-crop","","2026-09-14"
"subsector type","7-736603905","""farmer field school"" | ""the farmers of one of the pilot villages, -mandjafa in chad - raised the problem of full-scale implementation of ipm techniques in their fields.""","farming system-crop","","2026-09-14"
"subsector type","7-736603905","""use of neem-based botanical insecticides"" | ""the use of neem-based botanical insecticide (powder, aqueous extracts and oil) is now common among pilot farmers""","farming system-crop","","2026-09-14"
"subsector type","7-736603905","""use of neem-based botanical insecticides"" | ""in a sample of 13 villages visited, including three non-pilot villages, only the farmers of two pilot villages and one non-pilot village believe that neem is less effective""","farming system-crop","","2026-09-14"
"subsector type","7-736603905","financial education and insurance product upscaling interventions | financial education and insurance product upscaling interventions","cross cutting","","2026-09-14"
"subsector type","7-736603905","agricultural insurance | upscale existing products and launch financial literacy campaigns, thereby adopting a blended approach","cross cutting","","2026-09-14"
"subsector type","7-736603905","agricultural insurance | insurance products","cross cutting","","2026-09-14"
"subsector type","7-736603905","agricultural insurance | agricultural insurance programs","cross cutting","","2026-09-14"
"subsector type","7-736603905","value-chain development and private sector grants | matching grants scheme (mps) to support individual family applicants and commercial enterprises","agri-food","","2026-09-14"
"subsector type","7-736603905","post-harvest infrastructure (market) | construction of a fish market","farming system-fish","","2026-09-14"
"subsector type","7-736603905","extension services infrastructure | construction of extension agent house and office","cross cutting","","2026-09-14"
"subsector type","7-736603905","community finance (pcr) and ccps | establishment/revitalization of pcr associations and support to ccps","cross cutting","","2026-09-14"
"subsector type","7-736603905","community finance (pcr) and ccps | establishment/revitalization of pcr associations and support to ccps; ccps signing co-management agreements","cross cutting","","2026-09-14"
"subsector type","7-736603905","co-management (ccps) | support to ccps and signing of co-management agreements with districts","cross cutting","","2026-09-14"
"subsector type","7-736603905","pcr participation (district-level) | pcr associations established/revitalized in district","cross cutting","","2026-09-14"
"subsector type","7-736603905","community and institutional capacity building | training of government agencies’ staff and community members","cross cutting","","2026-09-14"
"subsector type","7-736603905","community activities (mozambique) | support to ccps and community meetings","cross cutting","","2026-09-14"
"subsector type","7-736603905","extension infrastructure (mozambique) | extension agent house and office constructed (see above)","cross cutting","","2026-09-14"
"subsector type","7-736603905","community activities (mozambique) | support to ccps and pcr participants in province","cross cutting","","2026-09-14"
"subsector type","7-736603905","vessel registration and licensing; mcs | vessel registration and licensing, inspections, vessel monitoring center and themis web ais system (dsfa), mcs investments and training","farming system-fish","","2026-09-14"
"subsector type","7-736603905","community-based co-management and cfma development | support to bmus, development of cfma management plans, training, joint patrols, and revenue/licensing fee collection training","farming system-fish","","2026-09-14"
"subsector type","7-736603905","community-based co-management and cfma development | support to bmus and cfma management plan development and training","farming system-fish","","2026-09-14"
"subsector type","7-736603905","co-management and livelihood support | support to bmus and alternative livelihood and vsl schemes","farming system-fish","","2026-09-14"
"subsector type","7-736603905","octopus management and seasonal closure | implementation of octopus seasonal closures as per octopus management plan","farming system-fish","","2026-09-14"
"subsector type","7-736603905","co-management and bmu support | support to bmus and co-management committees and patrols","farming system-fish","","2026-09-14"
"subsector type","7-736603905","prawn seasonal closure implementation | prawn seasonal closures implementation in line with prawn management plan","farming system-fish","","2026-09-14"
"subsector type","7-736603905","octopus seasonal closure implementation | implementation of octopus seasonal closure","farming system-fish","","2026-09-14"
"subsector type","7-736603905","bmu office infrastructure | construction of bmu office in dunda (mbarali district)","farming system-fish","","2026-09-14"
"subsector type","7-736603905","bmu office infrastructure | construction of bmu office in kipumbwi (pangani district)","farming system-fish","","2026-09-14"
"subsector type","7-736603905","bmu office infrastructure | construction of bmu office in saadani (pangani district)","farming system-fish","","2026-09-14"
"subsector type","7-736603905","bmu office infrastructure | construction of bmu office in sudi (lindi region)","farming system-fish","","2026-09-14"
"subsector type","7-736603905","bmu office infrastructure | construction of bmu office in zingibari (tanga region)","farming system-fish","","2026-09-14"
"subsector type","7-736603905","staff accommodation/infrastructure | staff accommodation constructed for park staff","land use","","2026-09-14"
"subsector type","7-736603905","cold chain infrastructure | supply and commissioning of cold rooms at malindi landing site","farming system-fish","","2026-09-14"
"subsector type","7-736603905","eez mcs infrastructure (boat ramp) | construction of dsfa boat ramp and slipway (fumba)","farming system-fish","","2026-09-14"
"subsector type","7-736603905","ranger surveillance post/field office | construction/refurbishment of ranger surveillance posts/field offices in unguja/pemba","land use","","2026-09-14"
"subsector type","7-736603905","ranger surveillance post/field office | construction/refurbishment of ranger surveillance posts/field offices","land use","","2026-09-14"
"subsector type","7-736603905","ranger surveillance post/field office | construction of new ranger surveillance post and field office in pungume island","land use","","2026-09-14"
"subsector type","7-736603905","ranger surveillance post/field office | refurbishment of ranger surveillance post/field office","land use","","2026-09-14"
"subsector type","7-736603905","ranger surveillance post/field office | construction/refurbishment of ranger surveillance posts/field offices in pemba","land use","","2026-09-14"
"subsector type","7-736603905","administration building refurbishment | refurbishment of mbef administration building (nyangumi house) with facilities and library/archive","land use","","2026-09-14"
"subsector type","7-736603905","bmu infrastructure (dunda) | construction of bmu office in dunda (see above)","farming system-fish","","2026-09-14"
"subsector type","7-736603905","marine conservation area management, mariculture and seaweed value chains | mcas general management plans developed; seaweed processing support including barges and training; octopus closures implemented; sea cucumber training","farming system-fish","","2026-09-14"
"subsector type","7-736603905","marine conservation area management, seaweed and sea cucumber value chains | mcas general management plans; sea cucumber pens and training; seaweed barges and training","farming system-fish","","2026-09-14"
"subsector type","7-736603905","research infrastructure | constructed an administration office and warehouse at bvumbwe","NOT STATED","","2026-09-14"
"subsector type","7-736603905","research infrastructure; irrigation | constructed a new administration office, conference room and library at kasinthula; rehabilitated irrigation infrastructure","farming system-crop","","2026-09-14"
"subsector type","7-736603905","irrigation/irrigation systems | one of three irrigation systems rehabilitated (chókwe, umbelúzi and ribaué)","farming system-crop","","2026-09-14"
"subsector type","7-736603905","soil laboratory/soil testing | rehabilitated soil laboratory at mt makulu research station","land use","","2026-09-14"
"subsector type","7-736603905","research site safety | fenced the reservoir and erected warning signs; community sensitization on risks","NOT STATED","","2026-09-14"
"subsector type","7-736603905","research station rehabilitation | minor rehabilitations at research stations including mt makulu","NOT STATED","","2026-09-14"
"subsector type","7-736603905","irrigation; laboratory | constructed irrigation system; rehabilitated soil laboratory; rehabilitated road to gravel standard","farming system-crop","","2026-09-14"
"subsector type","7-736603905","research station minor rehabilitations | minor rehabilitations at multiple research stations","NOT STATED","","2026-09-14"
"subsector type","7-736603905","research infrastructure; entomology lab; irrigation | rehabilitated offices, warehouse, threshing-floor and entomology laboratory; irrigation system rehabilitation (joint)","farming system-crop","","2026-09-14"
"subsector type","7-736603905","research infrastructure; entomology laboratory | rehabilitated 1 administrative block and 1 entomology laboratory at nampula","farming system-crop","","2026-09-14"
"subsector type","7-736603905","research infrastructure/housing | rehabilitated houses, outbuildings, warehouses and office buildings","NOT STATED","","2026-09-14"
"subsector type","7-736603905","research infrastructure/housing | rehabilitated 1 house at nametil","NOT STATED","","2026-09-14"
"subsector type","7-736603905","irrigation | one of three irrigation systems rehabilitated (chókwe, umbelúzi and ribaué)","farming system-crop","","2026-09-14"
"target_beneficiary","24-407073859","15 countries received support on their slwm country strategic investment framework (csif) including uganda, madagascar, ghana, gambia, mali, kenya, niger, senegal, drc, burkina faso, cote d’ivoire, nigeria, malawi, togo and lesotho.","CANDIDATE: countries","","2026-09-14"
"target_beneficiary","24-407073859","5 week-long restoration opportunities assessment methodologies (roam) workshops held in cote d’ivoire, kenya, malawi, niger and uganda in 2017 and 2018 in partnership with iucn.","NOT STATED","","2026-09-14"
"target_beneficiary","24-407073859","country project and national program teams","CANDIDATE: country project and national program teams","","2026-09-14"
"target_beneficiary","24-407073859","attended by 17 member countries","CANDIDATE: countries","","2026-09-14"
"target_beneficiary","24-407073859","national stakeholders including csos, sectoral representatives, and donors","CANDIDATE: national stakeholders","","2026-09-14"
"target_beneficiary","24-407073859","countries supported through joint fact-finding and planning missions","CANDIDATE: countries","","2026-09-14"
"target_beneficiary","24-407073859","ethiopia benefitted from dedicated ta trust funds","CANDIDATE: country","","2026-09-14"
"target_beneficiary","24-407073859","mozambique benefitted from dedicated ta trust funds","CANDIDATE: country","","2026-09-14"
"target_beneficiary","24-407073859","the secretariat was transferred later in 2009 to nepad’s secretariat, located near johannesburg, south africa","NOT STATED","","2026-09-14"
"target_beneficiary","24-407073859","benefited over 63,500 individuals","CANDIDATE: individuals","","2026-09-14"
"target_beneficiary","24-407073859","15,106 beneficiaries reached","CANDIDATE: individuals","","2026-09-14"
"target_beneficiary","24-407073859","aligned partners around sustainability guidelines","CANDIDATE: partners","","2026-09-14"
"target_beneficiary","24-407073859","""all 28 associations interviewed indicated that the key benefit of having an association was the opportunity to receive seeds, goats, and other inputs from ogb.""","farmer association","","2026-09-14"
"target_beneficiary","24-407073859","""only 43% of the groups interviewed stated that oxfam technicians provide training & technical assistance.""","CANDIDATE: groups","","2026-09-14"
"target_beneficiary","24-407073859","""number associations association legally recognized 1""","farmer association","","2026-09-14"
"target_beneficiary","24-407073859","""what are the processing activities? making traditional alcoholic drinks""","NOT STATED","","2026-09-14"
"target_beneficiary","24-407073859","""ikuro soybeans 2""","NOT STATED","","2026-09-14"
"target_beneficiary","24-407073859","""j.f.s tobacco 2""","NOT STATED","","2026-09-14"
"target_beneficiary","24-407073859","""m.l.t tobacco 3""","NOT STATED","","2026-09-14"
"target_beneficiary","24-407073859","""devolt sunflower 1""","NOT STATED","","2026-09-14"
"target_beneficiary","24-407073859","""ucasn sesame 1""","NOT STATED","","2026-09-14"
"target_beneficiary","24-407073859","""world relief paprika 1""","NOT STATED","","2026-09-14"
"target_beneficiary","24-407073859","""trainers and farmers who are the primary beneficiaries.""","CANDIDATE: trainers and farmers","","2026-09-14"
"target_beneficiary","24-407073859","small-scale farmers","smallholder farmer","","2026-09-14"
"target_beneficiary","24-407073859","farmers","smallholder farmer","","2026-09-14"
"target_beneficiary","24-407073859","2,104 of 3,000 vessels registered","artisanal fisher","","2026-09-14"
"target_beneficiary","24-407073859","a fisheries monitoring center was built, equipped, and made functional","artisanal fisher","","2026-09-14"
"target_beneficiary","24-407073859","756 vessels inspected","artisanal fisher","","2026-09-14"
"target_beneficiary","24-407073859","2,134 value-chain operators benefitting from training and equipment","agribusiness","","2026-09-14"
"target_beneficiary","24-407073859","management plans for demersal line fisheries, coastal shrimp, and deep-sea crustaceans implemented","NOT STATED","","2026-09-14"
"target_beneficiary","24-407073859","695 land patrol days; 297 coastal patrol days","NOT STATED","","2026-09-14"
"target_beneficiary","24-407073859","dashboard in place and made public with regularly updated data","NOT STATED","","2026-09-14"
"target_beneficiary","24-407073859","1,217 recipients from mps (1,213 individual family applicants, 4 commercial enterprises)","CANDIDATE: individual family applicants and commercial enterprises","","2026-09-14"
"target_beneficiary","24-407073859","3,449 pcr participants in nampula province","NOT STATED","","2026-09-14"
"target_beneficiary","24-407073859","8,498 pcr participants in zambezia province","NOT STATED","","2026-09-14"
"target_beneficiary","24-407073859","5,599 pcr participants in sofala province; 43 ccps achieved performance targets in sofala bank","NOT STATED","","2026-09-14"
"target_beneficiary","24-407073859","43 ccps achieved performance targets (of 62 supported in sofala bank)","CANDIDATE: CCPs","","2026-09-14"
"target_beneficiary","24-407073859","31,068 government staff trained (mozambique total)","CANDIDATE: government staff","","2026-09-14"
"target_beneficiary","24-407073859","tanzania: fisheries management plans (fmp) consulted, approved and implemented: 7","NOT STATED","","2026-09-14"
"target_beneficiary","24-407073859","5,547 vessels licensed (58% of 9,563 registered) in mainland tanzania","artisanal fisher","","2026-09-14"
"target_beneficiary","24-407073859","42 percent non-licensed in mainland tanzania (4,016 of 9,563 vessels)","artisanal fisher","","2026-09-14"
"target_beneficiary","24-407073859","all 99 vfcs in three mcas achieved at least two performance targets","CANDIDATE: VFCs","","2026-09-14"
"target_beneficiary","24-407073859","direct beneficiaries 2,338,654","CANDIDATE: individuals","","2026-09-14"
"target_beneficiary","24-407073859","direct beneficiaries 1,000,000","CANDIDATE: individuals","","2026-09-14"
"target_beneficiary","24-407073859","direct beneficiaries 1,274,292","CANDIDATE: individuals","","2026-09-14"
"target_beneficiary","24-407073859","farmers, livestock producers, and other potential end-users of the improved technology and knowledge generated and/or disseminated by the program","producer","","2026-09-14"
"target_beneficiary","24-407073859","rcol soil scientists and farmers (improved soil testing services)","smallholder farmer","","2026-09-14"
"target_beneficiary","24-407073859","farmers and research staff using post-harvest facilities","smallholder farmer","","2026-09-14"
"target_beneficiary","24-407073859","farmers receiving seed; lead farmers","smallholder farmer","","2026-09-14"
"target_beneficiary","24-407073859","farmers using drying equipment","smallholder farmer","","2026-09-14"
"target_beneficiary","24-407073859","farmers and researchers","smallholder farmer","","2026-09-14"
"target_beneficiary","24-407073859","researchers and farmers relying on entomology services","smallholder farmer","","2026-09-14"
"target_beneficiary","24-407073859","project staff and trainees housed at the station","CANDIDATE: project staff and trainees","","2026-09-14"
"target_beneficiary","24-407073859","farmers using irrigation","smallholder farmer","","2026-09-14"
"target_beneficiary","24-407073859","farmers (adopters of improved varieties)","smallholder farmer","","2026-09-14"
"target_beneficiary","24-407073859","trained 200 lead farmers who trained and supported 18,230 follower farmers","smallholder farmer","","2026-09-14"
"target_beneficiary","24-407073859","producers affected by land acquisition (116 producers affected)","producer","","2026-09-14"
"result_level","5-713819355","received support on their slwm country strategic investment framework (csif) | 1 countries supported in their slm country investment framework development, implementation, or update","output","","2026-09-14"
"result_level","5-713819355","received support on their slwm country strategic investment framework (csif); launch of kenya’s csif supported | 1 countries supported in their slm country investment framework development, implementation, or update / launches supported","output","","2026-09-14"
"result_level","5-713819355","received support on their slwm country strategic investment framework (csif); roam workshop held | 1 countries supported in their slm country investment framework development, implementation, or update / roam workshops held","process","","2026-09-14"
"result_level","5-713819355","received support on their slwm country strategic investment framework (csif); csif validation and platform launch supported | 1 countries supported in their slm country investment framework development, implementation, or update / validation workshops supported","process","","2026-09-14"
"result_level","5-713819355","documentary on slm best practices produced; csif support received | 1 documentary produced / countries supported in their slm country investment framework development, implementation, or update","output","","2026-09-14"
"result_level","5-713819355","roam workshop held; slwm platform launch supported | 1 roam workshops held / slwm platform launches supported","process","","2026-09-14"
"result_level","5-713819355","roam workshop held; country visits undertaken for knowledge products | 1 roam workshops held / country visits undertaken","process","","2026-09-14"
"result_level","5-713819355","received support on their slwm country strategic investment framework (csif); slm platform launch/validation supported | 1 countries supported in their slm country investment framework development, implementation, or update / platform launches supported","process","","2026-09-14"
"result_level","5-713819355","received support on their slwm country strategic investment framework (csif); attended landscape workshop in maseru | 1 countries supported in their slm country investment framework development, implementation, or update / learning workshops held","process","","2026-09-14"
"result_level","5-713819355","roam workshops held in these countries in 2017 and 2018 in partnership with iucn | 1 roam workshops held","process","","2026-09-14"
"result_level","5-713819355","ilm training held, attended by 17 member countries | 17 member countries attended","output","","2026-09-14"
"result_level","5-713819355","financing slwm workshop held | 1 workshops held","process","","2026-09-14"
"result_level","5-713819355","csif learning workshop held | 1 learning workshops held","process","","2026-09-14"
"result_level","5-713819355","regional km and m&e workshop held | 1 workshops held","process","","2026-09-14"
"result_level","5-713819355","slm platform launch supported | 1 slm platform launches supported","output","","2026-09-14"
"result_level","5-713819355","country visit undertaken for knowledge products | 1 country visits undertaken","process","","2026-09-14"
"result_level","5-713819355","landscape approach workshop held | 1 learning workshops held","process","","2026-09-14"
"result_level","5-713819355","secretariat relocated and hosted by nepad agency |","output","","2026-09-14"
"result_level","5-713819355","15,861 hectares under sustainable land and water management practices (slwm) | 15861 hectares under sustainable land and water management practices","output","","2026-09-14"
"result_level","5-713819355","63,500 individuals benefited | 63500 individuals benefited","output","","2026-09-14"
"result_level","5-713819355","600,995 hectares under cremas | 600995 hectares under cremas","output","","2026-09-14"
"result_level","5-713819355","presence of the shea processing facility has contributed to increased pressure on access to wild shea nuts |","outcome","","2026-09-14"
"result_level","5-713819355","9,289 hectares protected and managed (conservation areas) | 9289 hectares of protected and managed conservation areas","output","","2026-09-14"
"result_level","5-713819355","7,583 hectares under sustainable agricultural practices | 7583 hectares under sustainable agricultural practices","output","","2026-09-14"
"result_level","5-713819355","1,099,647 tco2e avoided | 1099647 tco2e avoided","impact","","2026-09-14"
"result_level","5-713819355","in liberia, smallholder palm oil producers adopted more sustainable practices |","outcome","","2026-09-14"
"result_level","5-713819355","ggp support for the national oil palm platform (noppol) aligned partners around sustainability guidelines that followed the global roundtable on sustainable palm oil |","outcome","","2026-09-14"
"result_level","5-713819355","modest progress was made in cold chain and market access improvements in cabo verde | cold chain and market access improvements","outcome","","2026-09-14"
"result_level","5-713819355","number of associations that received seed and other inputs | 28 associations receiving seed and other inputs","output","","2026-09-14"
"result_level","5-713819355","number of associations reporting training & technical assistance from oxfam | 12 associations reporting training & technical assistance","output","","2026-09-14"
"result_level","5-713819355","number of surveyed associations legally recognized | 1 associations legally recognized","outcome","","2026-09-14"
"result_level","5-713819355","number of surveyed associations with land legalized | 0 associations with land legalized","outcome","","2026-09-14"
"result_level","5-713819355","number of associations with a written production plan | 0 associations with written production plan","output","","2026-09-14"
"result_level","5-713819355","number of associations carrying out processing activities | 1 associations carrying out processing activities","output","","2026-09-14"
"result_level","5-713819355","number of associations with 'excellent' road access | 2 associations with 'excellent' access roads","output","","2026-09-14"
"result_level","5-713819355","number of associations with 'reasonable' road access | 23 associations with 'reasonable' access roads","output","","2026-09-14"
"result_level","5-713819355","number of associations with 'poor' road access | 3 associations with 'poor' access roads","output","","2026-09-14"
"result_level","5-713819355","number of associations carrying out group sales | 15 associations carrying out group sales","output","","2026-09-14"
"result_level","5-713819355","number of associations that ever had a production contract with a buyer | 11 associations with production contracts","output","","2026-09-14"
"result_level","5-713819355","number of associations contracted to produce soybeans for ikuro | 2 associations contracted to ikuro for soybeans","output","","2026-09-14"
"result_level","5-713819355","number of associations contracted to produce tobacco for j.f.s | 2 associations contracted to j.f.s for tobacco","output","","2026-09-14"
"result_level","5-713819355","number of associations contracted to produce tobacco for m.l.t | 3 associations contracted to m.l.t for tobacco","output","","2026-09-14"
"result_level","5-713819355","number of associations contracted to produce sunflower for devolt | 1 associations contracted to devolt for sunflower","output","","2026-09-14"
"result_level","5-713819355","number of associations contracted to produce sesame for ucasn | 1 associations contracted to ucasn for sesame","output","","2026-09-14"
"result_level","5-713819355","number of associations contracted to produce paprika for world relief | 1 associations contracted to world relief for paprika","output","","2026-09-14"
"result_level","5-713819355","number of associations with a collection point | 6 associations with a collection point","output","","2026-09-14"
"result_level","5-713819355","number of associations with a warehouse | 6 associations with a warehouse","output","","2026-09-14"
"result_level","5-713819355","number of associations with a seed bank | 5 associations with a seed bank","output","","2026-09-14"
"result_level","5-713819355","number of associations that received business plan / business development training | 5 associations receiving business plan training","output","","2026-09-14"
"result_level","5-713819355","number of associations that received marketing training | 7 associations receiving marketing training","output","","2026-09-14"
"result_level","5-713819355","number of associations that received hiv/sida training | 13 associations receiving hiv/sida training","output","","2026-09-14"
"result_level","5-713819355","number of associations that learned to grow maize (new) | 14 associations reporting learning to grow maize","outcome","","2026-09-14"
"result_level","5-713819355","number of associations with women elected as leaders | 19 associations with women elected as leaders","outcome","","2026-09-14"
"result_level","5-713819355","number of associations that have an operations fund | 7 associations with operations fund","output","","2026-09-14"
"result_level","5-713819355","number of associations with a bank account | 0 associations with bank account","output","","2026-09-14"
"result_level","5-713819355","number of xitique groups operating in mirreia ii | 3 xitique groups","output","","2026-09-14"
"result_level","5-713819355","""through the application of ipm techniques, nearly ten thousand (10 000) farm managers (compared to one thousand envisaged at project start-up) were able to increase their yields of subsistence crops"" | 10000 farm managers","outcome","","2026-09-14"
"result_level","5-713819355","""yields 2003 (kg/ha) ipm plot 3726"" | 3726 kg/ha","outcome","","2026-09-14"
"result_level","5-713819355","""yields 2003 (kg/ha) ipm plot 945"" | 945 kg/ha","outcome","","2026-09-14"
"result_level","5-713819355","""yields 2003 (kg/ha) ipm plot 1137"" | 1137 kg/ha","outcome","","2026-09-14"
"result_level","5-713819355","""yields 2003 (kg/ha) ipm plot 835"" | 835 kg/ha","outcome","","2026-09-14"
"result_level","5-713819355","""yields 2003 (kg/ha) ipm plot 6930"" | 6930 kg/ha","outcome","","2026-09-14"
"result_level","5-713819355","""yields 2003 (kg/ha) ipm plot 1296"" | 1296 kg/ha","outcome","","2026-09-14"
"result_level","5-713819355","""yields 2003 (kg/ha) ipm plot 1104"" | 1104 kg/ha","outcome","","2026-09-14"
"result_level","5-713819355","""yields 2003 (kg/ha) ipm plot 2781"" | 2781 kg/ha","outcome","","2026-09-14"
"result_level","5-713819355","""the ngala school is provided with the required equipment and operational"" |","output","","2026-09-14"
"result_level","5-713819355","""some farmers produce and sell these products on the local market."" |","outcome","","2026-09-14"
"result_level","5-713819355","there has been a significant uptake in the adoption of these products, particularly among those who participated in the program. |","outcome","","2026-09-14"
"result_level","5-713819355","farmers articulate an improvement in their farming abilities and risk management practices after attending financial education programs. |","outcome","","2026-09-14"
"result_level","5-713819355","the eastern province demonstrates the highest uptake of insurance products among farmers | uptake of insurance products","outcome","","2026-09-14"
"result_level","5-713819355","the southern province follows closely | insurance product uptake","outcome","","2026-09-14"
"result_level","5-713819355","most of farmers in these regions had not subscribed to any form of insurance cover | not subscribed to any form of insurance cover","outcome","","2026-09-14"
"result_level","5-713819355","northern and western provinces have less traction in terms of insurance product uptake | insurance product uptake","outcome","","2026-09-14"
"result_level","5-713819355","national coastal fisheries management plan adopted in december 2020 and partially implemented | 1 eaf demersal fisheries management plan implemented","output","","2026-09-14"
"result_level","5-713819355","fisheries monitoring center built, equipped, and made functional | 1 fisheries monitoring center built and functional","output","","2026-09-14"
"result_level","5-713819355","2,104 vessels registered | 2104 vessels registered","output","","2026-09-14"
"result_level","5-713819355","756 vessels inspected (25.2% of motorized fleet) | 756 vessels inspected","process","","2026-09-14"
"result_level","5-713819355","cold chain chamber constructed and operational | 1 operational fisheries infrastructure","output","","2026-09-14"
"result_level","5-713819355","cold chain chamber constructed and value-chain operators trained | 1 operational fisheries infrastructure","output","","2026-09-14"
"result_level","5-713819355","fish shop constructed and operational | 1 operational fisheries infrastructure","output","","2026-09-14"
"result_level","5-713819355","storage structure constructed and operational | 1 operational fisheries infrastructure","output","","2026-09-14"
"result_level","5-713819355","seasonal fishing closures implemented and regularly monitored |","outcome","","2026-09-14"
"result_level","5-713819355","storage structure with parking area constructed and operational | 1 operational fisheries infrastructure","output","","2026-09-14"
"result_level","5-713819355","2,134 value-chain operators benefited from training and equipment | 2134 value-chain operators trained/benefitted","output","","2026-09-14"
"result_level","5-713819355","three fisheries management plans developed/updated and implemented | 3 fisheries management plans implemented","output","","2026-09-14"
"result_level","5-713819355","695 land patrol days in target area | 695 land patrol days","process","","2026-09-14"
"result_level","5-713819355","297 coastal patrol days in target area | 297 coastal patrol days","process","","2026-09-14"
"result_level","5-713819355","integrated fis (siimaip) established with public dashboard and regularly updated data | 1 fis/dashboard operational","output","","2026-09-14"
"result_level","5-713819355","1,217 recipients supported by matching grants scheme (1,213 individual family applicants; 4 commercial businesses) | 1217 recipients supported","output","","2026-09-14"
"result_level","5-713819355","fish market constructed and operational | 1 fish market operational","output","","2026-09-14"
"result_level","5-713819355","3,449 pcr participants reached in nampula province | 3449 pcr participants","output","","2026-09-14"
"result_level","5-713819355","8,498 pcr participants reached in zambezia province | 8498 pcr participants","output","","2026-09-14"
"result_level","5-713819355","5,599 pcr participants reached in sofala province | 5599 pcr participants","output","","2026-09-14"
"result_level","5-713819355","43 ccps achieved performance targets in sofala bank | 43 ccps achieving performance targets","outcome","","2026-09-14"
"result_level","5-713819355","government agencies' staff trained on relevant subjects (part of 31,068 reported) | 31068 government staff trained (mozambique total)","output","","2026-09-14"
"result_level","5-713819355","seven fisheries management plans consulted, approved and implemented (tanzania total) | 7 fisheries management plans implemented","output","","2026-09-14"
"result_level","5-713819355","5,547 vessels licensed in mainland tanzania | 5547 vessels licensed","output","","2026-09-14"
"result_level","5-713819355","42 percent non-licensed vessels in mainland tanzania (2022) | 42 %","NOT STATED","","2026-09-14"
"result_level","5-713819355","octopus seasonal closures implemented in pangani (and kilwa) districts |","outcome","","2026-09-14"
"result_level","5-713819355","prawn seasonal closure implemented in kibiti |","outcome","","2026-09-14"
"result_level","5-713819355","octopus seasonal closure implemented in kilwa |","outcome","","2026-09-14"
"result_level","5-713819355","bmu office constructed and operational in dunda | 1 bmu office operational","output","","2026-09-14"
"result_level","5-713819355","bmu office constructed and operational in kipumbwi | 1 bmu office operational","output","","2026-09-14"
"result_level","5-713819355","bmu office constructed and operational in saadani | 1 bmu office operational","output","","2026-09-14"
"result_level","5-713819355","bmu office constructed and operational in sudi | 1 bmu office operational","output","","2026-09-14"
"result_level","5-713819355","bmu office constructed and operational in zingibari | 1 bmu office operational","output","","2026-09-14"
"result_level","5-713819355","tafiri wet lab constructed and operational in kunduchi | 1 wet laboratory operational","output","","2026-09-14"
"result_level","5-713819355","staff accommodation constructed and operational | 1 staff accommodation operational","output","","2026-09-14"
"result_level","5-713819355","nungwi fish market rehabilitated and operational | 1 fish market operational","output","","2026-09-14"
"result_level","5-713819355","tumbe fish market rehabilitated and ice plant installed | 1 fish market operational","output","","2026-09-14"
"result_level","5-713819355","cold rooms supplied and commissioned at malindi landing site | 1 cold room operational","output","","2026-09-14"
"result_level","5-713819355","boat slipway at fumba completed and handed over (jan 2022) | 1 boat slipway operational","output","","2026-09-14"
"result_level","5-713819355","ranger surveillance posts/field offices constructed/refurbished and operational | 1 ranger surveillance post operational","output","","2026-09-14"
"result_level","5-713819355","ranger surveillance post/field office refurbished and operational | 1 ranger post operational","output","","2026-09-14"
"result_level","5-713819355","ranger surveillance post/field office constructed/refurbished and operational | 1 ranger post operational","output","","2026-09-14"
"result_level","5-713819355","ranger surveillance post constructed and operational | 1 ranger post operational","output","","2026-09-14"
"result_level","5-713819355","new ranger surveillance post and field office constructed and operational | 1 ranger post operational","output","","2026-09-14"
"result_level","5-713819355","mbef administration building refurbished and equipped | 1 administration building refurbished","output","","2026-09-14"
"result_level","5-713819355","marine park administration block works partially completed (60% paid) | 60 %","output","","2026-09-14"
"result_level","5-713819355","99 vfcs in targeted mcas achieved at least two performance targets (100%) | 99 vfcs achieving performance targets","outcome","","2026-09-14"
"result_level","5-713819355","sea cucumber harvest and export increased (pemba and zanzibar) benefiting community members | 552 community members benefiting from sea cucumber production/export","outcome","","2026-09-14"
"result_level","5-713819355","total number of improved technologies available to farmers & other end users 95 | 95 number of improved technologies","output","","2026-09-14"
"result_level","5-713819355","total number of improved technologies available to farmers & other end users 115 | 115 number of improved technologies","output","","2026-09-14"
"result_level","5-713819355","total number of improved technologies available to farmers & other end users 91 | 91 number of improved technologies","output","","2026-09-14"
"result_level","5-713819355","rehabilitated regional centre of leadership for maize and maize based research, chitedze completed | research centre rehabilitated/equipped","output","","2026-09-14"
"result_level","5-713819355","constructed a laboratory complex at chitedze housing a plant pathology, biotechnology, tissue culture and food science | laboratory complex constructed","output","","2026-09-14"
"result_level","5-713819355","rehabilitated 5 laboratories: soil chemistry, soil physics, seed laboratory, plant pathology and nematology, library and conference room at bvumbwe | 5 laboratories rehabilitated","output","","2026-09-14"
"result_level","5-713819355","constructed an administration office and warehouse at bvumbwe | administration office and warehouse constructed","output","","2026-09-14"
"result_level","5-713819355","constructed a new administration office, conference room and library at kasinthula; rehabilitated irrigation infrastructure: fallow and sprinkler systems at kasinthula | infrastructure rehabilitated/constructed","output","","2026-09-14"
"result_level","5-713819355","built a new rice research center in namacura | research center constructed","output","","2026-09-14"
"result_level","5-713819355","constructed rcol in namacurra completed | regional center constructed","output","","2026-09-14"
"result_level","5-713819355","rehabilitated 1 main building and 1 dormitory for students and trainees at umbelúzi; involved women’s groups in value addition initiatives | building and dormitory rehabilitated; groups involved","output","","2026-09-14"
"result_level","5-713819355","three irrigation systems were rehabilitated in chókwe, umbelúzi and ribaué completed | 3 irrigation systems rehabilitated","output","","2026-09-14"
"result_level","5-713819355","rehabilitated soil laboratory at mt makulu research station completed | soil laboratory rehabilitated","output","","2026-09-14"
"result_level","5-713819355","zari expedited the fencing off of the reservoir and erected appropriate warning signs; sensitized all communities, schools and clinics | reservoir fenced and signage installed; community sensitized","output","","2026-09-14"
"result_level","5-713819355","minor rehabilitations at mt makulu, kabwe, misamfu, mutanda, mansa, mufulira, nanga and mochipapa research stations completed | research stations rehabilitated (minor works)","output","","2026-09-14"
"result_level","5-713819355","constructed irrigation system at kabwe research station completed; rehabilitated soil laboratory at kabwe; rehabilitated 1.8 km road to gravel standard at kabwe research station | irrigation system constructed; laboratory rehabilitated; road rehabilitated","output","","2026-09-14"
"result_level","5-713819355","rehabilitated a cold room at golden valley research station completed | cold room rehabilitated","output","","2026-09-14"
"result_level","5-713819355","maintenance & multiplication 100kg breeders seed; multiplication of 500kg foundation seed (beans and rice - msamfu research station) | 100 kg breeders seed","output","","2026-09-14"
"result_level","5-713819355","maintenance & multiplication 100kg breeders seed; multiplication of 500kg foundation seed (beans and rice - msamfu research station) | 500 kg foundation seed multiplied","output","","2026-09-14"
"result_level","5-713819355","maintenance & multiplication 100kg breeders seed (cowpea - mochipapa research station) | 100 kg breeders seed","output","","2026-09-14"
"result_level","5-713819355","multiplication of 500kg foundation seed (cowpea - mochipapa research station) | 500 kg foundation seed","output","","2026-09-14"
"result_level","5-713819355","maintenance & multiplication 1800kg breeders seed (groundnut - msekera research station) | 1800 kg breeders seed","output","","2026-09-14"
"result_level","5-713819355","multiplication of 4000kg foundation seed (groundnut - msekera research station) | 4000 kg foundation seed","output","","2026-09-14"
"result_level","5-713819355","maintenance & multiplication 200kg breeders seed (rice – mongu) | 200 kg breeders seed","output","","2026-09-14"
"result_level","5-713819355","multiplication of 4000kg foundation seed (rice – mongu) | 4000 kg foundation seed","output","","2026-09-14"
"result_level","5-713819355","minor rehabilitations at mt makulu, kabwe, misamfu, mutanda, mansa, mufulira, nanga and mochipapa research stations completed | research stations minor rehabilitations completed","output","","2026-09-14"
"result_level","5-713819355","installation of solar drying equipment at salima completed | solar drying equipment installed","output","","2026-09-14"
"result_level","5-713819355","rehabilitated 1 office, 1 warehouse, 1 threshing-floor, 1 entomology laboratory at chókwe; irrigation system rehabilitated (joint) | infrastructure rehabilitated","output","","2026-09-14"
"result_level","5-713819355","rehabilitated 1 administrative block and 1 entomology laboratory at nampula completed | 1 administrative block rehabilitated","output","","2026-09-14"
"result_level","5-713819355","rehabilitated 7 houses, 4 outbuildings, 2 warehouses, 2 office buildings at sussundenga completed | 7 houses rehabilitated","output","","2026-09-14"
"result_level","5-713819355","rehabilitated 1 house at nametil completed | 1 house rehabilitated","output","","2026-09-14"
"result_level","5-713819355","three irrigation systems were rehabilitated in chókwe, umbelúzi and ribaué completed | 3 irrigation systems rehabilitated (total)","output","","2026-09-14"
"result_level","5-713819355","mocuba is a very aromatic and marketable paddy rice variety... yield potential up to 5 tons per hectare | tons per hectare (yield potential)","NOT STATED","","2026-09-14"
"result_level","5-713819355","in mulanje district a farmer harvested two and half 50kg bags from a 0.01 ha plot; 3,200 farmers already expressed interest to grow one of the two varieties | field demonstration results and farmer interest recorded","outcome","","2026-09-14"
"result_level","5-713819355","the group received parent seed material from appsa and training on seed multiplication | group trained and supplied with parent seed","output","","2026-09-14"
"actor_match","1-937753608","acre rwanda","CON26","","2026-09-14"
"actor_match","1-937753608","wwf-us","GLO81","","2026-09-14"
"actor_match","1-937753608","cilss permanent interstate committee for drought control in the sahel, minister of state, minister of agriculture and livestock (niger), ministry of animal and halieutic resources, ministry of livestock and animal production, ministry of livestock and fisheries, ministry of rural development","REG1","","2026-09-15"
"actor_match","1-937753608","agency for environment and sustainable development (aedd)","MALI19","","2026-09-15"
"actor_match","1-937753608","fonds fiduciaires gafsp spefoodsecprog","GLO38","","2026-09-15"
"actor_match","1-937753608","cilss permanent interstate committee for drought control in the sahel","REG1","","2026-09-15"
"actor_match","1-937753608","ministry of economy, planning and regional development (minepat)","CMR7","","2026-09-15"
"actor_match","1-937753608","agence nationale d'appui au développement rural (national rural development support agency - anader)","CIV9","","2026-09-15"
"actor_match","1-937753608","maep (ministry of agriculture, livestock and fisheries)","MALI24","","2026-09-15"
"actor_match","1-937753608","compagnie nationale d'assurance agricole du sénégal (cnaas)","SEN4","","2026-09-15"
"project_scale (geographic level of the project)","6-672912753","scope: ""the main beneficiaries of praps will be pastoralists and agro-pastoralists in burkina faso, chad, mali, mauritania, niger, and senegal; specific trans-boundary geographic areas and transhumance axes are prioritized in each of these six countries."" | locations: 6","multinational","","2026-09-15"
"project_scale (geographic level of the project)","6-672912753","scope: the pdo in the project appraisal document (pad) was to “increase coffee productivity and improve its quality among small-scale coffee growers in burundi.” [page 11] | locations: 6 (provinces)","national","","2026-09-15"
"project_scale (geographic level of the project)","6-672912753","scope: region: africa country: cameroon | locations: 21","national","","2026-09-15"
"project_scale (geographic level of the project)","6-672912753","scope: africa | zimbabwe | environment & natural resources global practice | global environment project | investment project financing | fy 2014 | seq no: 8 | archived on 01-may-2018 | isr31342 | | locations: 2","national","","2026-09-15"
"project_scale (geographic level of the project)","6-672912753","scope: project name: agricultural infrastructure support project in indenie-djuablin region (paia-id) country: côte d’ivoire | locations: 24","sub-national","","2026-09-15"
"project_scale (geographic level of the project)","6-672912753","scope: pays benin dans ses trois départements d’intervention (alibori, borgou et collines), le projet a ciblé des communes fragiles et défavorisées sur le plan économique, social et environnemental, mais dotées d’un important potentiel agricole et piscicole dont la mise en valeur durable devait cont","sub-national","","2026-09-15"
"project_scale (geographic level of the project)","6-672912753","scope: the pacv-mt intervention area covers 20 of the most vulnerable communes in the regions of mopti and timbuktu, namely: mopti region (cercle de koro: commune of bamba; cercle de bandiagara: communes of pelou and kendé; cercle de douentza: communes of tédié, koubewel-koundia, gandamia and dangol","sub-national","","2026-09-15"
"project_scale (geographic level of the project)","6-672912753","scope: “building urban climate resilience in south-eastern africa” project | locations: 4","multinational","","2026-09-15"
"project_scale (geographic level of the project)","6-672912753","scope: ""this decentralised evaluation report presents the results of the final evaluation of the world food programme (wfp) green climate fund (gcf) project in senegal titled "" building the climate resilience of food insecure smallholder farmers through integrated management of climate risks (r4)"", ","sub-national","","2026-09-15"
"project_scale (geographic level of the project)","6-672912753","scope: as of june 2024, the ppcr has funded 64 projects, totaling $935 million, in 18 pilot countries 2 and two regions (caribbean and paciﬁc). ppcr programming spans all regions of the world and multiple sectors. | locations: ~157 document reports a total of 18 pilot countries and two regions (cari","multinational","","2026-09-15"
"target_beneficiary_project (who the project targets)","24-407073859","the main beneficiaries of praps will be pastoralists and agro-pastoralists in burkina faso, chad, mali, mauritania, niger, and senegal; specific trans-boundary geographic areas and transhumance axes are prioritized in each of these six countries. the proposed project is expected to benefit 2,070,000","pastoralist/herder","","2026-09-15"
"target_beneficiary_project (who the project targets)","24-407073859","the targeted primary beneficiaries were to be small-scale coffee growers.","smallholder farmer","","2026-09-15"
"target_beneficiary_project (who the project targets)","24-407073859","direct beneficiaries ministry of energy and water resources (minee) cameroon rural electrification agency (aer) ministry of economy, planning and regional development (minepat)","CANDIDATE: government agencies","","2026-09-15"
"target_beneficiary_project (who the project targets)","24-407073859","managers and communities in the hwange-sanyati biological corridor (hsbc).","community","","2026-09-15"
"target_beneficiary_project (who the project targets)","24-407073859","the project is expected to directly serve 9,000 farms (35% of the farms in the region) and 100,000 inhabitants by improving roads and drinking water supply.","community","","2026-09-15"
"target_beneficiary_project (who the project targets)","24-407073859","dans ses trois départements d’intervention (alibori, borgou et collines), le projet a ciblé des communes fragiles et défavorisées sur le plan économique, social et environnemental, mais dotées d’un important potentiel agricole et piscicole dont la mise en valeur durable devait contribuer à améliorer","community","","2026-09-15"
"target_beneficiary_project (who the project targets)","24-407073859","it benefits 20 of the most vulnerable communes in the regions of mopti and timbuktu and targets particularly vulnerable populations (small farmers, youth, women, displaced populations, etc.).","vulnerable population","","2026-09-15"
"target_beneficiary_project (who the project targets)","24-407073859","the overall objective of the project is to improve the food security and incomes of 405,000 people from vulnerable smallholder households, including households headed by women/widows/daughters in the regions of kaffrine, kolda, tambacounda, fatick and kaolack in senegal, by strengthening their resil","smallholder farmer","","2026-09-15"
"target_beneficiary_project (who the project targets)","24-407073859","within the 55 million beneficiaries of the ppcr (as reported by the cif secretariat), ppcr projects directly benefited a subset of more than 6 million people in rural communities in eight countries through economic diversiﬁcation, increased agricultural productivity, and improved water access.","community","","2026-09-15"
"document_type","19-197634846","project completion report (pcr)","implementation completion report","","2026-09-15"
"document_type","19-197634846","rapport d’achèvement de projet (rap) pour les operations du secteur public","implementation completion report","","2026-09-15"
"result_metric (what a project result counts)","27-668944407","in pastoral crisis, time to reach 50 percent targeted beneficiaries with services and/or funds as foreseen in the inclusive intervention plan - regional average","NOT STATED","","2026-09-15"
"result_metric (what a project result counts)","27-668944407","oic – direct beneficiaries (disaggregated by gender) (number/ percentage)","direct beneficiaries","","2026-09-15"
"result_metric (what a project result counts)","27-668944407","project duration","NOT STATED","","2026-09-15"
"result_metric (what a project result counts)","27-668944407","direct project beneficiaries(number, custom)","direct beneficiaries","","2026-09-15"
"result_metric (what a project result counts)","27-668944407","actual (a) beneficiaries registered","direct beneficiaries","","2026-09-15"
"result_metric (what a project result counts)","27-668944407","productivité moyenne des cultures céréalières (kg/ha) (kgh)","crop yield increase","","2026-09-15"
"result_metric (what a project result counts)","27-668944407","training of 595 pilot beneficiaries on 2 climate change resilient technologies: weather applications and multifunctional seed drills","direct beneficiaries","","2026-09-15"
"result_metric (what a project result counts)","27-668944407","the management accepts 6 recommendations (and partially accepts recommendation #5)","NOT STATED","","2026-09-15"
"result_metric (what a project result counts)","27-668944407","number of direct and indirect beneficiaries","total beneficiaries","","2026-09-15"
"result_metric (what a project result counts)","27-668944407","the project reached nearly 2.6 million direct beneficiaries, including 1.2 million women","direct beneficiaries","","2026-09-15"
"result_unit","12-116947432","weeks","CANDIDATE: weeks","","2026-09-15"
"result_unit","12-116947432","months","CANDIDATE: months","","2026-09-15"
"result_unit","12-116947432","number, custom","quantity","","2026-09-15"
"result_unit","12-116947432","(kg/ha) (kgh)","kg/hectare","","2026-09-15"
"result_unit","12-116947432","pilot beneficiaries","individuals","","2026-09-15"
"result_unit","12-116947432","recommendations","CANDIDATE: recommendations","","2026-09-15"
"result_unit","12-116947432","total","NOT STATED","","2026-09-15"
"result_unit","12-116947432","direct beneficiaries / women","individuals","","2026-09-15"
"result_metric (what a project result counts)","27-668944407","in pastoral crisis, time to reach 50 percent targeted beneficiaries with services and/or funds as foreseen in the inclusive intervention plan","direct beneficiaries","","2026-09-15"
"result_metric (what a project result counts)","27-668944407","total implementation duration","NOT STATED","","2026-09-15"
"result_metric (what a project result counts)","27-668944407","female beneficiaries(percentage, custom supplement)","women beneficiaries","","2026-09-15"
"result_metric (what a project result counts)","27-668944407","% of women (among beneficiaries)","women beneficiaries","","2026-09-15"
"result_metric (what a project result counts)","27-668944407","volume de production vivrière (riz, maïs, manioc) commercialisée/an (t) (ton)","CANDIDATE: marketed food production","","2026-09-15"
"result_metric (what a project result counts)","27-668944407","1.1. number of kilometers of streams and canals cleared","CANDIDATE: kilometers waterways cleared","","2026-09-15"
"result_metric (what a project result counts)","27-668944407","a 12-month no-cost extension request submitted by un-habitat","NOT STATED","","2026-09-15"
"result_metric (what a project result counts)","27-668944407","beneﬁciaries of the ppcr (as reported by the cif secretariat)","total beneficiaries","","2026-09-15"
"result_unit","12-116947432","percentage, custom supplement","percentage","","2026-09-15"
"result_unit","12-116947432","(t) (ton)","tons","","2026-09-15"
"result_unit","12-116947432","km","CANDIDATE: kilometers","","2026-09-15"
"result_unit","12-116947432","no-cost extension (months)","CANDIDATE: months","","2026-09-15"
"result_unit","12-116947432","male","NOT STATED","","2026-09-15"
"result_unit","12-116947432","beneﬁciaries","individuals","","2026-09-15"
"result_metric (what a project result counts)","27-668944407","beneficiary satisfaction with project services (including cnac, inter café)","NOT STATED","","2026-09-15"
"result_metric (what a project result counts)","27-668944407","extension(s)","extension agents trained","","2026-09-15"
"result_metric (what a project result counts)","27-668944407","capacity building of beneficiaries (percentage, custom)","direct beneficiaries","","2026-09-15"
"result_metric (what a project result counts)","27-668944407","outcome 1.1: annual production of target crops (t)","CANDIDATE: crop production (tonnes)","","2026-09-15"
"result_metric (what a project result counts)","27-668944407","volume de production maraîchère commercialisée/an (t) (ton)","CANDIDATE: marketed vegetable production (tonnes)","","2026-09-15"
"result_metric (what a project result counts)","27-668944407","1.2. number of functional streams and canals increased","CANDIDATE: functional streams and canals","","2026-09-15"
"result_metric (what a project result counts)","27-668944407","extending the project until 22 october 2024","NOT STATED","","2026-09-15"
"result_metric (what a project result counts)","27-668944407","directly benefited a subset of more than 6 million people in rural communities","direct beneficiaries","","2026-09-15"
"result_unit","12-116947432","percentage, custom","percentage","","2026-09-15"
"result_unit","12-116947432","date","NOT STATED","","2026-09-15"
"result_unit","12-116947432","female","NOT STATED","","2026-09-15"
"funding_mechanism (financing instrument type)","6-894277550","instrument wording: global environment project | investment project financing | portion:","loan","","2026-09-15"
"actor_match","1-125171186","african development fund (adf)","CON3","v3-metric-candidate","2026-09-16"
"actor_match","1-125171186","aedd/maedd (nature)","MALI19","v3-metric-candidate","2026-09-16"
"actor_match","1-125171186","european bank for reconstruction and development (ebrd)","EU11","v3-metric-candidate","2026-09-16"
"actor_match","1-125171186","aedd (agency for environment and sustainable development) / meadd","MALI19","v3-metric-candidate","2026-09-16"
"result_metric (what a project result counts)","27-87336763","in pastoral crisis, time to reach 50 percent targeted beneficiaries with services and/or funds as foreseen in the inclusive intervention plan - regional average","direct beneficiaries","v3-metric-candidate","2026-09-16"
"result_metric (what a project result counts)","27-87336763","project duration","NOT STATED","v3-metric-candidate","2026-09-16"
"result_metric (what a project result counts)","27-87336763","the management accepts 6 recommendations (and partially accepts recommendation #5)","CANDIDATE: recommendations accepted","v3-metric-candidate","2026-09-16"
"result_unit","12-10592817","total","NOT STATED","v3-metric-candidate","2026-09-16"
"result_metric (what a project result counts)","27-87336763","total implementation duration","NOT STATED","v3-metric-candidate","2026-09-16"
"result_metric (what a project result counts)","27-87336763","a 12-month no-cost extension request submitted by un-habitat","NOT STATED","v3-metric-candidate","2026-09-16"
"result_unit","12-10592817","male","NOT STATED","v3-metric-candidate","2026-09-16"
"result_metric (what a project result counts)","27-87336763","beneficiary satisfaction with project services (including cnac, inter café)","CANDIDATE: beneficiary satisfaction","v3-metric-candidate","2026-09-16"
"result_metric (what a project result counts)","27-87336763","extending the project until 22 october 2024","NOT STATED","v3-metric-candidate","2026-09-16"
"result_unit","12-10592817","date","NOT STATED","v3-metric-candidate","2026-09-16"
"result_unit","12-10592817","female","NOT STATED","v3-metric-candidate","2026-09-16"
"actor_match","1-125171186","gef trust fund","GLO28","v3-metric-candidate","2026-09-16"
"actor_match","1-125171186","nepad planning and coordinating agency (nepad agency)","CON14","v3-metric-candidate","2026-09-16"
"project_scale (geographic level of the project)","6-143903628","scope: the partnership has served about 30 ssa countries. | locations: 25 15 countries are named as receiving support: ""15 countries received support on their slwm country strategic investment framework (csif) including uganda, madagascar, ghana, gambia, mali, kenya, niger, senegal, drc, burkina fas","multinational","v3-metric-candidate","2026-09-16"
"project_scale (geographic level of the project)","6-143903628","scope: ""burkina faso, burundi, eswatini, ethiopia, ghana, kenya, malawi, niger, nigeria, senegal, tanzania, uganda"" | locations: 17 12 countries are named as receiving rfs support; ghana and tanzania are further specified at village/district level as follows: ""burkina faso, burundi, eswatini, ethiop","multinational","v3-metric-candidate","2026-09-16"
"project_scale (geographic level of the project)","6-143903628","scope: brazil, indonesia, liberia, paraguay | locations: 1 ""brazil, indonesia, liberia, paraguay"" [page 18]","multinational","v3-metric-candidate","2026-09-16"
"project_scale (geographic level of the project)","6-143903628","scope: cabo verde, côte d’ivoire, ecuador, indonesia, peru, senegal | locations: 3 cabo verde, côte d’ivoire, ecuador, indonesia, peru, senegal","multinational","v3-metric-candidate","2026-09-16"
"project_scale (geographic level of the project)","6-143903628","scope: a survey questionnaire implemented with 28 associations in five districts in which the project operates (cuamba, mecanhelas, mandimba, maúa, and metarica); | locations: 5 verbatim quotes naming project locations: ""a survey questionnaire implemented with 28 associations in five districts in wh","sub-national","v3-metric-candidate","2026-09-16"
"project_scale (geographic level of the project)","6-143903628","scope: 7. beneficiary : 4 lcbc countries: cameroon, niger, nigeria and chad | locations: 20 ""3. location : lake chad basin"" [page 5] ""7. beneficiary : 4 lcbc countries: cameroon, niger, nigeria and chad"" [page 5] ""research and development was conducted in 20 pilot villages, at the rate of 5 in each ","multinational","v3-metric-candidate","2026-09-16"
"project_scale (geographic level of the project)","6-143903628","scope: through a lens of resilience, this report focuses on the transformative potential of crop insurance and its impact on the livelihoods of farmers in rwanda. in total, four fgds were conducted, engaging 33 smallholder farmers from the rwamagana and ngoma districts, selected to reflect the diver","sub-national","v3-metric-candidate","2026-09-16"
"project_scale (geographic level of the project)","6-143903628","scope: the study’s geographical scope was nationwide, with specific emphasis on regions where acre rwanda has the highest farmer uptake of insurance products, including the northern, southern, eastern, and western provinces, and kigali city. | locations: 5 the study’s geographical scope was nationwi","national","v3-metric-candidate","2026-09-16"
"project_scale (geographic level of the project)","6-143903628","scope: this implementation completion and results report (icr) evaluates the south west indian ocean fisheries governance and shared growth project 1 (swiofish1) – a first in the swiofish series of operations (sop), with international development association (ida) credits and grants and global envir","national","v3-metric-candidate","2026-09-16"
"project_scale (geographic level of the project)","6-143903628","scope: ""the participating sadc countries were malawi, mozambique and zambia, and the priority crops chosen were maize, rice, and legumes."" | locations: 29 count includes the three participating countries and specific research stations, districts and sites named in the report (quoted passages below a","multinational","v3-metric-candidate","2026-09-16"
"target_beneficiary_project (who the project targets)","24-115445661","the pdo is to strengthen capacity at nepad agency to support terrafrica member countries on knowledge management and actions forscaling up sustainable land and water management (slwm).","CANDIDATE: NEPAD Agency","v3-metric-candidate","2026-09-16"
"target_beneficiary_project (who the project targets)","24-115445661","program-level reporting indicates that more than 10,000 farmers, producers, and community members directly benefited from agricultural training and community conservation agreements.","producer","v3-metric-candidate","2026-09-16"
"target_beneficiary_project (who the project targets)","24-115445661","the project’s goal is to strengthen food security in four countries of the lake chad basin area, namely cameroon, niger, nigeria and chad. this requires the reduction of pest-related crop losses through the regionally coordinated use of tested ipm techniques, particularly on food crops (millet and s","smallholder farmer","v3-metric-candidate","2026-09-16"
"target_beneficiary_project (who the project targets)","24-115445661","a fourth pdo-level indicator measured the number of project direct beneficiaries: (d) number of direct project beneficiaries (of whom % are females) - comoros (target: 10,000, 27%) - mozambique (target: 60,000, 10%) - tanzania (target: 65,000, 50%) - regional (target: 50, 30%)","NOT STATED","v3-metric-candidate","2026-09-16"
"result_metric (what a project result counts)","27-87336763","land restored","land restored","v3-metric-candidate","2026-09-16"
"result_metric (what a project result counts)","27-87336763","marine surface under spatial planning","CANDIDATE: marine surface under spatial planning","v3-metric-candidate","2026-09-16"
"result_metric (what a project result counts)","27-87336763","number associations land legalized land not legalized","CANDIDATE: number of associations","v3-metric-candidate","2026-09-16"
"result_metric (what a project result counts)","27-87336763","farmers in ipm techniques (120 farmers of both sexes)","crop producers","v3-metric-candidate","2026-09-16"
"result_metric (what a project result counts)","27-87336763","approximately 43% of farmers feeling confident","crop producers","v3-metric-candidate","2026-09-16"
"result_metric (what a project result counts)","27-87336763","was able to onboard 20,000 farmers","smallholder farmers reached","v3-metric-candidate","2026-09-16"
"result_metric (what a project result counts)","27-87336763","(regional level) number of new swiofc member country signatures to bilateral and/or multilateral agreements on fisheries","CANDIDATE: member country signatures","v3-metric-candidate","2026-09-16"
"result_metric (what a project result counts)","27-87336763","technologies that are being made available to farmers and other end users","CANDIDATE: technologies made available","v3-metric-candidate","2026-09-16"
"result_unit","12-10592817","number associations","organizations","v3-metric-candidate","2026-09-16"
"result_metric (what a project result counts)","27-87336763","sustainable land & water management / improved natural resource governance/ecosystem approach","land under climate-smart practices","v3-metric-candidate","2026-09-16"
"result_metric (what a project result counts)","27-87336763","improved land management","land under climate-smart practices","v3-metric-candidate","2026-09-16"
"result_metric (what a project result counts)","27-87336763","marine and coastal areas under conservation","biodiversity landscapes conserved","v3-metric-candidate","2026-09-16"
"result_metric (what a project result counts)","27-87336763","number associations association legally recognized association legally not recognized","producer organizations","v3-metric-candidate","2026-09-16"
"result_metric (what a project result counts)","27-87336763","29 women","women beneficiaries","v3-metric-candidate","2026-09-16"
"result_metric (what a project result counts)","27-87336763","farmers spend an estimated 11-20% of their income on managing agricultural risks","crop producers","v3-metric-candidate","2026-09-16"
"result_metric (what a project result counts)","27-87336763","as low as 39% for maize","NOT STATED","v3-metric-candidate","2026-09-16"
"result_metric (what a project result counts)","27-87336763","fisheries management plans implemented","CANDIDATE: Fisheries management plans","v3-metric-candidate","2026-09-16"
"result_metric (what a project result counts)","27-87336763","lead farmers in targeted areas who are aware of an improved technology promoted by the project","smallholder farmers reached","v3-metric-candidate","2026-09-16"
"result_metric (what a project result counts)","27-87336763","major terrafrica events planned and held","CANDIDATE: TerrAfrica events","v3-metric-candidate","2026-09-16"
"result_metric (what a project result counts)","27-87336763","production landscapes under sustainable management","land under climate-smart practices","v3-metric-candidate","2026-09-16"
"result_metric (what a project result counts)","27-87336763","high conservation value/high carbon stock (hcv/hcs) area protection","terrestrial protected areas","v3-metric-candidate","2026-09-16"
"result_metric (what a project result counts)","27-87336763","women improving their conditions","women beneficiaries","v3-metric-candidate","2026-09-16"
"result_metric (what a project result counts)","27-87336763","number associations association has other businesses no other businesses","CANDIDATE: associations counted","v3-metric-candidate","2026-09-16"
"result_metric (what a project result counts)","27-87336763","i.e. 24%","NOT STATED","v3-metric-candidate","2026-09-16"
"result_metric (what a project result counts)","27-87336763","leading to yield losses, in some cases, of over 20%","harvest loss reduced","v3-metric-candidate","2026-09-16"
"result_metric (what a project result counts)","27-87336763","as high as 132% for chili","NOT STATED","v3-metric-candidate","2026-09-16"
"result_metric (what a project result counts)","27-87336763","tanzania: fisheries management plans (fmp) consulted, approved and implemented","CANDIDATE: fisheries management plans","v3-metric-candidate","2026-09-16"
"result_metric (what a project result counts)","27-87336763","technologies generated or promoted by the project in one participating country that are released in another participating country","CANDIDATE: technologies released","v3-metric-candidate","2026-09-16"
"project_scale (geographic level of the project)","6-143903628","scope: the terrafrica global partnership program for sustainable land management in ssa was established in 2005 by representatives of ssa countries, international, regional and scientific organizations and civil society. | locations: 26 '15 countries received support on their slwm country strategic ","multinational","v3-metric-candidate","2026-09-28"
"project_scale (geographic level of the project)","6-143903628","scope: burkina faso, burundi, eswatini, ethiopia, ghana, kenya, malawi, niger, nigeria, senegal, tanzania, uganda | locations: 12 quoted country list from program overview: ""burkina faso, burundi, eswatini, ethiopia, ghana, kenya, malawi, niger, nigeria, senegal, tanzania, uganda"". finer-level examp","multinational","v3-metric-candidate","2026-09-28"
"project_scale (geographic level of the project)","6-143903628","scope: brazil, indonesia, liberia, paraguay | locations: 4 verbatim country list from the program overview: ""brazil, indonesia, liberia, paraguay"" (page 18). subnational/regional references to where ggp child projects worked appear elsewhere in the document: ""the ggp production, transaction, and bra","multinational","v3-metric-candidate","2026-09-28"
"project_scale (geographic level of the project)","6-143903628","scope: ""cabo verde, côte d’ivoire, ecuador, indonesia, peru, senegal"" | locations: 6 table 1 program row: ""cabo verde, côte d’ivoire, ecuador, indonesia, peru, senegal"" ([page 18]). annex 2 child project entries show related country listings, for example: ""coastal fisheries initiative- latin america","multinational","v3-metric-candidate","2026-09-28"
"project_scale (geographic level of the project)","6-143903628","scope: evaluation of niassa food and livelihood security programme in mozambique | locations: 1 ""evaluation of niassa food and livelihood security programme in mozambique"" [page 1]; ""niassa province – southern zone"" [page 6]; ""a survey questionnaire implemented with 28 associations in five districts","sub-national","v3-metric-candidate","2026-09-28"
"project_scale (geographic level of the project)","6-143903628","scope: 7. beneficiary : 4 lcbc countries: cameroon, niger, nigeria and chad | locations: 4 ""3. location : lake chad basin"" [page 5]; ""7. beneficiary : 4 lcbc countries: cameroon, niger, nigeria and chad"" [page 5]; ""the project’s goal is to strengthen food security in four countries of the lake chad ","multinational","v3-metric-candidate","2026-09-28"
"project_scale (geographic level of the project)","6-143903628","scope: through a lens of resilience, this report focuses on the transformative potential of crop insurance and its impact on the livelihoods of farmers in rwanda. | locations: 1 ""through a lens of resilience, this report focuses on the transformative potential of crop insurance and its impact on the","national","v3-metric-candidate","2026-09-28"
"project_scale (geographic level of the project)","6-143903628","scope: the study’s geographical scope was nationwide, with specific emphasis on regions where acre rwanda has the highest farmer uptake of insurance products, including the northern, southern, eastern, and western provinces, and kigali city. | locations: 1 ""the impact assessment report seeks to crit","national","v3-metric-candidate","2026-09-28"
"project_scale (geographic level of the project)","6-143903628","scope: this icr evaluates the south west indian ocean fisheries governance and shared growth project 1 (swiofish1) – a first in the swiofish series of operations (sop), with international development association (ida) credits and grants and global environment facility (gef) grants to the union of th","multinational","v3-metric-candidate","2026-09-28"
"project_scale (geographic level of the project)","6-143903628","scope: the participating sadc countries were malawi, mozambique and zambia, and the priority crops chosen were maize, rice, and legumes. | locations: 3 verbatim country statement: ""the participating sadc countries were malawi, mozambique and zambia, and the priority crops chosen were maize, rice, an","multinational","v3-metric-candidate","2026-09-28"
"target_beneficiary_project (who the project targets)","24-115445661","11. a fourth pdo-level indicator measured the number of project direct beneficiaries: (d) number of direct project beneficiaries (of whom % are females) - comoros (target: 10,000, 27%) - mozambique (target: 60,000, 10%) - tanzania (target: 65,000, 50%) - regional (target: 50, 30%)","NOT STATED","v3-metric-candidate","2026-09-28"
"result_metric (what a project result counts)","27-87336763","land benefiting from improved natural resource management and practices for biodiversity (28.4 million ha, 123 percent)","biodiversity landscapes conserved","v3-metric-candidate","2026-09-28"
"result_metric (what a project result counts)","27-87336763","""marine surface under spatial planning""","CANDIDATE: marine area under spatial planning","v3-metric-candidate","2026-09-28"
"result_metric (what a project result counts)","27-87336763","total population - members in associations assisted by ogb in southern niassa = 6,324 (data from oxfam cuamba)","association members","v3-metric-candidate","2026-09-28"
"result_metric (what a project result counts)","27-87336763","participation of over 10,000 individuals in such programs","direct beneficiaries","v3-metric-candidate","2026-09-28"
"result_unit","12-10592817","members","individuals","v3-metric-candidate","2026-09-28"
"result_metric (what a project result counts)","27-87336763","biodiversity landscapes","biodiversity landscapes conserved","v3-metric-candidate","2026-09-28"
"result_metric (what a project result counts)","27-87336763","high conservation value/high carbon stock (hcv/hcs) area protection (846,672 ha preserved)","terrestrial protected areas","v3-metric-candidate","2026-09-28"
"result_metric (what a project result counts)","27-87336763","""marine and coastal areas under conservation""","CANDIDATE: marine and coastal areas","v3-metric-candidate","2026-09-28"
"result_metric (what a project result counts)","27-87336763","total: 120 farmers","CANDIDATE: farmers reached","v3-metric-candidate","2026-09-28"
"result_metric (what a project result counts)","27-87336763","the fgds suggest that farmers allocate a portion of their income, with some estimating between 11-20%, towards managing risks","NOT STATED","v3-metric-candidate","2026-09-28"
"result_metric (what a project result counts)","27-87336763","loss ratio for maize","harvest loss reduced","v3-metric-candidate","2026-09-28"
"result_metric (what a project result counts)","27-87336763","ggp production project in paraguay (24 million ha)","CANDIDATE: project area (ha)","v3-metric-candidate","2026-09-28"
"result_metric (what a project result counts)","27-87336763","""women improving their conditions""","women beneficiaries","v3-metric-candidate","2026-09-28"
"result_metric (what a project result counts)","27-87336763","of which 29 women","women beneficiaries","v3-metric-candidate","2026-09-28"
"result_metric (what a project result counts)","27-87336763","loss ratio for chili","harvest loss reduced","v3-metric-candidate","2026-09-28"
"project_scale (geographic level of the project)","6-143903628","scope: ""brazil, indonesia, liberia, paraguay"" [page 17] | locations: 1 ""brazil, indonesia, liberia, paraguay"" [page 17]. total of 4 international locations, of which 1 african (liberia).","multinational","v3-metric-candidate","2026-09-28"
"project_scale (geographic level of the project)","6-143903628","scope: ""cabo verde, côte d’ivoire, ecuador, indonesia, peru, senegal"" | locations: 3 verbatim country list from the document: ""cabo verde, côte d’ivoire, ecuador, indonesia, peru, senegal""; total of 6 international locations, of which 3 african (cabo verde, côte d’ivoire, senegal). additional countr","multinational","v3-metric-candidate","2026-09-28"
"result_metric (what a project result counts)","27-87336763","973,000 ha of marine surface under spatial planning","CANDIDATE: marine area under spatial planning","v3-metric-candidate","2026-09-28"
"result_metric (what a project result counts)","27-87336763","119,902 ha of marine and coastal areas under conservation","biodiversity landscapes conserved","v3-metric-candidate","2026-09-28"
"result_metric (what a project result counts)","27-87336763","economic autonomy outcomes among women","women beneficiaries","v3-metric-candidate","2026-09-28"
"project_scale (geographic level of the project)","6-143903628","scope: the project area mainly covers the production areas of transhumant pastoralists, agro-pastoralists, and the rain-fed areas of the 08 wilayas of trarza, brakna, gorgol, tagant, assaba, guidimakha, hodh el gharbi and hodh el chergui. | locations: 1 ""project for enhancing community resilience an","sub-national","v3-metric-candidate","2026-09-28"
"project_scale (geographic level of the project)","6-143903628","scope: ""the main beneficiaries of the project are communities of the wilayas covering a strip extending from east to west in the south of the country, which includes the regions of trarza, brakna, gorgol, tagant, assaba, guidimakha, hodh el gharbi, and hodh el chergui (fig. 2)."" | locations: 1 verba","sub-national","v3-metric-candidate","2026-09-28"
"project_scale (geographic level of the project)","6-143903628","scope: this decentralised evaluation report presents the results of the final evaluation of the wfp's green climate fund (gcf) project in senegal titled ""building the climate resilience of food insecure smallholder farmers through integrated management of climate risks (the r4 rural resilience initi","sub-national","v3-metric-candidate","2026-09-28"
"project_scale (geographic level of the project)","6-143903628","scope: ethiopia-drought resilience & sustainable livelihood program in the horn of africa (phase i) | locations: 1 'ethiopia-drought resilience & sustainable livelihood program in the horn of africa (phase i)' [page 1]; 'country multi-countries' [page 1]; 'borrower government of ethiopia (multinatio","multinational","v3-metric-candidate","2026-09-28"
"project_scale (geographic level of the project)","6-143903628","scope: country mozambique | locations: 1 verbatim: 'country mozambique' (page 5); 'the republic of mozambique' (page 1); 'republic of mozambique' (page 4). also mentions internal geographic detail within mozambique: 'k2 has distributors present in almost all provinces in mozambique.' (page 22); '(us","national","v3-metric-candidate","2026-09-28"
"project_scale (geographic level of the project)","6-143903628","scope: country malawi | locations: 1 'country malawi' [page 1]. finer-level locations named in the document (verbatim): 'across the three project implementation districts' [page 5]; 'for example, in mngwangwa epa in lilongwe, a group of 200 farmers comprising 100 women and 50 youths had three granar","sub-national","v3-metric-candidate","2026-09-28"
"project_scale (geographic level of the project)","6-143903628","scope: adapting to climate change induced coastal risks management in sierra leone | locations: 1 ""country sierra leone""; verbatim subnational/site quotes: ""data generated covering all 6 project locations.""; ""an ocean buoy at the water quay, sierra leone’s main natural harbor""; ""600 ha of degraded m","sub-national","v3-metric-candidate","2026-09-28"
"project_scale (geographic level of the project)","6-143903628","scope: the project was implemented in 17 districts: kalabo, kaoma, limulunga, luampa, lukulu, mitete, mongu, mulobezi, mwandi, nalolo, nkeyema, senanga, sesheke, shangombo, sikongo, sioma, and kazungula. | locations: 1 ""the project was implemented in 17 districts: kalabo, kaoma, limulunga, luampa, l","sub-national","v3-metric-candidate","2026-09-28"
"project_scale (geographic level of the project)","6-143903628","scope: country: kenya | locations: 1 counted as 1 african country (kenya); document quotes naming where the project worked: ""country: kenya"" [page 6]. verbatim listing of counties: ""kaccal’s primary target beneficiaries were agro-pastoralist and pastoralist communities, including vulnerable and marg","sub-national","v3-metric-candidate","2026-09-28"
"project_scale (geographic level of the project)","6-143903628","scope: the project covers 16 districts of zambia namely: chama, mafinga, mambwe, nyimba, luangwa, rufunsa, chongwe, chirundu, siavonga, gwembe, namwala, kazungula, sioma, sesheke, senanga and mulobezi. | locations: 1 ""the project covers 16 districts of zambia namely: chama, mafinga, mambwe, nyimba, ","sub-national","v3-metric-candidate","2026-09-28"
"project_scale (geographic level of the project)","6-143903628","scope: | locations:","NOT STATED","v3-metric-candidate","2026-09-28"
"target_beneficiary_project (who the project targets)","24-115445661","these regions are home to vulnerable populations, very exposed to food and nutritional insecurity, who are the main beneficiaries of the project.","vulnerable population","v3-metric-candidate","2026-09-28"
"target_beneficiary_project (who the project targets)","24-115445661","the main beneficiaries of the project are communities of the wilayas covering a strip extending from east to west in the south of the country, which includes the regions of trarza, brakna, gorgol, tagant, assaba, guidimakha, hodh el gharbi, and hodh el chergui (fig. 2).","community","v3-metric-candidate","2026-09-28"
"target_beneficiary_project (who the project targets)","24-115445661","""the overall objective of the project is to improve the food security and incomes of 405,000 people from vulnerable smallholder households, including households headed by women/widows/daughters in the regions of kaffrine, kolda, tambacounda, fatick and kaolack in senegal, by strengthening their resi","smallholder farmer","v3-metric-candidate","2026-09-28"
"target_beneficiary_project (who the project targets)","24-115445661","the objective of the ethiopia drslp i was to improve livelihoods and resilience of the pastoral communities.","pastoralist/herder","v3-metric-candidate","2026-09-28"
"target_beneficiary_project (who the project targets)","24-115445661","indicator 6: share of rural households with access to credit (%female-headed)","women (female-headed households)","v3-metric-candidate","2026-09-28"
"target_beneficiary_project (who the project targets)","24-115445661","farmers 202,658.000 201,440.000 100.60% 57.00% farmers","NOT STATED","v3-metric-candidate","2026-09-28"
"target_beneficiary_project (who the project targets)","24-115445661","the end of project (april 2023) update on achievements towards targets reports 48 % women of a total 61,366 (male 32,068 = 52 %; female 29,298 = 48%) registered beneficiaries.","CANDIDATE: women","v3-metric-candidate","2026-09-28"
"target_beneficiary_project (who the project targets)","24-115445661","the development objective of the project is to strengthen zambia's institutional framework for climate resilience and improve the adaptive capacity of vulnerable communities in the barotse sub-basin.","community","v3-metric-candidate","2026-09-28"
"target_beneficiary_project (who the project targets)","24-115445661","kaccal’s primary target beneficiaries were agro-pastoralist and pastoralist communities, including vulnerable and marginalized groups (vmgs) and indigenous people (ips) (vmgs/ips 9), in garissa, tana river, west pokot and kilifi.","pastoralist/herder","v3-metric-candidate","2026-09-28"
"target_beneficiary_project (who the project targets)","24-115445661","the primary direct beneficiaries will include over 157,000 farming households and their families (approximately 946,153 people) across the five (5) provinces of eastern, western, southern, lusaka and muchinga. this will include all female-headed households (about 22 percent of all households) and ma","household","v3-metric-candidate","2026-09-28"
"target_beneficiary_project (who the project targets)","24-115445661","core number of direct beneficiaries disaggregated by gender as co-benefit of gef (number) indicator 11 investment number expected achieved pif stage endorsement mtr te female 1013 1157 male 1237 4933 total 2250 6089","NOT STATED","v3-metric-candidate","2026-09-28"
"document_type","19-942938535","final project evaluation report","terminal evaluation","v3-metric-candidate","2026-09-28"
"document_type","19-942938535","project completion report","implementation completion report","v3-metric-candidate","2026-09-28"
"document_type","19-942938535","project completion report for public sector operations (pcr)","implementation completion report","v3-metric-candidate","2026-09-28"
"document_type","19-942938535","interim evaluation report","mid-term evaluation","v3-metric-candidate","2026-09-28"
"document_type","19-942938535","gef 7 core indicator worksheet annex b","NOT STATED","v3-metric-candidate","2026-09-28"
"result_metric (what a project result counts)","27-87336763","total adaptation fund contribution of us $ 7,803,605","NOT STATED","v3-metric-candidate","2026-09-28"
"result_metric (what a project result counts)","27-87336763","training 80 managers, including 8 women representatives of regional delegations for the environment and sustainable development as well as regional technical services (agriculture, livestock, hydraulics, masef, csa, wfp and representatives of civil society) in the 8 wilayas where the project interve","extension agents trained","v3-metric-candidate","2026-09-28"
"result_metric (what a project result counts)","27-87336763","a5.1 institutional and regulatory systems that improve incentives for climate resilience and their effective implementation - % of the pnbf reached by climate risk management tools such as insurance","CANDIDATE: PNBF beneficiaries reached","v3-metric-candidate","2026-09-28"
"result_metric (what a project result counts)","27-87336763","number of people and livestock accessing water (%)","CANDIDATE: people and livestock accessing water","v3-metric-candidate","2026-09-28"
"result_metric (what a project result counts)","27-87336763","use of certified seed among farmers","crop producers","v3-metric-candidate","2026-09-28"
"result_metric (what a project result counts)","27-87336763","increased yield in cereal production (mho)","crop yield increase","v3-metric-candidate","2026-09-28"
"result_metric (what a project result counts)","27-87336763","installation of 5 weather stations1","CANDIDATE: weather stations installed","v3-metric-candidate","2026-09-28"
"result_metric (what a project result counts)","27-87336763","vulnerable districts, wards and communities use improved tools, information and instruments to respond to climate change and variability","CANDIDATE: vulnerable districts and communities","v3-metric-candidate","2026-09-28"
"result_metric (what a project result counts)","27-87336763","climate risk profiles developed and used for district management plans.","CANDIDATE: climate risk profiles developed","v3-metric-candidate","2026-09-28"
"result_metric (what a project result counts)","27-87336763","indicator 1: number of males and females benefiting from the adoption of diversified, climate-resilient livelihood options","total beneficiaries","v3-metric-candidate","2026-09-28"
"result_metric (what a project result counts)","27-87336763","area of land restored","land restored","v3-metric-candidate","2026-09-28"
"result_unit","12-10592817","us $","CANDIDATE: US dollars","v3-metric-candidate","2026-09-28"
"result_unit","12-10592817","managers","individuals","v3-metric-candidate","2026-09-28"
"result_unit","12-10592817","mho","CANDIDATE: mho (siemens)","v3-metric-candidate","2026-09-28"
"result_unit","12-10592817","weather stations","CANDIDATE: weather stations","v3-metric-candidate","2026-09-28"
"result_unit","12-10592817","males and females","individuals","v3-metric-candidate","2026-09-28"
"result_metric (what a project result counts)","27-87336763","the project actually reached 85 villages out of the 100 initially targeted","CANDIDATE: villages reached","v3-metric-candidate","2026-09-28"
"result_metric (what a project result counts)","27-87336763","training 61 members, including 10 women, representatives of 50 ngos operating in the 8 wilayas where the project operates, on the basic concepts of climate change and technical preparation for the implementation of adaptation measures.","association members","v3-metric-candidate","2026-09-28"
"result_metric (what a project result counts)","27-87336763","a7.1 use by vulnerable households, communities, business and public-sector services of fund supported tools, instruments, strategies and activities to respond to climate change - area (ha) brought under improved climate resilient management practices","land under climate-smart practices","v3-metric-candidate","2026-09-28"
"result_metric (what a project result counts)","27-87336763","improved availability of pasture and fodder (luh)","CANDIDATE: pasture and fodder availability","v3-metric-candidate","2026-09-28"
"result_metric (what a project result counts)","27-87336763","use of fertilizer among farmers","crop producers","v3-metric-candidate","2026-09-28"
"result_metric (what a project result counts)","27-87336763","increased yield in legume production (mho)","crop yield increase","v3-metric-candidate","2026-09-28"
"result_metric (what a project result counts)","27-87336763","procured and installed an ocean buoy at the water quay","CANDIDATE: ocean buoys installed","v3-metric-candidate","2026-09-28"
"result_metric (what a project result counts)","27-87336763","average flow velocity of targeted canal (m/s)","CANDIDATE: canal flow velocity","v3-metric-candidate","2026-09-28"
"result_metric (what a project result counts)","27-87336763","public and private advisory agents trained in community climate risk management","extension agents trained","v3-metric-candidate","2026-09-28"
"result_metric (what a project result counts)","27-87336763","indicator 1: area ha of agricultural land made more resilient to climate change through changed agricultural practices","land under climate-smart practices","v3-metric-candidate","2026-09-28"
"result_metric (what a project result counts)","27-87336763","area of degraded agricultural land restored","land restored","v3-metric-candidate","2026-09-28"
"result_unit","12-10592817","villages","CANDIDATE: villages","v3-metric-candidate","2026-09-28"
"result_unit","12-10592817","luh","CANDIDATE: luh","v3-metric-candidate","2026-09-28"
"result_unit","12-10592817","ocean buoy","CANDIDATE: ocean buoy","v3-metric-candidate","2026-09-28"
"result_unit","12-10592817","m/s","CANDIDATE: m/s","v3-metric-candidate","2026-09-28"
"result_metric (what a project result counts)","27-87336763","improving the means of production of over 32,000 or 192,000 individuals","direct beneficiaries","v3-metric-candidate","2026-09-28"
"result_metric (what a project result counts)","27-87336763","training 25 journalists from the radio mauritanie network (national radio, rural radio and local radios) in the field of environment, climate change and food security.","CANDIDATE: journalists trained","v3-metric-candidate","2026-09-28"
"result_metric (what a project result counts)","27-87336763","a7.1 area planted with trees","land restored","v3-metric-candidate","2026-09-28"
"result_metric (what a project result counts)","27-87336763","developed and improved rural feeder roads and improved connectivity for livestock input delivery and marketing (%)","CANDIDATE: rural feeder roads developed","v3-metric-candidate","2026-09-28"
"result_metric (what a project result counts)","27-87336763","additional irrigated area managed by irrigation associations","irrigated land","v3-metric-candidate","2026-09-28"
"result_metric (what a project result counts)","27-87336763","volume of quality and certified seeds delivered to farmers 50% being women (mtd)","CANDIDATE: seeds delivered to farmers","v3-metric-candidate","2026-09-28"
"result_metric (what a project result counts)","27-87336763","local government technical staff in four local councils have improved their capacity to provide iczm information to their communities.","CANDIDATE: local government staff trained","v3-metric-candidate","2026-09-28"
"result_metric (what a project result counts)","27-87336763","number of enterprise grants submitted for evaluation","CANDIDATE: enterprise grants submitted","v3-metric-candidate","2026-09-28"
"result_metric (what a project result counts)","27-87336763","percentage of arid lands resource management project (alrmp), sub-projects in the participating districts screened for improving response to climate risk.","CANDIDATE: sub-projects screened","v3-metric-candidate","2026-09-28"
"result_metric (what a project result counts)","27-87336763","90,198 women","women beneficiaries","v3-metric-candidate","2026-09-28"
"result_metric (what a project result counts)","27-87336763","hectares (4.1+4.2+4.3+4.4)","NOT STATED","v3-metric-candidate","2026-09-28"
"result_unit","12-10592817","journalists","individuals","v3-metric-candidate","2026-09-28"
"result_unit","12-10592817","mtd","CANDIDATE: mtd","v3-metric-candidate","2026-09-28"
"result_unit","12-10592817","local councils","organizations","v3-metric-candidate","2026-09-28"
"result_unit","12-10592817","grants","quantity","v3-metric-candidate","2026-09-28"
"funding_mechanism (financing instrument type)","6-398730849","instrument wording: project financing in uac financing source/instrument foreign currency local currency total a.d.f. project 6,485,940.46 23,514,059.54 30,000,000.00 government project 0.00 3,000,000.00 3,000,000.00 total 6,485,940.46 26,514,059.54 33,000,000.00 | portion: loan (90.91%) + counterpa","NOT STATED","v3-metric-candidate","2026-09-28"
"actor_match","1-125171186","world food program-wfp.","GLO16","v3-metric-candidate","2026-09-28"
"actor_match","1-125171186","global environment fund (gef) special climate change fund (sccf)","GLO28","v3-metric-candidate","2026-09-28"
"actor_match","1-125171186","world food program-wfp","GLO16","v3-metric-candidate","2026-09-28"
"actor_match","1-125171186","compagnie nationale d'assurance agricole du sénégal (cnaas)","SEN4","v3-metric-candidate","2026-09-28"
"actor_match","1-125171186","food agriculture organisation (fao)","GLO15","v3-metric-candidate","2026-09-28"
"actor_match","1-125171186","ministry of fisheries and livestock (mfl)","ZAM1","v3-metric-candidate","2026-09-28"
"actor_match","1-125171186","oxfam gb","UK15","v3-metric-candidate","2026-09-28"
"actor_match","1-125171186","food agriculture organization (fao)","GLO15","v3-metric-candidate","2026-09-28"
"project_scale (geographic level of the project)","6-143903628","scope: project name: ethiopia-drought resilience & sustainable livelihood program in the horn of africa (phase i) (page 1); country multi-countries (page 1); borrower government of ethiopia (multinational) (page 2); increased water availability and accessibility in the afar and somali regions (page ","multinational","v3-metric-candidate","2026-09-28"
"project_scale (geographic level of the project)","6-143903628","scope: ""the project covers 16 districts of zambia namely: chama, mafinga, mambwe, nyimba, luangwa, rufunsa, chongwe, chirundu, siavonga, gwembe, namwala, kazungula, sioma, sesheke, senanga and mulobezi."" | locations: 1 ""country(ies): zambia"" ""this project is being undertaken in five provinces in sel","sub-national","v3-metric-candidate","2026-09-28"
"target_beneficiary_project (who the project targets)","24-115445661","the project actually reached 85 villages out of the 100 initially targeted, among the poorest nd most vulnerable. these regions are home to vulnerable populations, very exposed to food and nutritional insecurity, who are the main beneficiaries of the project.","vulnerable population","v3-metric-candidate","2026-09-28"
"target_beneficiary_project (who the project targets)","24-115445661","the project development objective was to improve livelihoods and resilience of the pastoral communities in view of recurrent climatic crises.","pastoralist/herder","v3-metric-candidate","2026-09-28"
"target_beneficiary_project (who the project targets)","24-115445661","number of direct beneficiaries disaggregated by gender as co-benefit of gef investment","NOT STATED","v3-metric-candidate","2026-09-28"
"result_metric (what a project result counts)","27-87336763","number of males and females benefiting from the adoption of diversified , climate-resilient livelihood options","total beneficiaries","v3-metric-candidate","2026-09-28"
"result_metric (what a project result counts)","27-87336763","409,089 people with access to water","direct beneficiaries","v3-metric-candidate","2026-09-28"
"result_metric (what a project result counts)","27-87336763","area (ha) of agricultural land made more resilient to climate change through changed agricultural practices (e.g., planning times, new and resilient native varieties, efficient irrigation systems adopted)","land under climate-smart practices","v3-metric-candidate","2026-09-28"
"result_metric (what a project result counts)","27-87336763","the 8 wilayas targeted","CANDIDATE: Wilayas targeted","v3-metric-candidate","2026-09-28"
"result_metric (what a project result counts)","27-87336763","1,352,522.00 livestock with access to water","CANDIDATE: livestock with access to water","v3-metric-candidate","2026-09-28"
"result_metric (what a project result counts)","27-87336763","dissemination of improved packaging of weather information to 234,633 farmers to access more accurate and localised advisories","CANDIDATE: farmers reached","v3-metric-candidate","2026-09-28"
"result_metric (what a project result counts)","27-87336763","area of landscapes under improved practices (hectares; excluding protected areas)","land under climate-smart practices","v3-metric-candidate","2026-09-28"
"result_unit","12-10592817","wilayas","NOT STATED","v3-metric-candidate","2026-09-28"
"result_unit","12-10592817","livestock","NOT STATED","v3-metric-candidate","2026-09-28"
"project_scale (geographic level of the project)","6-143903628","scope: ""which was deployed in five regions of senegal (kolda, tambacounda, kaffrine, fatick and kaolack) between the 14th of january 2020 and the 14th of october 2024."" | locations: 1 ""which was deployed in five regions of senegal (kolda, tambacounda, kaffrine, fatick and kaolack) between the 14th o","sub-national","v3-metric-candidate","2026-09-28"
"result_metric (what a project result counts)","27-87336763","a7.1 use by vulnerable households, communities, business and public-sector services of fund supported tools, instruments, strategies and activities to respond to climate change - 5575 ha in total","vulnerable households","v3-metric-candidate","2026-09-28"
"result_metric (what a project result counts)","27-87336763","a7.1 - 882 ha planted with 56,493 trees","land restored","v3-metric-candidate","2026-09-28"
"result_metric (what a project result counts)","27-87336763","a7.1 - 56,493 trees","CANDIDATE: trees planted","v3-metric-candidate","2026-09-28"
"result_unit","12-10592817","trees","quantity","v3-metric-candidate","2026-09-28"
"result_unit","12-10592817","candidate: metric tons per hectare","CANDIDATE: metric tons per hectare","v3-metric-candidate","2026-09-28"
"project_scale (geographic level of the project)","6-143903628","scope: country mozambique | locations: 1 'country mozambique' (data sheet, page 5). other verbatim location mentions in the document: 'to the republic of mozambique' (page 1); 'k2 has distributors present in almost all provinces in mozambique.' (page 22); 'phoenix seeds and oruwera, a local seed com","national","v3-metric-candidate","2026-09-28"
"project_scale (geographic level of the project)","6-143903628","scope: country malawi | locations: 1 ""country malawi""; project implementation at district/epas level: ""the project trained 30 extension workers across the three project implementation districts who further trained 788 lead farmers at c ommunity level who supported the extension workers to further re","sub-national","v3-metric-candidate","2026-09-28"
"target_beneficiary_project (who the project targets)","24-115445661","to increase farm productivity in smallholder agriculture, while improving competitiveness and sustainability of the agriculture sector and taking into account social and private sector participation","smallholder farmer","v3-metric-candidate","2026-09-28"
"target_beneficiary_project (who the project targets)","24-115445661","the main goal of the malawi aefpf was to support smallholder farmers and the government to raise food production to mitigate the impact of the russia-ukraine food crisis in the shortterm period.","smallholder farmer","v3-metric-candidate","2026-09-28"
"actor_match","1-125171186","support program for agricultural marketing (pama), ifad","GLO17","v3-metric-candidate","2026-09-28"
"actor_match","1-125171186","food and agriculture organization (fao)","GLO15","v3-metric-candidate","2026-09-28"
"actor_match","1-125171186","united nations industrial development organization (unido)","GLO105","v3-metric-candidate","2026-09-28"
"actor_match","1-125171186","union of small farmer’s associations of southern niassa (ucasn), mozambique","MOZ3","v3-metric-candidate","2026-09-28"
"actor_match","1-125171186","rwanda agriculture board (rab), rwanda","RWA1","v3-metric-candidate","2026-09-28"
"actor_match","1-125171186","zambia agricultural research institute (zari), zambia","ZAM7","v3-metric-candidate","2026-09-28"
"project_scale (geographic level of the project)","6-143903628","scope: country africa | locations: 24 ""15 countries received support on their slwm country strategic investment framework (csif) including uganda, madagascar, ghana, gambia, mali, kenya, niger, senegal, drc, burkina faso, cote d’ivoire, nigeria, malawi, togo and lesotho."" [page 21] ""countries visite","multinational","v3-metric-candidate","2026-09-28"
"project_scale (geographic level of the project)","6-143903628","scope: ""burkina faso, burundi, eswatini, ethiopia, ghana, kenya, malawi, niger, nigeria, senegal, tanzania, uganda"" | locations: 12 ""burkina faso, burundi, eswatini, ethiopia, ghana, kenya, malawi, niger, nigeria, senegal, tanzania, uganda"" (resilient food systems (rfs) row, table 1). these 12 locat","multinational","v3-metric-candidate","2026-09-28"
"project_scale (geographic level of the project)","6-143903628","scope: ""brazil, indonesia, liberia, paraguay"" | locations: 1 document lists the ggp countries as: ""brazil, indonesia, liberia, paraguay"" (table 1, [page 18]). the document does not enumerate districts, villages, or sites for the ggp child projects.","multinational","v3-metric-candidate","2026-09-28"
"project_scale (geographic level of the project)","6-143903628","scope: ""cabo verde, côte d’ivoire, ecuador, indonesia, peru, senegal"" | locations: 3 ""cabo verde, côte d’ivoire, ecuador, indonesia, peru, senegal"" (table 1, [page 18]). of these six countries listed for the coastal fisheries initiative, the african countries counted here are ""cabo verde"", ""côte d’i","multinational","v3-metric-candidate","2026-09-28"
"project_scale (geographic level of the project)","6-143903628","scope: an inquiry into the specific situation of primary level associations - niassa province – southern zone | locations: 1 ""evaluation of niassa food and livelihood security programme in mozambique"" [page 1]; ""an inquiry into the specific situation of primary level associations - niassa province –","sub-national","v3-metric-candidate","2026-09-28"
"project_scale (geographic level of the project)","6-143903628","scope: the project’s goal is to strengthen food security in four countries of the lake chad basin area, namely cameroon, niger, nigeria and chad. | locations: 4 'beneficiary : 4 lcbc countries: cameroon, niger, nigeria and chad' (page 5). also: 'the project’s goal is to strengthen food security in f","multinational","v3-metric-candidate","2026-09-28"
"project_scale (geographic level of the project)","6-143903628","scope: this report represents a comprehensive impact assessment study, exploring the transformative potential of financial education in increasing the uptake of insurance products among rwandan farmers. | locations: 1 verbatim quotes from the document: ""acre africa has been instrumental in promoting","national","v3-metric-candidate","2026-09-28"
"project_scale (geographic level of the project)","6-143903628","scope: the project development objective of the appsa was to increase the availability of improved agricultural technologies in participating countries in the sadc region. the participating sadc countries were malawi, mozambique and zambia, and the priority crops chosen were maize, rice, and legumes","multinational","v3-metric-candidate","2026-09-28"
"target_beneficiary_project (who the project targets)","24-115445661","beneficiary : 4 lcbc countries: cameroon, niger, nigeria and chad","CANDIDATE: LCBC countries","v3-metric-candidate","2026-09-28"
"target_beneficiary_project (who the project targets)","24-115445661","aiming to offer an invaluable safety net to smallholder farmers.","smallholder farmer","v3-metric-candidate","2026-09-28"
"result_metric (what a project result counts)","27-87336763","beneficiaries","total beneficiaries","v3-metric-candidate","2026-09-28"
"result_metric (what a project result counts)","27-87336763","beneficiaries reached in the ggp brazil project (reported in child project terminal evaluation)","direct beneficiaries","v3-metric-candidate","2026-09-28"
"result_metric (what a project result counts)","27-87336763","393 women improving their conditions","women beneficiaries","v3-metric-candidate","2026-09-28"
"result_metric (what a project result counts)","27-87336763","number of women members surveyed","women beneficiaries","v3-metric-candidate","2026-09-28"
"result_metric (what a project result counts)","27-87336763","nearly ten thousand (10 000) farm managers (compared to one thousand envisaged at project start-up) were able to increase their yields","crop producers","v3-metric-candidate","2026-09-28"
"result_metric (what a project result counts)","27-87336763","with approximately 43% of farmers feeling confident and the rest expressing moderate confidence.","crop producers","v3-metric-candidate","2026-09-28"
"result_metric (what a project result counts)","27-87336763","ucasn affiliates delivered 30+ tons for export via rail through the nacala port","CANDIDATE: tons exported","v3-metric-candidate","2026-09-28"
"result_metric (what a project result counts)","27-87336763","sorghum yield in farmer field school plots 2003 (ipm plot)","crop yield increase","v3-metric-candidate","2026-09-28"
"result_metric (what a project result counts)","27-87336763","mozambique: targeted value chain actors receiving support from the ffp matching grants scheme, disaggregated by (i) individual family applicants and (ii) commercial businesses","direct beneficiaries","v3-metric-candidate","2026-09-28"
"result_metric (what a project result counts)","27-87336763","research centers rehabilitated or equipped","CANDIDATE: research centers rehabilitated","v3-metric-candidate","2026-09-28"
"result_metric (what a project result counts)","27-87336763","share of beneficiaries that are women","women beneficiaries","v3-metric-candidate","2026-09-28"
"result_metric (what a project result counts)","27-87336763","share of beneficiaries that are female in the ggp production project (paraguay) achieving 37 percent female beneficiaries","women beneficiaries","v3-metric-candidate","2026-09-28"
"result_metric (what a project result counts)","27-87336763","number associations increasing (volumes of association’s sales)","producer organizations","v3-metric-candidate","2026-09-28"
"result_metric (what a project result counts)","27-87336763","sorghum yield in control plot 2003 (control plot)","CANDIDATE: sorghum yield","v3-metric-candidate","2026-09-28"
"result_metric (what a project result counts)","27-87336763","farmers spend an estimated 11-20% of their income on managing agricultural risks.","crop producers","v3-metric-candidate","2026-09-28"
"result_metric (what a project result counts)","27-87336763","tanzania: % of noncompliance incidences in a year","CANDIDATE: noncompliance incidences","v3-metric-candidate","2026-09-28"
"funding_mechanism (financing instrument type)","6-398730849","instrument wording: which began in 2019 and is funded by the swiss capacity building facility (scbf). | portion:","grant","v3-metric-candidate","2026-09-28"
"actor_match","1-125171186","food agriculture organisation","GLO15","v3-metric-candidate","2026-09-28"
"result_metric (what a project result counts)","27-87336763","120 farmers in farmer field schools","smallholder farmers reached","v3-metric-candidate","2026-09-28"
"result_metric (what a project result counts)","27-87336763","sold over 20,001 policies during the same period","CANDIDATE: insurance policies sold","v3-metric-candidate","2026-09-28"
"result_metric (what a project result counts)","27-87336763","mozambique: co-management units achieving at least 2 performance targets (2)","CANDIDATE: co-management units","v3-metric-candidate","2026-09-28"
"project_scale (geographic level of the project)","6-143903628","scope: the main beneficiaries of the project are communities of the wilayas covering a strip extending from east to west in the south of the country, which includes the regions of trarza, brakna, gorgol, tagant, assaba, guidimakha, hodh el gharbi, and hodh el chergui (fig. 2). | locations: 1 'enhanc","sub-national","v3-metric-candidate","2026-09-28"
"project_scale (geographic level of the project)","6-143903628","scope: this decentralised evaluation report presents the results of the final evaluation of the wfp's green climate fund (gcf) project “building the climate resilience of food insecure smallholder farmers through integrated management of climate risks (the r4 rural resilience initiative)”, which was","sub-national","v3-metric-candidate","2026-09-28"
"project_scale (geographic level of the project)","6-143903628","scope: multi-countries | locations: 1 ""project name: ethiopia-drought resilience & sustainable livelihood program in the horn of africa (phase i)"" (page 1); ""country multi-countries"" (page 1); ""borrower government of ethiopia (multinational)"" (page 2); ""these interventions have resulted in significa","multinational","v3-metric-candidate","2026-09-28"
"project_scale (geographic level of the project)","6-143903628","scope: country mozambique | locations: 1 'to the republic of mozambique' [page 1]; 'country mozambique' [page 5]. finer-level locations quoted in the document: 'k2 has distributors present in almost all provinces in mozambique.' [page 22]; 'phoenix seeds and oruwera, a local seed company that partne","national","v3-metric-candidate","2026-09-28"
"project_scale (geographic level of the project)","6-143903628","scope: country malawi | locations: 1 verbatim quotes from the document naming where the project worked: ""country malawi"" [page 1]; ""the project trained 30 extension workers across the three project implementation districts who further trained 788 lead farmers at c ommunity level who supported the ex","national","v3-metric-candidate","2026-09-28"
"project_scale (geographic level of the project)","6-143903628","scope: country sierra leone | locations: 1 ""country sierra leone"" [page 3]; ""the data generated covering all 6 project locations."" [page 4]; ""600 ha of degraded mangrove area have been restored in 4 pilot sites (conakridee, tombo, shenge, turtle island)"" [page 4]; ""lakka and hamilton"" [page 4]; ""the","national","v3-metric-candidate","2026-09-28"
"project_scale (geographic level of the project)","6-143903628","scope: the project was implemented in 17 districts: kalabo, kaoma, limulunga, luampa, lukulu, mitete, mongu, mulobezi, mwandi, nalolo, nkeyema, senanga, sesheke, shangombo, sikongo, sioma, and kazungula. | locations: 1 'the project was implemented in 17 districts: kalabo, kaoma, limulunga, luampa, l","sub-national","v3-metric-candidate","2026-09-28"
"project_scale (geographic level of the project)","6-143903628","scope: country: kenya | locations: 1 ""kaccal’s primary target beneficiaries were agro-pastoralist and pastoralist communities, including vulnerable and marginalized groups (vmgs) and indigenous people (ips) (vmgs/ips 9), in garissa, tana river, west pokot and kilifi."" also: ""i.e. 13 water pans (5 in","national","v3-metric-candidate","2026-09-28"
"project_scale (geographic level of the project)","6-143903628","scope: ""the project covers 16 districts of zambia namely: chama, mafinga, mambwe, nyimba, luangwa, rufunsa, chongwe, chirundu, siavonga, gwembe, namwala, kazungula, sioma, sesheke, senanga and mulobezi."" | locations: 1 ""this project is being undertaken in five provinces in selected 16 districts name","national","v3-metric-candidate","2026-09-28"
"project_scale (geographic level of the project)","6-143903628","scope: | locations: the document contains no statement of geographic scope and does not name any countries where the project worked; no country names appear in the text. verbatim example text from the document: ""gef 7 core indicators - march 2019 (revised)"" [appears on multiple pages]. total of 0 af","unclear/ unspecified","v3-metric-candidate","2026-09-28"
"result_metric (what a project result counts)","27-87336763","almost 500 farmer field school days","NOT STATED","v3-metric-candidate","2026-09-28"
"target_beneficiary_project (who the project targets)","24-115445661","project beneficiaries include the underprivileged, poor and in a situation of precariousness vis-à-vis their food security.","low-income households","v3-metric-candidate","2026-09-28"
"target_beneficiary_project (who the project targets)","24-115445661","share of rural households with access to credit (%female-headed)","women (female-headed households)","v3-metric-candidate","2026-09-28"
"target_beneficiary_project (who the project targets)","24-115445661","to improve the ability of participating districts and communities in the arid and semi-arid lands to plan and implement climate change adaptation measures","community","v3-metric-candidate","2026-09-28"
"result_metric (what a project result counts)","27-87336763","representing 44,392 beneficiaries","total beneficiaries","v3-metric-candidate","2026-09-28"
"result_metric (what a project result counts)","27-87336763","409,089 people & 1,352,522.00 livestock with access to water.","total beneficiaries","v3-metric-candidate","2026-09-28"
"result_metric (what a project result counts)","27-87336763","capture and entry of new beneficiaries onto aip data bank (nbr)","total beneficiaries","v3-metric-candidate","2026-09-28"
"result_metric (what a project result counts)","27-87336763","registered beneficiaries","total beneficiaries","v3-metric-candidate","2026-09-28"
"result_metric (what a project result counts)","27-87336763","number of beneficiaries supported directly by the project to adapt to the effects of climate change","direct beneficiaries","v3-metric-candidate","2026-09-28"
"result_metric (what a project result counts)","27-87336763","number of direct project beneficiaries","direct beneficiaries","v3-metric-candidate","2026-09-28"
"result_metric (what a project result counts)","27-87336763","indicator 1: number of males and females benefiting from the adoption of diversified , climate-resilient livelihood options","total beneficiaries","v3-metric-candidate","2026-09-28"
"result_metric (what a project result counts)","27-87336763","number of direct beneficiaries disaggregated by gender as co-benefit of gef investment - total","direct beneficiaries","v3-metric-candidate","2026-09-28"
"result_unit","12-10592817","direct beneficiaries","individuals","v3-metric-candidate","2026-09-28"
"result_unit","12-10592817","registered beneficiaries","individuals","v3-metric-candidate","2026-09-28"
"result_metric (what a project result counts)","27-87336763","more than 2,415 ha (955 ha of fixed dunes, 460 ha of planted forests, 1,000 ha of protected and improved pastoral reserves)","land restored","v3-metric-candidate","2026-09-28"
"result_metric (what a project result counts)","27-87336763","a7.1 use by vulnerable households, communities, business and public-sector services of fund supported tools, instruments, strategies and activities to respond to climate change (natural resource areas brought under improved climate resilient management)","vulnerable households","v3-metric-candidate","2026-09-28"
"result_metric (what a project result counts)","27-87336763","rangeland area rehabilitated and improved (ha)","land restored","v3-metric-candidate","2026-09-28"
"result_metric (what a project result counts)","27-87336763","cumulative number of land user rights titles issued to associations and certificates of delimitations issued to communities","producer organizations","v3-metric-candidate","2026-09-28"
"result_metric (what a project result counts)","27-87336763","volume of fertilizers delivered to farmers 50% being women (mtd)","crop producers","v3-metric-candidate","2026-09-28"
"result_metric (what a project result counts)","27-87336763","degraded mangrove area restored","land restored","v3-metric-candidate","2026-09-28"
"result_metric (what a project result counts)","27-87336763","incremental area under climate resilient crops in the vicinity of seven (7) targeted priority canals and secondary/ ancilliary canals (ha)","land under climate-smart practices","v3-metric-candidate","2026-09-28"
"result_metric (what a project result counts)","27-87336763","number of animals with access to the ruqa water pan (increased to)","CANDIDATE: animals with access to water pan","v3-metric-candidate","2026-09-28"
"result_metric (what a project result counts)","27-87336763","area of landscapes under improved practices (hectares)","biodiversity landscapes conserved","v3-metric-candidate","2026-09-28"
"result_unit","12-10592817","titles","NOT STATED","v3-metric-candidate","2026-09-28"
"result_metric (what a project result counts)","27-87336763","36,700 women in total","women beneficiaries","v3-metric-candidate","2026-09-28"
"result_metric (what a project result counts)","27-87336763","with an average yield per hectare of around 2,713 kg.","CANDIDATE: crop yield per hectare","v3-metric-candidate","2026-09-28"
"result_metric (what a project result counts)","27-87336763","a1.2 number of male and females benefitting from the adoption of diversified, climate resilient livelihoods options (including fisheries, agriculture, tourism, etc.)","total beneficiaries","v3-metric-candidate","2026-09-28"
"result_metric (what a project result counts)","27-87336763","share of rural households with access to credit (%female-headed)","CANDIDATE: rural households with access to credit","v3-metric-candidate","2026-09-28"
"result_metric (what a project result counts)","27-87336763","weather stations","CANDIDATE: weather stations","v3-metric-candidate","2026-09-28"
"result_metric (what a project result counts)","27-87336763","household considered with diversification into alternative sources of livelihood income away from climate-sensitive activites/income sources","CANDIDATE: households diversifying livelihoods","v3-metric-candidate","2026-09-28"
"result_metric (what a project result counts)","27-87336763","percentage of kenya agricultural productivity and agri-business project, sub-projects in the participating districts screened for improving response to climate risk","CANDIDATE: sub-projects screened","v3-metric-candidate","2026-09-28"
"result_metric (what a project result counts)","27-87336763","output 1 indicator 1: percentage of smallhold er farmers demonstrating knowledge to plan & manage climate risk to support resilient agricultural production (disaggregated by gender) - women","smallholder farmers reached","v3-metric-candidate","2026-09-28"
"result_metric (what a project result counts)","27-87336763","beneficiary satisfaction with all aspects of the project investments","CANDIDATE: participant satisfaction level","v3-metric-candidate","2026-09-28"
"result_unit","12-10592817","candidate: mho","CANDIDATE: mho","v3-metric-candidate","2026-09-29"
"project_scale (geographic level of the project)","6-143903628","scope: ethiopia-drought resilience & sustainable livelihood program in the horn of africa (phase i) | locations: 1 ""country multi-countries""; ""borrower government of ethiopia (multinational)""; ""these interventions have resulted in significant improvement in the resilient capacity of the target commu","multinational","v3-metric-candidate","2026-09-29"
"project_scale (geographic level of the project)","6-143903628","scope: country malawi | locations: 1 verbatim mentions of location from the document: ""country malawi"" (page 1); ""project name: malawi emergency food production project"" (page 1); ""executing agency ministry of agriculture & food security"" (page 2); ""the three project implementation districts"" (page ","sub-national","v3-metric-candidate","2026-09-29"
"result_metric (what a project result counts)","27-87336763","number of people and livestock accessing water","direct beneficiaries","v3-metric-candidate","2026-09-29"
"result_metric (what a project result counts)","27-87336763","rangeland area rehabilitated and improved","land restored","v3-metric-candidate","2026-09-29"
"result_metric (what a project result counts)","27-87336763","urea distributed (10226 urea)","CANDIDATE: fertilizer units distributed","v3-metric-candidate","2026-09-29"
"result_metric (what a project result counts)","27-87336763","ha planted with trees","land restored","v3-metric-candidate","2026-09-29"
"result_metric (what a project result counts)","27-87336763","access to improved animal health services","livestock producers","v3-metric-candidate","2026-09-29"
"subsector type","7-809569049","community mobilization and participation | the project supported community mobilization and participation in the 8 target wilayas","cross cutting","v3-metric-candidate","2026-09-29"
"subsector type","7-809569049","participatory adaptation planning | a focus on the participatory identification of concrete adaptation measures resulted in adaptation action plans","cross cutting","v3-metric-candidate","2026-09-29"
"subsector type","7-809569049","market gardening | market gardening cooperatives promoted in project","farming system-crop","v3-metric-candidate","2026-09-29"
"subsector type","7-809569049","household energy / stoves | distribution of improved stoves","cross cutting","v3-metric-candidate","2026-09-29"
"subsector type","7-809569049","market gardening | distribution of market gardening cooperatives promoted as part of the project","farming system-crop","v3-metric-candidate","2026-09-29"
"subsector type","7-809569049","project area coverage / village-level interventions | field visits and project interventions (villages listed include chara and benmoura)","cross cutting","v3-metric-candidate","2026-09-29"
"subsector type","7-809569049","project area coverage / village-level interventions | project area coverage includes hodh el chergui among 8 targeted wilayas","cross cutting","v3-metric-candidate","2026-09-29"
"subsector type","7-809569049","community finance / management of igas | creation of community funds around the management of iga and shops (example cited)","cross cutting","v3-metric-candidate","2026-09-29"
"subsector type","7-809569049","promotion of the use of improved stoves | manufactured and disseminated 20,600 improved stoves for the benefit of households","cross cutting","v3-metric-candidate","2026-09-29"
"subsector type","7-809569049","market gardening | support for market gardens establishment and training/equipment for cooperatives","farming system-crop","v3-metric-candidate","2026-09-29"
"subsector type","7-809569049","fruit tree promotion program | distribution and planting of fruit trees (household and collective farms)","farming system-crop","v3-metric-candidate","2026-09-29"
"subsector type","7-809569049","market gardening | support for market gardens establishment (training, technical supervision)","farming system-crop","v3-metric-candidate","2026-09-29"
"subsector type","7-809569049","market gardening / igas | market gardening cooperative activities and community store iga (rotating funds)","farming system-crop","v3-metric-candidate","2026-09-29"
"subsector type","7-809569049","support for access to water / irrigation | installation of motor pump for irrigation and associated water infrastructure","farming system-crop","v3-metric-candidate","2026-09-29"
"subsector type","7-809569049","support for access to water | digging/deepening wells and installation of pumping systems and water networks","farming system-crop","v3-metric-candidate","2026-09-29"
"subsector type","7-809569049","integrated risk management (risk reduction, risk transfer, risk reserves and support to government) | building the climate resilience of food insecure smallholder farmers through integrated management of climate risks (the r4 rural resilience initiative)","cross cutting","v3-metric-candidate","2026-09-29"
"subsector type","7-809569049","geographic expansion of the r4 package (risk reduction, risk transfer, risk reserves) | from 2021, the project was extended to new areas (8,000 additional beneficiaries in fatick, koungheul and nioro du rip).","cross cutting","v3-metric-candidate","2026-09-29"
"subsector type","7-809569049","risk transfer (agricultural insurance) | in some villages, particularly in the tambacounda and kolda regions, beneficiaries saw insurance as a prerequisite for accessing wfp aid.","cross cutting","v3-metric-candidate","2026-09-29"
"subsector type","7-809569049","risk reduction (community asset creation, pastoral ponds) | community schemes included pastoral ponds (especially in the kaolack region), rice fields, market gardens and tree plantations.","farming system-mixed","v3-metric-candidate","2026-09-29"
"subsector type","7-809569049","social cohesion via community activities (sfc, ffa) | participatory community activities and savings groups strengthened social cohesion between members.","cross cutting","v3-metric-candidate","2026-09-29"
"subsector type","7-809569049","community asset creation (collective fields) | creation of collective fields","farming system-crop","v3-metric-candidate","2026-09-29"
"subsector type","7-809569049","gender inclusion and empowerment activities | gender awareness and inclusion actions (women's involvement in savings groups and community committees)","cross cutting","v3-metric-candidate","2026-09-29"
"subsector type","7-809569049","drought resilience and sustainable livelihoods | the drought resilience and sustainable livelihoods program (drslp), a multi-phased, multi-national investment program designed to address the negative impact of recurrent drought in the hoa.","cross cutting","v3-metric-candidate","2026-09-29"
"subsector type","7-809569049","natural resources management | construction and rehabilitation of water related infrastructures","land use","v3-metric-candidate","2026-09-29"
"subsector type","7-809569049","natural resources management / fodder development | fodder development and community based pasture seed multiplication","farming system-livestock","v3-metric-candidate","2026-09-29"
"subsector type","7-809569049","institutional capacity / training | human and institutional capacity building to strengthen operational capabilities at federal and regional state levels","cross cutting","v3-metric-candidate","2026-09-29"
"subsector type","7-809569049","multiple: water, pasture, market, animal health, capacity building | interventions that address water, pasture, market, animal health and capacity building using integrated approach","farming system-mixed","v3-metric-candidate","2026-09-29"
"subsector type","7-809569049","water access / resilience | increased water availability and accessibility in the afar and somali regions","land use","v3-metric-candidate","2026-09-29"
"subsector type","7-809569049","roads / market access | developed and improved rural feeder roads and improved connectivity for livestock input delivery and marketing (%)","farming system-livestock","v3-metric-candidate","2026-09-29"
"subsector type","7-809569049","animal health services | access to improved animal health services (%)","farming system-livestock","v3-metric-candidate","2026-09-29"
"subsector type","7-809569049","fertilizer subsector / input distribution | growing agro-dealer network","farming system-crop","v3-metric-candidate","2026-09-29"
"subsector type","7-809569049","finance / warehouse receipt | use of private warehouses and warehouse receipt system","agri-food","v3-metric-candidate","2026-09-29"
"subsector type","7-809569049","irrigation subsector | private sector investment in the publicly managed lower limpopo irrigation scheme","farming system-crop","v3-metric-candidate","2026-09-29"
"subsector type","7-809569049","fertilizer subsector | adoption of a regulatory framework that clarified roles of public and private sector actors","farming system-crop","v3-metric-candidate","2026-09-29"
"subsector type","7-809569049","finance | policies and instruments to facilitate access to agricultural credit and financial services","cross cutting","v3-metric-candidate","2026-09-29"
"subsector type","7-809569049","fertilizer subsector | adoption of fertilizer legislation, removal of some fertilizer import taxes, and infrastructure improvement at ports","farming system-crop","v3-metric-candidate","2026-09-29"
"subsector type","7-809569049","fertilizer provision to farmers | distribution of fertilizer (npk and urea) to farmers","farming system-crop","v3-metric-candidate","2026-09-29"
"subsector type","7-809569049","enhanced farmer registration and famer organization towards receipt of inputs | capture and entry of new beneficiaries onto aip data bank","agri-food","v3-metric-candidate","2026-09-29"
"subsector type","7-809569049","collective marketing and storage | collective marketing using granaries; sale of aggregated maize","agri-food","v3-metric-candidate","2026-09-29"
"subsector type","7-809569049","collective marketing and storage | collective marketing using granaries; distribution of aggregated maize for household food","agri-food","v3-metric-candidate","2026-09-29"
"subsector type","7-809569049","community finance / livelihoods (vslas) | village saving and loans associations (vslas) were established in the six project locations","cross cutting","v3-metric-candidate","2026-09-29"
"subsector type","7-809569049","fish processing facilities / post-harvest | fish processing facilities (five solar cold rooms and 2 ovens for fish drying)","farming system-fish","v3-metric-candidate","2026-09-29"
"subsector type","7-809569049","capacity building / vocational training | 200 women were trained in fish processing to enhance value addition","farming system-fish","v3-metric-candidate","2026-09-29"
"subsector type","7-809569049","livelihoods / entrepreneurship (vsla) | most vsla groups are active, with success stories particularly in lakka and hamilton","cross cutting","v3-metric-candidate","2026-09-29"
"subsector type","7-809569049","strengthen the national institutional and financial framework for climate resilience | institutional support to the national climate change program; strengthened climate information (national-level support to inccs/ncss, zmd, dmmu, climate services)","cross cutting","v3-metric-candidate","2026-09-29"
"subsector type","7-809569049","pilot participatory adaptation (community sub-grants, canal rehabilitation, enterprise grants) | pilot participatory adaptation: community adaptation sub-grants; adaptation contingency fund; rehabilitation and strengthened management of traditional canals","cross cutting","v3-metric-candidate","2026-09-29"
"subsector type","7-809569049","pilot participatory adaptation (community sub-grants) | pilot participatory adaptation: community-/group-level grants and individual champion grants","cross cutting","v3-metric-candidate","2026-09-29"
"subsector type","7-809569049","pilot participatory adaptation (community sub-grants) | community-/group-level grants targeted to vulnerable households","cross cutting","v3-metric-candidate","2026-09-29"
"subsector type","7-809569049","pilot participatory adaptation (sub-grants) | approval and completion of community, ward, district and champion sub-grants","cross cutting","v3-metric-candidate","2026-09-29"
"subsector type","7-809569049","land and water management (canal rehabilitation) | rehabilitation and strengthened management of seven priority traditional canals (mechanized and cash-for-works activities) and secondary/ancillary canals","land use","v3-metric-candidate","2026-09-29"
"subsector type","7-809569049","water management / user associations | formation and handover of water user associations (wuas) to utilize rehabilitated canals and manage operations and maintenance","land use","v3-metric-candidate","2026-09-29"
"subsector type","7-809569049","agricultural land management and production | canal rehabilitation enabling cultivation of additional lands for climate-resilient crops","farming system-crop","v3-metric-candidate","2026-09-29"
"subsector type","7-809569049","irrigation (sub-grant example) | sitoti irrigation scheme (ward project) documented as a subproject example","farming system-crop","v3-metric-candidate","2026-09-29"
"subsector type","7-809569049","irrigation (sub-grant example) | nekuyu small-scale irrigation project (example subproject)","farming system-crop","v3-metric-candidate","2026-09-29"
"subsector type","7-809569049","infrastructure / road embankment associated with canal works (example) | kate mui road embankment works documented as part of canal-related interventions","land use","v3-metric-candidate","2026-09-29"
"subsector type","7-809569049","water harvesting technologies for crop enterprises, & water pans for water storage for livestock, apiculture & domestic use | construction of water pans for water storage for household and livestock use","farming system-mixed","v3-metric-candidate","2026-09-29"
"subsector type","7-809569049","value addition for crop & livestock produce (with focus on mango & milk value chains) | camel milk value addition processing plant (building, equipment and capacity building)","farming system-mixed","v3-metric-candidate","2026-09-29"
"subsector type","7-809569049","water harvesting technologies for crop enterprises, & water pans for water storage for livestock, apiculture & domestic use | construction of water pan (ruqa/ruqua)","farming system-mixed","v3-metric-candidate","2026-09-29"
"subsector type","7-809569049","public and private advisory agents trained in community climate risk management | agents were trained in various aspects of climate change interventions (profiling, assessment tools & methodologies; project sensitization; planning, budgeting & grant management)","cross cutting","v3-metric-candidate","2026-09-29"
"subsector type","7-809569049","learning centres; farmer field schools (ffs) | establish farmer field schools and learning centres of excellence to further document and scale up successful practices","farming system-crop","v3-metric-candidate","2026-09-29"
"subsector type","7-809569049","conservation agriculture demonstration plots | set up ca demonstration plots linked to farmer field schools","farming system-crop","v3-metric-candidate","2026-09-29"
"subsector type","7-809569049","climate information services; advisories dissemination | dissemination of weather and agricultural advisories via community radio, sms and extension services","cross cutting","v3-metric-candidate","2026-09-29"
"subsector type","7-809569049","alternative livelihoods — beekeeping (inputs procurement) | supply of beehives and wax for beekeeping","farming system-livestock","v3-metric-candidate","2026-09-29"
"subsector type","7-809569049","food processing and preservation training | training in food processing and preservation (sweet potatoes, pumpkins, cassava etc.)","agri-food","v3-metric-candidate","2026-09-29"
"subsector type","7-809569049","value chain; out-grower scheme | aggregation and supply of sorghum to zambian breweries under out-grower scheme","agri-food","v3-metric-candidate","2026-09-29"
"subsector type","7-809569049","beekeeping out-grower schemes | facilitation of beekeeping out-grower schemes","farming system-livestock","v3-metric-candidate","2026-09-29"
"subsector type","7-809569049","project targeting across provinces | targeting interventions across five provinces reaching farming households and families","cross cutting","v3-metric-candidate","2026-09-29"
"target_beneficiary","24-115445661","project beneficiaries include the underprivileged, poor and in a situation of precariousness vis-à-vis their food security.","vulnerable population","v3-metric-candidate","2026-09-29"
"target_beneficiary","24-115445661","""this activity targeted 8,728 participants (80% female / 20% male) representing more than 52,000 beneficiaries.""","women (female-headed households)","v3-metric-candidate","2026-09-29"
"target_beneficiary","24-115445661","""testimony of the beneficiaries of dounguel reo, brakna.""","NOT STATED","v3-metric-candidate","2026-09-29"
"target_beneficiary","24-115445661","""testimony of the beneficiaries of legdeim, tagant.""","NOT STATED","v3-metric-candidate","2026-09-29"
"target_beneficiary","24-115445661","""certain testimonies collected in the village of tichoutine du brakna claim a reduction in the costs of purchasing fresh vegetables by almost 50%""","community","v3-metric-candidate","2026-09-29"
"target_beneficiary","24-115445661","a total of 438,291 direct beneficiaries were reached, exceeding the target of 405,000.","NOT STATED","v3-metric-candidate","2026-09-29"
"target_beneficiary","24-115445661","8,000 additional beneficiaries in fatick, koungheul and nioro du rip","NOT STATED","v3-metric-candidate","2026-09-29"
"target_beneficiary","24-115445661","beneficiaries","NOT STATED","v3-metric-candidate","2026-09-29"
"target_beneficiary","24-115445661","federal, regional and woreda staff 374.000","CANDIDATE: government staff","v3-metric-candidate","2026-09-29"
"target_beneficiary","24-115445661","farmers across mozambique","smallholder farmer","v3-metric-candidate","2026-09-29"
"target_beneficiary","24-115445661","affecting yields and incomes for over 2,000 farmers","smallholder farmer","v3-metric-candidate","2026-09-29"
"target_beneficiary","24-115445661","jnb sold imported seed to over 600 small-scale farmers","smallholder farmer","v3-metric-candidate","2026-09-29"
"target_beneficiary","24-115445661","use of certified seed among farmers","smallholder farmer","v3-metric-candidate","2026-09-29"
"target_beneficiary","24-115445661","use of fertilizer among farmers","smallholder farmer","v3-metric-candidate","2026-09-29"
"target_beneficiary","24-115445661","a total of 113 ,660 female farmers benefited.","women (female-headed households)","v3-metric-candidate","2026-09-29"
"target_beneficiary","24-115445661","farmers 202,658.000","smallholder farmer","v3-metric-candidate","2026-09-29"
"target_beneficiary","24-115445661","another group of 22 farmers in luwerezi epa in mzimba","smallholder farmer","v3-metric-candidate","2026-09-29"
"target_beneficiary","24-115445661","the wider population","community","v3-metric-candidate","2026-09-29"
"target_beneficiary","24-115445661","with 822 beneficiaries","NOT STATED","v3-metric-candidate","2026-09-29"
"target_beneficiary","24-115445661","30 beneficiaries","NOT STATED","v3-metric-candidate","2026-09-29"
"target_beneficiary","24-115445661","women entrepreneurs in hamilton and lakka communities","women (female-headed households)","v3-metric-candidate","2026-09-29"
"target_beneficiary","24-115445661","the project reached 581,028 direct beneficiaries under activities in component 3 (target was 165,500)","NOT STATED","v3-metric-candidate","2026-09-29"
"target_beneficiary","24-115445661","number of direct beneficiaries (cumulative): other vulnerable households = 68,446","vulnerable population","v3-metric-candidate","2026-09-29"
"target_beneficiary","24-115445661","a total of 42 water user associations (wuas) have been formed in limulunga, nalolo, mongu, senanga, luampa districts.","farmer association","v3-metric-candidate","2026-09-29"
"target_beneficiary","24-115445661","66 vulnerable households (57 female-headed and 9 male-headed) engaged in fish farming.","vulnerable population","v3-metric-candidate","2026-09-29"
"target_beneficiary","24-115445661","direct beneficiaries","NOT STATED","v3-metric-candidate","2026-09-29"
"target_beneficiary","24-115445661","directly serviced about 1,400 residents","community","v3-metric-candidate","2026-09-29"
"target_beneficiary","24-115445661","directly serviced about 2,245 residents and hundreds of livestock","community","v3-metric-candidate","2026-09-29"
"target_beneficiary","24-115445661","residents","community","v3-metric-candidate","2026-09-29"
"target_beneficiary","24-115445661","livestock","CANDIDATE: livestock","v3-metric-candidate","2026-09-29"
"target_beneficiary","24-115445661","county officials ks/csu, ctts caspsc and public and private advisory/extension agents (i.e. service providers at county level)","CANDIDATE: government staff and service providers","v3-metric-candidate","2026-09-29"
"target_beneficiary","24-115445661","180 farmer field schools have been formed in all the districts","farmer group","v3-metric-candidate","2026-09-29"
"target_beneficiary","24-115445661","7,081 ca demonstration plots set up","NOT STATED","v3-metric-candidate","2026-09-29"
"target_beneficiary","24-115445661","234,633 farmers received seasonal weather and agricultural advisories","smallholder farmer","v3-metric-candidate","2026-09-29"
"target_beneficiary","24-115445661","increased the adoption of alternative livelihoods such as goat rearing amongst 8,112 (44% males and 56% females) beneficiaries","NOT STATED","v3-metric-candidate","2026-09-29"
"target_beneficiary","24-115445661","the pass on a goat strategy has reached the 3rd beneficiary in kazungula district","NOT STATED","v3-metric-candidate","2026-09-29"
"result_level","5-529304297","41 vegetable cooperatives promoted | 41 cooperatives","output","v3-metric-candidate","2026-09-29"
"result_level","5-529304297","4 | 4 market gardening cooperatives","output","v3-metric-candidate","2026-09-29"
"result_level","5-529304297","6 | 6 market gardening cooperatives","output","v3-metric-candidate","2026-09-29"
"result_level","5-529304297","7 | 7 market gardening cooperatives","output","v3-metric-candidate","2026-09-29"
"result_level","5-529304297","3 | 3 market gardening cooperatives","output","v3-metric-candidate","2026-09-29"
"result_level","5-529304297","1 194 | 1194 number of benefiting households","output","v3-metric-candidate","2026-09-29"
"result_level","5-529304297","1 899 | 1899 number of benefiting households","output","v3-metric-candidate","2026-09-29"
"result_level","5-529304297","2 340 | 2340 number of benefiting households","output","v3-metric-candidate","2026-09-29"
"result_level","5-529304297","4 760 | 4760 number of benefiting households","output","v3-metric-candidate","2026-09-29"
"result_level","5-529304297","2 750 | 2750 number of benefiting households","output","v3-metric-candidate","2026-09-29"
"result_level","5-529304297","1 622 | 1622 number of benefiting households","output","v3-metric-candidate","2026-09-29"
"result_level","5-529304297","3 990 | 3990 number of benefiting households","output","v3-metric-candidate","2026-09-29"
"result_level","5-529304297","2 045 | 2045 number of benefiting households","output","v3-metric-candidate","2026-09-29"
"result_level","5-529304297","4 | 4 market gardens","output","v3-metric-candidate","2026-09-29"
"result_level","5-529304297","3 | 3 market gardens","output","v3-metric-candidate","2026-09-29"
"result_level","5-529304297","6 | 6 market gardens","output","v3-metric-candidate","2026-09-29"
"result_level","5-529304297","5 | 5 market gardens","output","v3-metric-candidate","2026-09-29"
"result_level","5-529304297","8 | 8 market gardens","output","v3-metric-candidate","2026-09-29"
"result_level","5-529304297","7 | 7 market gardens","output","v3-metric-candidate","2026-09-29"
"result_level","5-529304297","15 | 15 %","NOT STATED","v3-metric-candidate","2026-09-29"
"result_level","5-529304297","5 | 5 %","NOT STATED","v3-metric-candidate","2026-09-29"
"result_level","5-529304297","18 | 18 %","NOT STATED","v3-metric-candidate","2026-09-29"
"result_level","5-529304297","12 | 12 %","NOT STATED","v3-metric-candidate","2026-09-29"
"result_level","5-529304297","23 | 23 %","NOT STATED","v3-metric-candidate","2026-09-29"
"result_level","5-529304297","17 | 17 %","NOT STATED","v3-metric-candidate","2026-09-29"
"result_level","5-529304297","25000 | 25000 mru average profit per campaign (testimony)","outcome","v3-metric-candidate","2026-09-29"
"result_level","5-529304297","""we work together more, there is better understanding between members"" (medina sally). |","outcome","v3-metric-candidate","2026-09-29"
"result_level","5-529304297","""the work to develop the pastoral pond has generated inter-village solidarity"" (sally escale). |","outcome","v3-metric-candidate","2026-09-29"
"result_level","5-529304297","""before (the creation of the collective field with the project) there was no friendship between our ethnic groups (peul and mandingue), now we invite each other over"" (saré gayo). |","outcome","v3-metric-candidate","2026-09-29"
"result_level","5-529304297","""the project has raised awareness of the role of women in households... now men and women can be together in meetings... men listen to women"" (port dramé). |","outcome","v3-metric-candidate","2026-09-29"
"result_level","5-529304297","number of people and livestock accessing water (%) 30.000 | 30 %","outcome","v3-metric-candidate","2026-09-29"
"result_level","5-529304297","improved availability of pasture and fodder (luh) 2.500 | 2.5 luh","outcome","v3-metric-candidate","2026-09-29"
"result_level","5-529304297","developed and improved rural feeder roads and improved connectivity for livestock input delivery and marketing (%) 20.000 | 20 %","output","v3-metric-candidate","2026-09-29"
"result_level","5-529304297","40 tons were produced | 40 tons","output","v3-metric-candidate","2026-09-29"
"result_level","5-529304297","has sold over 50 tons of seeds to date | 50 tons of seed sold","output","v3-metric-candidate","2026-09-29"
"result_level","5-529304297","jnb sold imported seed to over 600 small-scale farmers | 600 small-scale farmers","output","v3-metric-candidate","2026-09-29"
"result_level","5-529304297","a total of five seed laboratories were operated | 5 seed laboratories operated","process","v3-metric-candidate","2026-09-29"
"result_level","5-529304297","72 inspections were conducted | 72 inspections conducted","process","v3-metric-candidate","2026-09-29"
"result_level","5-529304297","number of agro-dealers increased to over 600 in the beira and nacala corridor | 600 agro-dealers","output","v3-metric-candidate","2026-09-29"
"result_level","5-529304297","use of certified seed among farmers was 8.4% | 8.4 %","outcome","v3-metric-candidate","2026-09-29"
"result_level","5-529304297","use of fertilizer among farmers was 6 | 6 %","outcome","v3-metric-candidate","2026-09-29"
"result_level","5-529304297","fertilizer consumption increased to about 189,160 metric tons in 2014 | 189160 metric tons","outcome","v3-metric-candidate","2026-09-29"
"result_level","5-529304297","the farmers sold 150 bags. | 150 bags","output","v3-metric-candidate","2026-09-29"
"result_level","5-529304297","five solar cold rooms | 5 solar cold rooms","output","v3-metric-candidate","2026-09-29"
"result_level","5-529304297","2 ovens for fish drying | 2 ovens for fish drying","output","v3-metric-candidate","2026-09-29"
"result_level","5-529304297","the national climate change policy (nccp) was developed and cabinet approved on april 26, 2016. |","output","v3-metric-candidate","2026-09-29"
"result_level","5-529304297","a total of 2,233 sub-grants were awarded and completed and handed over to respective government ministries. | 2233 sub-grants approved and completed","output","v3-metric-candidate","2026-09-29"
"result_level","5-529304297","rehabilitation civil works are 100% complete across seven (7) priority canals; the end target of 'designed slope and cross sections maintained to the engineering standard' was met. |","output","v3-metric-candidate","2026-09-29"
"result_level","5-529304297","the additional area under climate-resilient crops in the vicinity of seven targeted priority canals and secondary/ancillary canals was 5,914 ha (target 400 ha). | 5914 ha","output","v3-metric-candidate","2026-09-29"
"result_level","5-529304297","66 vulnerable households (57 female-headed and 9 male-headed) engaged in fish farming in mbeta island, sioma district. | 66 households engaged in fish farming","output","v3-metric-candidate","2026-09-29"
"result_level","5-529304297","example subproject (tundamena poultry) documented in annex 5; subprojects completed and handed over. |","output","v3-metric-candidate","2026-09-29"
"result_level","5-529304297","example subproject (naiponela rice and piggery) documented in annex 5; subprojects completed and handed over. |","output","v3-metric-candidate","2026-09-29"
"result_level","5-529304297","example subproject (sitoti irrigation scheme) documented in annex 5; subprojects completed and handed over. |","output","v3-metric-candidate","2026-09-29"
"result_level","5-529304297","example subproject (nekuyu small-scale irrigation) documented in annex 5; subprojects completed and handed over. |","output","v3-metric-candidate","2026-09-29"
"result_level","5-529304297","example subproject (milenge goat rearing) documented in annex 5; subprojects completed and handed over. |","output","v3-metric-candidate","2026-09-29"
"result_level","5-529304297","example (kate mui road embankment) documented in annex 5; associated canal rehabilitation completed and handed over. |","output","v3-metric-candidate","2026-09-29"
"result_level","5-529304297","post-construction distance and time to water reduced to 5 kms one way and a maximum of 1 hour | 5 one-way distance (km)","outcome","v3-metric-candidate","2026-09-29"
"result_level","5-529304297","camel milk value addition facility directly reached over 83 milk producers; reduced spoilage and wastage of camel milk | 83 milk producers reached","output","v3-metric-candidate","2026-09-29"
"result_level","5-529304297","7,081 ca demonstration plots set up for climate change adaptation options | 7081 ca demonstration plots set up","process","v3-metric-candidate","2026-09-29"
"result_level","5-529304297","dissemination of improved packaging of weather information to 234,633 farmers | 234633 farmers","process","v3-metric-candidate","2026-09-29"
"result_level","5-529304297","increased the adoption of alternative livelihoods such as goat rearing amongst 8,112 beneficiaries | 8112 beneficiaries","outcome","v3-metric-candidate","2026-09-29"
"result_level","5-529304297","nyimba have conducted training in food processing and preservation in chalubilo and moombe village (crops used include sweet potatoes, pumpkins, cassava etc.) |","process","v3-metric-candidate","2026-09-29"
"result_level","5-529304297","aggregation and supply of sorghum to zambian breweries in gwembe district under the wfp/zambia breweries out-grower scheme |","process","v3-metric-candidate","2026-09-29"
"result_level","5-529304297","facilitation of bee-keeping out-grower schemes in rufunsa district |","process","v3-metric-candidate","2026-09-29"
"subsector type","7-809569049","skills training / artisans | training of local artisans (improved stoves)","cross cutting","v3-metric-candidate","2026-09-29"
"subsector type","7-809569049","water access / cash for work | cash incentives (cash for work)","land use","v3-metric-candidate","2026-09-29"
"subsector type","7-809569049","community capacity | percentage of community members’ in two regions that improved their capacities. (%)","cross cutting","v3-metric-candidate","2026-09-29"
"subsector type","7-809569049","coastal risk management | installation of 5 weather stations","land use","v3-metric-candidate","2026-09-29"
"subsector type","7-809569049","coastal risk monitoring | procured and installed an ocean buoy at the water quay","land use","v3-metric-candidate","2026-09-29"
"subsector type","7-809569049","early warning communication / information services | 30 beneficiaries were provided with smart phones with marine weather apps uploaded for easy receipt and dissemination of weather warnings","cross cutting","v3-metric-candidate","2026-09-29"
"subsector type","7-809569049","enterprise grants / private sector linkages | additional financing: enterprise grants to support livelihood diversification and value‑chain enterprises","cross cutting","v3-metric-candidate","2026-09-29"
"subsector type","7-809569049","employment / cash-for-works | cash-for-works during canal rehabilitation and maintenance","land use","v3-metric-candidate","2026-09-29"
"target_beneficiary","24-115445661","56 enterprise grants were implemented (completed).","NOT STATED","v3-metric-candidate","2026-09-29"
"target_beneficiary","24-115445661","over 83 milk producers, mostly women","producer","v3-metric-candidate","2026-09-29"
"result_level","5-529304297","12,070 households participated in cash-for-work | 12070 households","output","v3-metric-candidate","2026-09-29"
"result_level","5-529304297","community based pasture seed multiplication & fodder development (ha) 508.000 | 508 ha","output","v3-metric-candidate","2026-09-29"
"result_level","5-529304297","percentage of community members’ in two regions that improved their capacities. (%) 50.000 | 50 %","outcome","v3-metric-candidate","2026-09-29"
"result_level","5-529304297","inspections covered 2,358.9 ha | 2358.9 ha","process","v3-metric-candidate","2026-09-29"
"result_level","5-529304297","fertilizer consumption increased to about 189,160 metric tons in 2014 | 189160 tons","outcome","v3-metric-candidate","2026-09-29"
"result_level","5-529304297","number of enterprise grants implemented = 56 (target 300). | 56 enterprise grants implemented","output","v3-metric-candidate","2026-09-29"
"result_level","5-529304297","person-days of labor generated through cash-for-works = 50,386 (person-days). | 50386 person-days of labor generated","output","v3-metric-candidate","2026-09-29"
"subsector type","7-809569049","community funds / igas | creation and management of community funds from igas and pastoral reserve fees","cross cutting","v3-metric-candidate","2026-09-29"
"target_beneficiary","24-115445661","""restored and rehabilitate approximately 440 ha of land, of which 370 ha were secured with fences and cultivated by the beneficiary communities""","community","v3-metric-candidate","2026-09-29"
"target_beneficiary","24-115445661","""a total of 3,973 households (23,838 direct beneficiaries) benefited from project support in 19 villages.""","household","v3-metric-candidate","2026-09-29"
"target_beneficiary","24-115445661","coastal communities","community","v3-metric-candidate","2026-09-29"
"target_beneficiary","24-115445661","coastal communities and infrastructure at risks","community","v3-metric-candidate","2026-09-29"
"target_beneficiary","24-115445661","the primary direct beneficiaries will include over 157,000 farming households and their families (approximately 946,153 people) across the five (5) provinces","household","v3-metric-candidate","2026-09-29"
"result_level","5-529304297","12,070 households participated in cash-for-work | households | cash incentives (cash for work)","output","v3-metric-candidate","2026-09-29"
"result_level","5-529304297","market gardening cooperatives | distribution of market gardening cooperatives promoted as part of the project | market gardening","output","v3-metric-candidate","2026-09-29"
"result_level","5-529304297","number of benefiting households | manufactured and disseminated 20,600 improved stoves for the benefit of households | promotion of the use of improved stoves","output","v3-metric-candidate","2026-09-29"
"result_level","5-529304297","market gardens | support for market gardens establishment and training/equipment for cooperatives | market gardening","process","v3-metric-candidate","2026-09-29"
"result_level","5-529304297","% | distribution and planting of fruit trees (household and collective farms) | fruit tree promotion program","process","v3-metric-candidate","2026-09-29"
"result_level","5-529304297","mru average profit per campaign (testimony) | market gardening cooperative activities and community store iga (rotating funds) | market gardening / igas","outcome","v3-metric-candidate","2026-09-29"
"result_level","5-529304297","a total of 438,291 direct beneficiaries were reached, exceeding the target of 405,000. | direct beneficiaries reached | building the climate resilience of food insecure smallholder farmers through integrated management of climate risks (the r4 rural resilience initiative)","output","v3-metric-candidate","2026-09-29"
"result_level","5-529304297","""we work together more, there is better understanding between members"" (medina sally). | | participatory community activities and savings groups strengthened social cohesion between members.","outcome","v3-metric-candidate","2026-09-29"
"result_level","5-529304297","""the work to develop the pastoral pond has generated inter-village solidarity"" (sally escale). | | development of pastoral ponds as community assets","outcome","v3-metric-candidate","2026-09-29"
"result_level","5-529304297","""before (the creation of the collective field with the project) there was no friendship between our ethnic groups (peul and mandingue), now we invite each other over"" (saré gayo). | | creation of collective fields","outcome","v3-metric-candidate","2026-09-29"
"result_level","5-529304297","""the project has raised awareness of the role of women in households... now men and women can be together in meetings... men listen to women"" (port dramé). | | gender awareness and inclusion actions (women's involvement in savings groups and community committees)","outcome","v3-metric-candidate","2026-09-29"
"result_level","5-529304297","community based pasture seed multiplication & fodder development (ha) 508.000 | ha | fodder development and community based pasture seed multiplication","output","v3-metric-candidate","2026-09-29"
"result_level","5-529304297","number of people and livestock accessing water (%) 30.000 | % | increased water availability and accessibility in the afar and somali regions","outcome","v3-metric-candidate","2026-09-29"
"result_level","5-529304297","developed and improved rural feeder roads and improved connectivity for livestock input delivery and marketing (%) 20.000 | % | developed and improved rural feeder roads and improved connectivity for livestock input delivery and marketing (%)","output","v3-metric-candidate","2026-09-29"
"result_level","5-529304297","percentage of community members’ in two regions that improved their capacities. (%) 50.000 | % | percentage of community members’ in two regions that improved their capacities. (%)","outcome","v3-metric-candidate","2026-09-29"
"result_level","5-529304297","40 tons were produced | tons | setting up of a seed production unit in mozambique in 2016","output","v3-metric-candidate","2026-09-29"
"result_level","5-529304297","has sold over 50 tons of seeds to date | tons of seed sold | phoenix seeds ... partnered with u.s. agency for international development (usaid) in nampula province","output","v3-metric-candidate","2026-09-29"
"result_level","5-529304297","jnb sold imported seed to over 600 small-scale farmers | small-scale farmers | facilitated links with jnb, a small seed and input provider in northern mozambique","output","v3-metric-candidate","2026-09-29"
"result_level","5-529304297","a total of five seed laboratories were operated | seed laboratories operated | regional seed laboratories in chimoio, nampula, and zambezia were upgraded","output","v3-metric-candidate","2026-09-29"
"result_level","5-529304297","72 inspections were conducted | inspections conducted | inspection and laboratory testing","process","v3-metric-candidate","2026-09-29"
"result_level","5-529304297","inspections covered 2,358.9 ha | ha | inspection and laboratory testing","process","v3-metric-candidate","2026-09-29"
"result_level","5-529304297","number of agro-dealers increased to over 600 in the beira and nacala corridor | agro-dealers | growing agro-dealer network","output","v3-metric-candidate","2026-09-29"
"result_level","5-529304297","use of certified seed among farmers was 8.4% | % | policy, legislative and institutional reform to increase uptake of seed","outcome","v3-metric-candidate","2026-09-29"
"result_level","5-529304297","the farmers sold 150 bags. | bags | collective marketing using granaries; sale of aggregated maize","output","v3-metric-candidate","2026-09-29"
"result_level","5-529304297","five solar cold rooms | solar cold rooms | fish processing facilities (five solar cold rooms and 2 ovens for fish drying)","output","v3-metric-candidate","2026-09-29"
"result_level","5-529304297","2 ovens for fish drying | ovens for fish drying | fish processing facilities (five solar cold rooms and 2 ovens for fish drying)","output","v3-metric-candidate","2026-09-29"
"result_level","5-529304297","the national climate change policy (nccp) was developed and cabinet approved on april 26, 2016. | | institutional support to the national climate change program; strengthened climate information (national-level support to inccs/ncss, zmd, dmmu, climate services)","output","v3-metric-candidate","2026-09-29"
"result_level","5-529304297","number of enterprise grants implemented = 56 (target 300). | enterprise grants implemented | additional financing: enterprise grants to support livelihood diversification and value‑chain enterprises","output","v3-metric-candidate","2026-09-29"
"result_level","5-529304297","rehabilitation civil works are 100% complete across seven (7) priority canals; the end target of 'designed slope and cross sections maintained to the engineering standard' was met. | | rehabilitation and strengthened management of seven priority traditional canals (mechanized and cash-for-works act","output","v3-metric-candidate","2026-09-29"
"result_level","5-529304297","person-days of labor generated through cash-for-works = 50,386 (person-days). | person-days of labor generated | cash-for-works during canal rehabilitation and maintenance","output","v3-metric-candidate","2026-09-29"
"result_level","5-529304297","66 vulnerable households (57 female-headed and 9 male-headed) engaged in fish farming in mbeta island, sioma district. | households engaged in fish farming | support to fish farming enabled by natural lagoon and sub-grant support","output","v3-metric-candidate","2026-09-29"
"result_level","5-529304297","example subproject (sitoti irrigation scheme) documented in annex 5; subprojects completed and handed over. | | sitoti irrigation scheme (ward project) documented as a subproject example","output","v3-metric-candidate","2026-09-29"
"result_level","5-529304297","example subproject (nekuyu small-scale irrigation) documented in annex 5; subprojects completed and handed over. | | nekuyu small-scale irrigation project (example subproject)","output","v3-metric-candidate","2026-09-29"
"result_level","5-529304297","example subproject (milenge goat rearing) documented in annex 5; subprojects completed and handed over. | | milenge goat rearing project (district example subproject)","output","v3-metric-candidate","2026-09-29"
"result_level","5-529304297","example (kate mui road embankment) documented in annex 5; associated canal rehabilitation completed and handed over. | | kate mui road embankment works documented as part of canal-related interventions","output","v3-metric-candidate","2026-09-29"
"result_level","5-529304297","camel milk value addition facility directly reached over 83 milk producers; reduced spoilage and wastage of camel milk | milk producers reached | camel milk value addition processing plant (building, equipment and capacity building)","outcome","v3-metric-candidate","2026-09-29"
"result_level","5-529304297","180 service providers trained (total per county, across training types) | service providers trained | agents were trained in various aspects of climate change interventions (profiling, assessment tools & methodologies; project sensitization; planning, budgeting & grant management)","output","v3-metric-candidate","2026-09-29"
"result_level","5-529304297","167 service providers trained (total per county, across training types) | service providers trained | agents were trained in various aspects of climate change interventions (profiling, assessment tools & methodologies; project sensitization; planning, budgeting & grant management)","output","v3-metric-candidate","2026-09-29"
"result_level","5-529304297","150 service providers trained (total per county, across training types) | service providers trained | agents were trained in various aspects of climate change interventions (profiling, assessment tools & methodologies; project sensitization; planning, budgeting & grant management)","output","v3-metric-candidate","2026-09-29"
"result_level","5-529304297","7,081 ca demonstration plots set up for climate change adaptation options | ca demonstration plots set up | set up ca demonstration plots linked to farmer field schools","output","v3-metric-candidate","2026-09-29"
"result_level","5-529304297","dissemination of improved packaging of weather information to 234,633 farmers | farmers | dissemination of weather and agricultural advisories via community radio, sms and extension services","output","v3-metric-candidate","2026-09-29"
"result_level","5-529304297","nyimba have conducted training in food processing and preservation in chalubilo and moombe village (crops used include sweet potatoes, pumpkins, cassava etc.) | | training in food processing and preservation (sweet potatoes, pumpkins, cassava etc.)","process","v3-metric-candidate","2026-09-29"
"result_level","5-529304297","aggregation and supply of sorghum to zambian breweries in gwembe district under the wfp/zambia breweries out-grower scheme | | aggregation and supply of sorghum to zambian breweries under out-grower scheme","output","v3-metric-candidate","2026-09-29"
"result_level","5-529304297","facilitation of bee-keeping out-grower schemes in rufunsa district | | facilitation of beekeeping out-grower schemes","process","v3-metric-candidate","2026-09-29"
"result_level","5-529304297","mru average profit per campaign (testimony)","outcome","v3-metric-candidate","2026-09-29"
"result_level","5-529304297","a total of five seed laboratories were operated | seed laboratories operated","output","v3-metric-candidate","2026-09-29"
"result_level","5-529304297","number of agro-dealers increased to over 600 in the beira and nacala corridor | agro-dealers","output","v3-metric-candidate","2026-09-29"
"result_level","5-529304297","five solar cold rooms | solar cold rooms","output","v3-metric-candidate","2026-09-29"
"result_level","5-529304297","2 ovens for fish drying | ovens for fish drying","output","v3-metric-candidate","2026-09-29"
"result_level","5-529304297","number of enterprise grants implemented = 56 (target 300). | enterprise grants implemented","output","v3-metric-candidate","2026-09-29"
"subsector type","7-809569049","community decision-making / climate information uptake | strengthening of community decision-making through ngos and climate risk and adaptation facilitators (crafs); household and ward assessments","cross cutting","v3-metric-candidate","2026-09-29"
"subsector type","7-809569049","land and water management | rehabilitation and maintenance of secondary and ancillary canals (community cash-for-works and maintenance arrangements)","land use","v3-metric-candidate","2026-09-29"
"subsector type","7-809569049","water resources; small-scale irrigation | development of boreholes and construction of irrigation schemes","farming system-crop","v3-metric-candidate","2026-09-29"
"subsector type","7-809569049","irrigation infrastructure | construction of small-scale irrigation schemes","farming system-crop","v3-metric-candidate","2026-09-29"
"target_beneficiary","24-115445661","approximately 71 percent of communities developed decision‑making capacity and applied climate information to adapt to longer-term climate change and variability.","community","v3-metric-candidate","2026-09-29"
"target_beneficiary","24-115445661","138 boreholes had been developed out of the 158","NOT STATED","v3-metric-candidate","2026-09-29"
